player,year,K,BB,RBI,TB,SB,G,R,Fpoints,fpoints_g
"Soto, Juan",2020,28,41,37,107,5,47,39,201,4.276595744680851
"Freeman, Freddie",2020,37,45,53,137,2,60,51,251,4.183333333333334
"Yelich, Christian",2019,118,80,97,328,30,130,100,517,3.976923076923077
"Rendon, Anthony",2019,86,80,126,326,5,146,117,568,3.8904109589041096
"Judge, Aaron",2022,175,111,131,391,16,157,133,607,3.8662420382165603
"Trout, Mike",2019,120,110,104,303,11,134,110,518,3.8656716417910446
"Bregman, Alex",2019,83,119,112,328,5,156,122,603,3.8653846153846154
"Ramirez, Jose",2020,43,31,46,133,10,58,45,222,3.8275862068965516
"Bellinger, Cody",2019,108,95,115,351,15,156,121,589,3.7756410256410255
"Turner, Trea",2020,36,22,41,137,11,59,46,221,3.7457627118644066
"Betts, Mookie",2020,38,24,39,123,10,55,47,205,3.727272727272727
"LeMahieu, DJ",2020,21,18,27,115,3,50,41,183,3.66
"Ozuna, Marcell",2020,60,38,56,145,0,60,38,217,3.6166666666666667
"Machado, Manny",2020,37,26,47,130,6,60,44,216,3.6
"Betts, Mookie",2019,101,97,80,313,16,150,135,540,3.6
"Guerrero Jr., Vladimir",2021,110,86,111,363,4,161,123,577,3.5838509316770186
"Springer III, George",2019,113,67,96,283,6,122,96,435,3.5655737704918034
"Soto, Juan",2021,93,145,95,268,9,151,111,535,3.543046357615894
"Seager, Corey",2020,37,17,41,124,1,52,38,184,3.5384615384615383
"Trout, Mike",2020,56,35,46,120,1,53,41,187,3.5283018867924527
"Abreu, Jose",2020,59,18,60,148,0,60,43,210,3.5
"Marte, Ketel",2019,86,53,92,337,10,144,97,503,3.4930555555555554
"Devers, Rafael",2019,119,48,115,359,8,156,129,540,3.4615384615384617
"Arenado, Nolan",2019,93,62,118,343,3,155,102,535,3.4516129032258065
"Ramirez, Jose",2021,87,72,103,297,27,152,111,523,3.4407894736842106
"Semien, Marcus",2019,102,87,92,343,10,162,123,553,3.4135802469135803
"Bogaerts, Xander",2019,122,76,117,341,4,155,110,526,3.393548387096774
"Tatis Jr., Fernando",2020,61,27,45,128,11,59,50,200,3.389830508474576
"Ramirez, Jose",2022,82,69,126,309,20,157,90,532,3.388535031847134
"Cruz Jr., Nelson",2019,131,56,108,290,0,120,81,404,3.3666666666666667
"Soto, Juan",2019,132,108,110,297,12,150,110,505,3.3666666666666667
"Blackmon, Charlie",2019,104,40,86,334,2,140,112,470,3.357142857142857
"Alvarez, Yordan",2022,106,78,97,288,1,135,95,453,3.3555555555555556
"Acuna Jr., Ronald",2020,60,38,29,93,8,46,46,154,3.347826086956522
"Freeman, Freddie",2019,127,87,121,328,6,158,113,528,3.3417721518987342
"LeMahieu, DJ",2019,90,46,102,312,5,145,109,484,3.3379310344827586
"Voit III, Luke",2020,54,17,52,130,0,56,41,186,3.3214285714285716
"Freeman, Freddie",2022,102,84,100,313,13,159,117,525,3.30188679245283
"Harper, Bryce",2021,134,100,84,300,13,141,101,464,3.2907801418439715
"Betts, Mookie",2022,104,55,82,305,12,142,117,467,3.288732394366197
"Harper, Bryce",2020,43,49,33,103,7,58,41,190,3.2758620689655173
"Gurriel, Yuli",2019,65,37,104,305,5,144,85,471,3.2708333333333335
"Bell, Josh",2019,118,74,116,300,0,143,94,466,3.2587412587412588
"Altuve, Jose",2019,82,41,74,275,6,124,89,403,3.25
"Altuve, Jose",2021,91,66,83,294,5,146,117,474,3.2465753424657535
"Tatis Jr., Fernando",2021,153,62,97,292,25,130,99,422,3.246153846153846
"Goldschmidt, Paul",2022,141,79,115,324,7,151,106,490,3.2450331125827816
"Lindor, Francisco",2019,98,46,74,310,22,143,101,455,3.1818181818181817
"Olson, Matt",2021,113,88,111,305,4,156,101,496,3.1794871794871793
"Santana, Carlos",2019,108,108,93,295,4,158,110,502,3.1772151898734178
"Kepler, Max",2019,99,60,90,272,1,134,98,422,3.1492537313432836
"Turner, Trea",2021,110,41,77,319,32,148,107,466,3.1486486486486487
"Martinez, J.D.",2019,138,72,105,320,2,146,98,459,3.143835616438356
"Altuve, Jose",2022,87,66,57,281,18,141,103,438,3.106382978723404
"Semien, Marcus",2021,146,66,102,351,15,162,115,503,3.1049382716049383
"Tucker, Kyle",2021,90,53,92,282,14,140,83,434,3.1
"Springer III, George",2020,38,24,32,102,1,51,37,158,3.0980392156862746
"Rendon, Anthony",2020,31,38,31,94,0,52,29,161,3.0961538461538463
"Arenado, Nolan",2022,72,52,103,297,5,148,73,458,3.0945945945945947
"Turner, Trea",2019,113,43,57,259,35,122,96,377,3.0901639344262297
"Freeman, Freddie",2021,107,85,83,302,8,159,120,491,3.088050314465409
"Marte, Starling",2019,94,25,82,271,25,132,97,406,3.0757575757575757
"Brantley Jr., Michael",2019,66,51,90,289,3,148,88,455,3.074324324324324
"Castellanos, Nick",2021,121,41,100,306,3,138,95,424,3.072463768115942
"Rosario, Eddie",2019,86,22,109,281,3,137,91,420,3.065693430656934
"Acuna Jr., Ronald",2019,188,76,101,324,37,156,127,477,3.0576923076923075
"Betts, Mookie",2021,86,68,58,227,10,122,93,370,3.0327868852459017
"Rizzo, Anthony",2019,86,71,94,266,5,146,89,439,3.006849315068493
"Alonso, Pete",2022,128,67,131,309,5,160,95,479,2.99375
"Machado, Manny",2022,133,63,102,307,9,150,100,448,2.986666666666667
"Ramirez, Jose",2019,74,52,83,231,24,129,68,384,2.9767441860465116
"Yastrzemski, Mike",2020,55,30,35,109,2,54,39,160,2.962962962962963
"McNeil, Jeff",2019,75,35,75,271,5,133,83,394,2.962406015037594
"Story, Trevor",2019,174,58,85,326,23,145,111,429,2.9586206896551723
"Smith, Dominic",2020,45,14,42,109,0,50,27,147,2.94
"Ohtani, Shohei",2021,189,96,100,318,26,155,103,454,2.9290322580645163
"Escobar, Eduardo",2019,130,50,118,325,5,158,94,462,2.9240506329113924
"Devers, Rafael",2021,143,62,113,318,5,156,101,456,2.923076923076923
"Machado, Manny",2021,102,63,106,276,12,153,92,447,2.9215686274509802
"Meadows, Austin",2019,131,54,89,296,12,138,83,403,2.920289855072464
"Albies, Ozzie",2021,128,47,106,307,20,156,103,455,2.9166666666666665
"La Stella, Tommy",2020,12,27,25,88,1,55,31,160,2.909090909090909
"Marte, Starling",2021,99,43,55,214,47,120,89,349,2.908333333333333
"Votto, Joey",2021,127,77,99,252,1,129,73,375,2.9069767441860463
"Albies, Ozzie",2019,112,54,86,320,15,160,102,465,2.90625
"Bichette, Bo",2021,137,40,102,310,25,159,121,461,2.89937106918239
"Mancini III, Trey",2019,143,63,97,322,1,154,106,446,2.896103896103896
"Muncy, Max",2021,120,83,94,262,2,144,95,416,2.888888888888889
"Bregman, Alex",2022,77,87,93,249,1,155,93,446,2.8774193548387097
"Polanco, Jorge",2019,116,60,79,306,4,153,107,440,2.8758169934640523
"Goldschmidt, Paul",2021,136,67,99,310,12,158,102,454,2.8734177215189876
"Myers, Wil",2020,56,18,40,120,2,55,34,158,2.8727272727272726
"Correa, Carlos",2021,116,75,92,269,0,148,104,424,2.864864864864865
"Alonso, Pete",2019,183,72,120,348,1,161,103,461,2.8633540372670807
"Anderson, Tim",2020,50,10,21,110,4,49,45,140,2.857142857142857
"Soto, Juan",2022,96,135,62,237,6,153,93,437,2.8562091503267975
"Calhoun, Kole",2020,50,28,40,100,1,54,35,154,2.8518518518518516
"Tucker, Kyle",2022,95,59,107,260,25,150,71,427,2.8466666666666667
"Devers, Rafael",2022,114,50,88,289,3,141,84,400,2.8368794326241136
"Polanco, Jorge",2021,118,45,98,296,11,152,97,429,2.8223684210526314
"Springer III, George",2022,100,54,76,242,14,133,89,375,2.819548872180451
"Gregorius, Didi",2020,28,15,40,105,3,60,34,169,2.816666666666667
"Rosario, Eddie",2020,34,19,42,100,2,57,31,160,2.807017543859649
"Gurriel, Yuli",2021,68,59,81,245,1,143,83,401,2.804195804195804
"Harper, Bryce",2019,178,99,114,292,15,157,98,440,2.8025477707006368
"Muncy, Max",2019,149,90,98,251,4,141,101,395,2.801418439716312
"Story, Trevor",2020,63,24,28,122,13,59,41,165,2.7966101694915255
"Tucker, Kyle",2020,46,18,42,107,8,58,33,162,2.793103448275862
"Torres, Gleyber",2019,129,48,90,292,5,144,96,402,2.7916666666666665
"Turner, Trea",2022,131,45,100,304,27,160,101,446,2.7875
"Seager, Kyle",2020,33,32,40,88,5,60,35,167,2.783333333333333
"Crawford, Brandon",2021,105,56,90,252,11,138,79,383,2.7753623188405796
"Arenado, Nolan",2021,96,50,105,293,2,157,81,435,2.770700636942675
"Hernandez, Teoscar",2021,148,36,116,288,12,143,92,396,2.769230769230769
"Guerrero Jr., Vladimir",2022,116,58,97,306,8,160,90,443,2.76875
"Merrifield, Whit",2020,33,12,30,109,10,60,38,166,2.7666666666666666
"Judge, Aaron",2021,158,75,98,299,6,148,89,409,2.7635135135135136
"Moustakas, Mike",2019,98,53,87,270,3,143,80,395,2.762237762237762
"Ozuna, Marcell",2019,114,62,89,229,12,130,80,358,2.753846153846154
"Bellinger, Cody",2020,42,30,30,97,6,56,33,154,2.75
"Soler, Jorge",2019,178,73,117,335,3,162,95,445,2.746913580246914
"Reynolds, Bryan",2021,119,75,90,292,5,159,93,436,2.742138364779874
"Donaldson, Josh",2019,155,100,94,286,4,155,96,425,2.7419354838709675
"Fletcher, David",2020,25,20,18,88,2,49,31,134,2.7346938775510203
"Bogaerts, Xander",2020,41,21,28,102,7,56,36,153,2.732142857142857
"Bryant, Kris",2019,145,74,77,283,4,147,108,401,2.727891156462585
"Cruz Jr., Nelson",2020,58,25,33,110,0,53,33,143,2.69811320754717
"Alvarez, Yordan",2021,145,50,104,285,1,144,92,387,2.6875
"Conforto, Michael",2020,57,24,31,104,3,54,40,145,2.685185185185185
"Mullins II, Cedric",2021,125,59,59,312,30,159,91,426,2.6792452830188678
"Lowe, Brandon",2020,58,25,37,107,3,56,36,150,2.6785714285714284
"Olson, Matt",2019,138,51,91,263,0,127,73,340,2.677165354330709
"Merrifield, Whit",2019,126,45,74,315,20,162,105,433,2.6728395061728394
"Lindor, Francisco",2022,133,59,107,283,16,161,98,430,2.670807453416149
"Bogaerts, Xander",2021,113,62,79,261,5,144,90,384,2.6666666666666665
"Seager, Corey",2022,103,58,83,270,3,151,91,402,2.662251655629139
"Chapman, Matt",2019,147,73,91,295,1,156,102,415,2.66025641025641
"Hernandez, Teoscar",2020,63,14,34,110,5,50,33,133,2.66
"Alonso, Pete",2021,127,60,94,291,3,152,81,402,2.6447368421052633
"Martinez, J.D.",2021,150,55,99,295,0,148,92,391,2.641891891891892
"Pham, Tommy",2019,123,81,68,255,25,145,77,383,2.6413793103448278
"Turner, Justin",2019,88,51,67,244,2,135,80,356,2.637037037037037
"Semien, Marcus",2022,120,53,83,282,25,161,101,424,2.6335403726708075
"Kwan, Steven",2022,60,62,52,225,19,147,89,387,2.63265306122449
"Aguilar, Jesus",2020,40,23,34,86,0,51,31,134,2.627450980392157
"Seager, Corey",2019,98,44,87,236,1,134,82,352,2.626865671641791
"Anderson, Tim",2021,119,22,61,247,18,123,94,323,2.6260162601626016
"Arraez, Luis",2022,43,50,49,230,4,144,88,378,2.625
"Castellanos, Nick",2019,143,41,73,323,2,151,100,396,2.622516556291391
"Pollock, AJ",2020,45,12,34,111,2,55,30,144,2.618181818181818
"Ohtani, Shohei",2022,161,72,95,304,11,157,90,411,2.6178343949044587
"Conforto, Michael",2019,149,84,92,271,7,151,90,395,2.615894039735099
"Rizzo, Anthony",2022,101,58,75,223,6,130,77,338,2.6
"Cronenworth, Jake",2021,90,55,71,261,4,152,94,395,2.598684210526316
"Abreu, Jose",2019,152,36,123,319,2,159,85,413,2.59748427672956
"Realmuto, J.T.",2020,48,16,32,85,4,47,33,122,2.595744680851064
"Abreu, Jose",2021,143,61,117,272,1,152,86,394,2.5921052631578947
"Turner, Justin",2021,98,61,87,251,3,151,87,391,2.589403973509934
"Flores, Wilmer",2020,36,13,32,102,1,55,30,142,2.581818181818182
"Grichuk, Randal",2020,49,13,35,104,1,55,38,142,2.581818181818182
"Jimenez, Eloy",2020,56,12,41,119,0,55,26,142,2.581818181818182
"Lowe, Brandon",2021,167,68,99,280,7,149,97,384,2.577181208053691
"Marte, Starling",2022,97,26,63,218,18,118,76,304,2.5762711864406778
"Pujols, Albert",2019,68,43,93,211,3,131,55,337,2.572519083969466
"Smith, Will",2022,96,56,87,236,1,137,68,352,2.5693430656934306
"Rodriguez, Julio",2022,145,40,75,260,25,132,84,339,2.5681818181818183
"Brantley Jr., Michael",2020,28,17,22,81,2,46,24,118,2.5652173913043477
"Arenado, Nolan",2020,20,15,26,79,0,48,23,123,2.5625
"Moncada, Yoan",2019,154,40,79,280,10,132,83,338,2.5606060606060606
"Gardner, Brett",2019,108,52,74,247,10,141,86,361,2.5602836879432624
"Meadows, Austin",2021,122,59,106,237,4,142,79,363,2.556338028169014
"Diaz, Yandy",2022,60,78,57,200,3,137,71,349,2.5474452554744524
"Anderson, Tim",2019,109,15,56,253,17,123,81,313,2.5447154471544717
"Biggio, Cavan",2020,61,41,28,95,6,59,41,150,2.542372881355932
"Suarez, Eugenio",2019,189,70,103,329,3,159,87,403,2.5345911949685536
"Guerrero Jr., Vladimir",2020,38,20,33,102,1,60,34,152,2.533333333333333
"Realmuto, J.T.",2019,123,41,83,265,9,145,92,367,2.5310344827586206
"Merrifield, Whit",2021,103,40,74,262,40,162,97,410,2.5308641975308643
"Haniger, Mitch",2021,169,54,100,301,1,157,110,397,2.5286624203821657
"Bell, Josh",2021,101,65,88,237,0,144,75,364,2.5277777777777777
"Blackmon, Charlie",2020,44,19,42,99,2,59,31,149,2.5254237288135593
"Perez, Salvador",2021,170,28,121,337,1,161,88,405,2.515527950310559
"Newman, Kevin",2019,62,28,64,220,16,130,61,327,2.5153846153846153
"Riley, Austin",2022,168,57,93,325,2,159,90,399,2.509433962264151
"Renfroe, Hunter",2021,130,44,96,261,1,144,89,361,2.5069444444444446
"Segura, Jean",2021,78,39,58,224,9,131,76,328,2.50381679389313
"Cron, C.J.",2021,117,60,92,249,1,142,70,355,2.5
"Swanson, Dansby",2020,71,22,35,110,5,60,49,150,2.5
"Brantley Jr., Michael",2021,53,33,47,205,1,121,68,301,2.487603305785124
"Cruz Jr., Nelson",2021,126,51,86,255,3,140,79,348,2.4857142857142858
"Drury, Brandon",2022,126,38,87,255,2,138,87,343,2.4855072463768115
"Nimmo, Brandon",2022,116,71,64,251,3,151,102,375,2.4834437086092715
"Walker, Christian",2022,131,69,94,278,2,160,84,396,2.475
"Gurriel Jr., Lourdes",2020,48,14,33,111,3,57,28,141,2.473684210526316
"Villar, Jonathan",2019,176,61,73,291,40,162,111,400,2.4691358024691357
"Riley, Austin",2021,168,52,107,313,0,160,91,395,2.46875
"Realmuto, J.T.",2022,119,41,84,241,21,139,75,343,2.4676258992805757
"Pillar, Kevin",2020,41,13,26,96,5,54,34,133,2.462962962962963
"Schwarber, Kyle",2022,200,86,94,291,10,155,100,381,2.458064516129032
"Baez, Javier",2019,156,28,85,282,11,138,89,339,2.4565217391304346
"Dozier, Hunter",2019,148,55,84,273,2,139,75,341,2.4532374100719423
"Bichette, Bo",2022,155,41,93,306,13,159,91,389,2.4465408805031448
"Goldschmidt, Paul",2019,166,78,97,284,3,161,97,393,2.440993788819876
"Walker, Christian",2020,50,19,34,100,1,57,35,139,2.43859649122807
"Eaton, Adam",2019,106,65,49,242,15,151,103,368,2.437086092715232
"Andrus, Elvis",2019,96,34,72,236,31,147,81,358,2.435374149659864
"Reynolds, Bryan",2019,121,46,68,247,3,134,83,326,2.4328358208955225
"McNeil, Jeff",2022,61,40,62,242,4,148,73,360,2.4324324324324325
"Turner, Justin",2022,89,50,81,205,3,128,61,311,2.4296875
"Story, Trevor",2021,139,53,75,248,20,142,88,345,2.4295774647887325
"Machado, Manny",2019,128,65,85,271,5,156,81,379,2.4294871794871793
"Votto, Joey",2020,43,37,22,83,0,54,32,131,2.425925925925926
"Grandal, Yasmani",2019,139,109,77,240,5,153,79,371,2.4248366013071894
"Grisham, Trent",2020,64,31,26,98,10,59,42,143,2.4237288135593222
"McCutchen, Andrew",2020,48,22,34,94,4,57,32,138,2.4210526315789473
"Abreu, Jose",2022,110,62,75,268,0,157,85,380,2.4203821656050954
"Hernandez, Enrique",2021,110,61,60,228,1,134,84,324,2.417910447761194
"Segura, Jean",2019,73,30,60,242,10,144,79,348,2.4166666666666665
"Cabrera, Asdrubal",2019,103,57,91,197,4,131,69,315,2.404580152671756
"Escobar, Eduardo",2021,124,48,90,259,1,146,77,351,2.404109589041096
"Lindor, Francisco",2020,41,24,27,98,6,60,30,144,2.4
"Nimmo, Brandon",2020,43,33,18,90,1,55,33,132,2.4
"Olson, Matt",2022,170,75,103,294,0,162,86,388,2.3950617283950617
"Schwarber, Kyle",2019,156,70,92,281,2,155,82,371,2.393548387096774
"Bogaerts, Xander",2022,118,57,73,254,8,150,84,358,2.3866666666666667
"Donaldson, Josh",2021,114,74,72,217,0,135,73,322,2.3851851851851853
"Candelario, Jeimer",2020,49,20,29,93,1,52,30,124,2.3846153846153846
"Santana, Danny",2019,151,25,81,253,21,130,81,310,2.3846153846153846
"Bryant, Kris",2021,135,62,73,247,10,144,86,343,2.3819444444444446
"Santander, Anthony",2022,122,55,89,261,0,152,78,361,2.375
"Adames, Willy",2022,166,49,98,258,8,139,83,330,2.3741007194244603
"Stanton, Giancarlo",2021,157,63,97,263,0,139,64,330,2.3741007194244603
"LeMahieu, DJ",2022,71,67,46,176,4,125,74,296,2.368
"Franco, Maikel",2020,38,16,38,102,1,60,23,142,2.3666666666666667
"Verdugo, Alex",2021,96,51,63,232,6,146,88,344,2.356164383561644
"Kepler, Max",2020,36,22,23,75,2,48,27,113,2.3541666666666665
"India, Jonathan",2021,141,71,69,244,12,150,98,353,2.3533333333333335
"Lindor, Francisco",2021,96,58,63,186,10,125,73,294,2.352
"France, Ty",2022,94,35,83,240,0,140,65,329,2.35
"Ward, Taylor",2022,120,60,65,234,5,135,73,317,2.348148148148148
"O'Neill, Tyler",2021,168,38,80,270,15,138,89,324,2.347826086956522
"Pillar, Kevin",2019,89,18,88,264,14,161,83,378,2.347826086956522
"Hoskins, Rhys",2019,173,116,85,259,2,160,86,375,2.34375
"Correa, Carlos",2022,121,61,64,244,0,136,70,318,2.338235294117647
"Fletcher, David",2019,64,55,49,229,8,154,83,360,2.3376623376623376
"Walsh, Jared",2021,152,48,98,270,2,144,70,336,2.3333333333333335
"Santana, Carlos",2020,43,47,30,72,0,60,34,140,2.3333333333333335
"Hicks, Aaron",2020,38,41,21,70,4,54,28,126,2.3333333333333335
"Devers, Rafael",2020,67,13,43,112,0,57,32,133,2.3333333333333335
"Marte, Starling",2020,41,12,27,98,10,61,36,142,2.3278688524590163
"Jimenez, Eloy",2019,134,30,79,240,0,122,69,284,2.3278688524590163
"Goldschmidt, Paul",2020,43,37,21,89,0,58,31,135,2.3275862068965516
"McNeil, Jeff",2020,24,20,23,83,0,52,19,121,2.326923076923077
"Kirk, Alejandro",2022,58,63,63,195,0,139,59,322,2.316546762589928
"France, Ty",2021,106,46,73,254,0,152,85,352,2.3157894736842106
"Alonso, Pete",2020,61,24,35,102,1,57,31,132,2.3157894736842106
"Edman, Tommy",2021,95,38,56,248,30,159,91,368,2.3144654088050314
"Bell, Josh",2022,102,81,71,233,0,156,78,361,2.3141025641025643
"Puig, Yasiel",2019,133,44,84,254,19,149,76,344,2.3087248322147653
"Verdugo, Alex",2020,45,17,15,96,3,53,36,122,2.30188679245283
"Aguilar, Jesus",2021,93,46,93,206,0,131,49,301,2.2977099236641223
"Rizzo, Anthony",2021,87,52,61,218,6,141,73,323,2.2907801418439715
"Renfroe, Hunter",2022,121,39,72,233,1,125,62,286,2.288
"Edman, Tommy",2022,111,46,57,231,32,153,95,350,2.287581699346405
"Verdugo, Alex",2022,86,42,74,240,1,152,75,346,2.276315789473684
"Pederson, Joc",2019,111,50,74,242,1,149,83,339,2.2751677852348995
"Grossman, Robbie",2020,38,21,23,80,7,51,23,116,2.2745098039215685
"Frazier, Adam",2021,69,48,43,237,10,155,83,352,2.270967741935484
"McCutchen, Andrew",2021,132,81,80,214,6,144,78,327,2.2708333333333335
"Cabrera, Asdrubal",2020,40,19,31,85,0,52,23,118,2.269230769230769
"Acuna Jr., Ronald",2022,126,53,50,193,29,119,71,270,2.26890756302521
"Witt Jr., Bobby",2022,135,30,80,253,30,150,82,340,2.2666666666666666
"LeMahieu, DJ",2021,94,73,57,216,4,150,84,340,2.2666666666666666
"Duvall, Adam",2020,54,15,33,101,0,57,34,129,2.263157894736842
"Mullins II, Cedric",2022,126,47,64,245,34,156,89,353,2.2628205128205128
"Rosario, Amed",2022,111,25,71,257,18,153,86,346,2.261437908496732
"Swanson, Dansby",2022,182,49,96,286,18,162,99,366,2.259259259259259
"Garcia, Avisail",2021,121,38,86,226,8,135,68,305,2.259259259259259
"Guerrero Jr., Vladimir",2019,91,46,69,201,0,123,52,277,2.252032520325203
"Arozarena, Randy",2022,156,46,89,261,32,153,72,344,2.2483660130718954
"Benintendi, Andrew",2021,97,36,73,218,8,134,63,301,2.246268656716418
"Hoerner, Nico",2022,57,28,55,197,20,135,60,303,2.2444444444444445
"Hays, Austin",2021,107,28,71,225,4,131,73,294,2.2442748091603053
"Tellez, Rowdy",2022,121,62,89,244,2,153,67,343,2.241830065359477
"Canha, Mark",2021,128,77,61,201,12,141,93,316,2.2411347517730498
"Alberto, Hanser",2020,30,5,22,86,3,54,35,121,2.240740740740741
"DeJong, Paul",2019,149,62,78,259,9,159,97,356,2.238993710691824
"Choo, Shin-Soo",2019,165,78,61,256,15,151,93,338,2.23841059602649
"Grossman, Robbie",2021,155,98,67,231,20,156,88,349,2.2371794871794872
"Profar, Jurickson",2022,103,73,58,225,5,152,82,340,2.236842105263158
"Swanson, Dansby",2019,124,51,65,204,10,127,77,283,2.2283464566929134
"Garcia, Adolis",2022,183,40,101,276,25,156,88,347,2.2243589743589745
"Ahmed, Nick",2019,113,52,82,243,8,158,79,351,2.221518987341772
"Voit III, Luke",2019,142,71,62,199,0,118,72,262,2.2203389830508473
"Schoop, Jonathan",2021,133,37,84,271,2,156,85,346,2.217948717948718
"Heyward, Jason",2019,110,68,62,220,8,147,78,326,2.2176870748299318
"Profar, Jurickson",2020,28,15,25,77,7,56,28,124,2.2142857142857144
"Taylor, Chris",2020,55,26,32,88,3,56,30,124,2.2142857142857144
"Arozarena, Randy",2021,170,56,69,243,20,141,94,312,2.2127659574468086
"Calhoun, Kole",2019,162,70,74,258,4,152,92,336,2.210526315789474
"Garcia, Avisail",2019,125,31,72,227,10,125,61,276,2.208
"Blackmon, Charlie",2021,91,54,78,211,3,150,76,331,2.2066666666666666
"Cronenworth, Jake",2020,30,18,20,82,3,54,26,119,2.2037037037037037
"Canha, Mark",2020,54,37,33,78,4,59,32,130,2.2033898305084745
"Vazquez, Christian",2019,101,33,72,230,4,138,66,304,2.2028985507246377
"Braun, Ryan",2019,105,34,75,232,11,144,70,317,2.201388888888889
"Rojas, Josh",2022,98,55,56,173,23,125,66,275,2.2
"Gurriel Jr., Lourdes",2021,102,32,84,233,1,141,62,310,2.198581560283688
"Lowe, Nathaniel",2022,147,48,76,292,2,157,74,345,2.1974522292993632
"Cronenworth, Jake",2022,131,70,88,229,3,158,88,347,2.1962025316455698
"Cron, C.J.",2022,164,43,102,269,0,150,79,329,2.1933333333333334
"Gordon, Alex",2019,100,51,76,220,5,150,77,329,2.1933333333333334
"Suarez, Eugenio",2020,67,30,38,93,2,57,29,125,2.192982456140351
"Rizzo, Anthony",2020,38,28,24,84,3,58,26,127,2.189655172413793
"Crawford, J.P.",2020,39,23,24,69,6,53,33,116,2.188679245283019
"Benintendi, Andrew",2019,140,59,68,233,10,138,72,302,2.1884057971014492
"Alberto, Hanser",2019,50,16,51,221,4,139,62,304,2.1870503597122304
"Hernandez, Cesar",2019,100,45,71,250,9,161,77,352,2.186335403726708
"Torres, Gleyber",2022,129,39,76,237,10,140,73,306,2.1857142857142855
"Bradley Jr., Jackie",2020,48,23,22,86,5,55,32,120,2.1818181818181817
"Kipnis, Jason",2019,88,40,65,188,7,121,52,264,2.1818181818181817
"Tapia, Raimel",2021,70,40,50,181,20,133,69,290,2.180451127819549
"Walker, Christian",2019,155,67,73,252,8,152,86,331,2.1776315789473686
"Frazier, Adam",2019,75,40,50,231,5,152,80,331,2.1776315789473686
"Profar, Jurickson",2019,75,48,67,188,9,139,65,302,2.172661870503597
"Diaz, Yandy",2021,85,69,64,180,1,134,62,291,2.171641791044776
"Anderson, Brian",2019,114,44,66,215,5,126,57,273,2.1666666666666665
"Vaughn, Andrew",2022,96,31,76,219,0,134,60,290,2.1641791044776117
"Castro, Starlin",2019,111,28,86,277,2,162,68,350,2.1604938271604937
"Hoskins, Rhys",2022,169,72,79,272,2,156,81,337,2.16025641025641
"Rosario, Amed",2019,124,31,72,266,19,157,75,339,2.159235668789809
"Benintendi, Andrew",2022,77,52,51,184,8,126,54,272,2.1587301587301586
"Happ, Ian",2020,63,30,28,100,1,57,27,123,2.1578947368421053
"Marte, Ketel",2020,21,7,17,74,1,45,19,97,2.1555555555555554
"Rodgers, Brendan",2022,101,46,63,215,0,137,72,295,2.153284671532847
"Mountcastle, Ryan",2021,161,41,89,260,4,144,77,310,2.1527777777777777
"Rojas, Miguel",2021,74,37,48,194,13,132,66,284,2.1515151515151514
"Vazquez, Christian",2020,43,16,23,79,4,47,22,101,2.148936170212766
"Urias, Luis",2021,116,63,75,218,5,150,77,322,2.1466666666666665
"Hernandez, Teoscar",2022,152,34,77,245,6,131,71,281,2.145038167938931
"Candelario, Jeimer",2021,135,65,67,247,0,149,75,319,2.140939597315436
"Cabrera, Miguel",2020,51,24,35,85,1,57,28,122,2.1403508771929824
"Seager, Kyle",2021,161,59,101,264,3,159,73,339,2.1320754716981134
"Blackmon, Charlie",2022,109,32,78,222,4,135,60,287,2.1259259259259258
"McMahon, Ryan",2021,147,59,86,237,6,151,80,321,2.1258278145695364
"Reynolds, Bryan",2022,141,56,62,250,7,145,74,308,2.1241379310344826
"Lewis, Kyle",2020,71,34,28,90,5,58,37,123,2.1206896551724137
"Castellanos, Nick",2020,69,19,34,106,0,60,37,127,2.1166666666666667
"Ramos, Wilson",2019,69,44,73,197,1,141,52,298,2.1134751773049647
"Votto, Joey",2019,123,76,47,216,5,142,79,300,2.112676056338028
"Segura, Jean",2020,45,23,25,81,2,54,28,114,2.111111111111111
"Adames, Willy",2021,156,57,73,239,5,140,77,295,2.107142857142857
"Muncy, Max",2020,60,39,27,79,1,58,36,122,2.103448275862069
"Nunez, Renato",2020,64,17,31,96,0,52,29,109,2.0961538461538463
"Gimenez, Andres",2022,112,34,69,229,20,146,66,306,2.095890410958904
"Wong, Kolten",2019,83,47,59,202,24,148,61,310,2.0945945945945947
"Estrada, Thairo",2022,89,33,62,195,21,140,71,293,2.092857142857143
"Yelich, Christian",2020,76,46,22,86,4,58,39,121,2.086206896551724
"Yelich, Christian",2022,162,88,57,220,19,154,99,321,2.0844155844155843
"Reddick, Josh",2019,66,36,56,205,5,141,57,293,2.078014184397163
"Realmuto, J.T.",2021,129,48,73,209,13,134,64,278,2.074626865671642
"Nunez, Renato",2019,143,44,90,249,1,151,72,313,2.0728476821192054
"Harrison, Josh",2021,75,31,60,202,9,138,58,285,2.0652173913043477
"Merrifield, Whit",2022,85,38,58,189,16,139,70,286,2.0575539568345325
"Semien, Marcus",2020,50,25,23,79,4,53,28,109,2.056603773584906
"Vogelbach, Daniel",2019,149,92,76,203,0,144,73,295,2.048611111111111
"Andrus, Elvis",2022,92,39,58,216,18,149,66,305,2.046979865771812
"McCutchen, Andrew",2022,124,57,69,198,8,134,66,274,2.044776119402985
"Grandal, Yasmani",2020,58,30,27,68,0,46,27,94,2.0434782608695654
"Martinez, J.D.",2022,145,52,62,239,0,139,76,284,2.0431654676258995
"Yastrzemski, Mike",2021,131,51,71,214,4,139,75,284,2.0431654676258995
"Duvall, Adam",2021,174,35,113,252,5,146,67,298,2.041095890410959
"Longoria, Evan",2020,39,11,28,82,0,53,26,108,2.0377358490566038
"Peralta, David",2020,45,13,34,88,1,54,19,110,2.037037037037037
"Solano, Donovan",2020,39,10,29,88,0,54,22,110,2.037037037037037
"Marte, Ketel",2022,101,55,52,200,5,137,68,279,2.0364963503649633
"Flores, Wilmer",2022,103,59,71,207,0,151,72,306,2.0264900662251657
"Lopez, Nicky",2021,74,49,43,188,22,151,78,306,2.0264900662251657
"Swanson, Dansby",2021,167,52,88,264,9,160,78,324,2.025
"Varsho, Daulton",2022,145,46,74,235,16,151,79,305,2.019867549668874
"Bohm, Alec",2022,110,31,72,233,2,152,79,307,2.0197368421052633
"Crawford, J.P.",2021,114,58,54,233,3,160,89,323,2.01875
"Gurriel, Yuli",2020,27,12,22,81,0,57,27,115,2.017543859649123
"Hernandez, Cesar",2020,57,24,20,95,0,58,35,117,2.0172413793103448
"Longoria, Evan",2019,112,43,69,198,3,129,59,260,2.0155038759689923
"Mancini III, Trey",2021,143,51,71,240,0,147,77,296,2.0136054421768708
"Baez, Javier",2021,184,28,87,248,18,138,80,277,2.0072463768115942
"Rosario, Amed",2021,120,31,57,225,13,141,77,283,2.00709219858156
"Taylor, Chris",2021,167,63,73,222,13,148,92,296,2
"Altuve, Jose",2020,39,17,18,66,2,48,32,96,2
"Ruiz, Rio",2020,46,17,32,79,1,54,25,108,2
"Ahmed, Nick",2020,46,18,29,80,4,57,29,114,2
"Murphy, Sean",2022,124,56,66,229,1,148,67,295,1.9932432432432432
"Happ, Ian",2022,149,58,72,252,9,158,72,314,1.9873417721518987
"Santana, Carlos",2021,102,86,69,193,2,158,66,314,1.9873417721518987
"Cain, Lorenzo",2019,106,50,48,209,18,148,75,294,1.9864864864864864
"Urshela, Gio",2022,96,41,64,215,1,144,61,286,1.9861111111111112
"Grisham, Trent",2021,119,54,62,191,13,132,61,262,1.9848484848484849
"Tapia, Raimel",2020,38,14,17,74,8,51,26,101,1.9803921568627452
"Rengifo, Luis",2022,79,17,52,210,6,127,45,251,1.9763779527559056
"Kiner-Falefa, Isiah",2021,90,28,53,227,20,158,74,312,1.9746835443037976
"Fletcher, David",2021,60,31,47,203,15,157,74,310,1.9745222929936306
"Rojas, Miguel",2019,62,32,46,183,9,132,52,260,1.9696969696969697
"Grichuk, Randal",2019,163,35,80,268,2,151,75,297,1.966887417218543
"Muncy, Max",2022,141,90,69,178,2,136,69,267,1.963235294117647
"Santana, Carlos",2022,88,71,60,162,0,131,52,257,1.9618320610687023
"Moran, Colin",2020,52,19,23,84,0,52,28,102,1.9615384615384615
"Reyes, Franmil",2019,156,47,81,253,0,150,69,294,1.96
"Soler, Jorge",2021,142,67,70,223,0,149,74,292,1.9597315436241611
"Odor, Rougned",2019,178,52,93,229,11,145,77,284,1.9586206896551723
"Belt, Brandon",2019,127,83,57,212,4,156,76,305,1.955128205128205
"Robles, Victor",2019,140,35,65,229,28,155,86,303,1.9548387096774194
"Gallo, Joey",2021,213,111,77,228,6,153,90,299,1.9542483660130718
"Hernandez, Cesar",2021,135,59,62,220,1,149,84,291,1.9530201342281879
"Hosmer, Eric",2019,163,40,99,263,0,160,72,311,1.94375
"Canha, Mark",2022,97,48,61,186,3,140,71,272,1.9428571428571428
"Dickerson, Corey",2020,35,15,17,78,1,52,25,101,1.9423076923076923
"Jones, Adam",2019,101,31,67,201,2,137,66,266,1.9416058394160585
"Moncada, Yoan",2021,157,84,61,214,3,144,74,279,1.9375
"Straw, Myles",2021,121,67,48,196,30,158,86,306,1.9367088607594938
"Lowe, Nathaniel",2021,162,80,72,231,8,157,75,304,1.9363057324840764
"Olson, Matt",2020,77,34,42,89,0,60,28,116,1.9333333333333333
"Carlson, Dylan",2021,152,57,65,237,2,149,79,288,1.9328859060402686
"Anderson, Brian",2020,66,22,38,93,0,59,27,114,1.9322033898305084
"Dozier, Hunter",2020,48,27,12,62,3,44,29,85,1.9318181818181819
"Iglesias, Jose",2019,70,20,59,205,6,146,62,282,1.9315068493150684
"Suarez, Eugenio",2022,196,73,87,249,0,150,76,289,1.9266666666666667
"McMahon, Ryan",2019,160,56,83,216,5,141,70,270,1.9148936170212767
"Garcia, Adolis",2021,194,32,90,264,16,149,77,285,1.912751677852349
"Robert Jr., Luis",2020,73,20,31,88,8,56,33,107,1.9107142857142858
"Farmer, Kyle",2022,99,33,78,203,4,145,58,277,1.910344827586207
"Crawford, Brandon",2020,47,15,28,80,1,54,26,103,1.9074074074074074
"Mountcastle, Ryan",2022,154,43,85,235,4,145,62,275,1.896551724137931
"Chapman, Matt",2022,170,68,76,233,2,155,83,292,1.8838709677419354
"Riley, Austin",2020,49,16,27,78,0,51,24,96,1.8823529411764706
"Reyes, Franmil",2020,69,24,34,95,0,59,27,111,1.88135593220339
"Pena, Jeremy",2022,135,22,63,222,11,136,72,255,1.875
"Chisholm Jr., Jazz",2021,145,34,53,197,23,124,70,232,1.8709677419354838
"Mondesi, Adalberto",2020,70,11,22,91,23,59,33,110,1.8644067796610169
"Santana, Domingo",2019,164,50,69,199,8,121,63,225,1.859504132231405
"Hays, Austin",2022,114,34,60,221,2,145,66,269,1.8551724137931034
"Kim, Ha-Seong",2022,100,51,59,198,12,150,58,278,1.8533333333333333
"Iglesias, Jose",2021,75,21,48,189,5,137,65,253,1.8467153284671534
"Escobar, Eduardo",2022,129,40,69,213,0,136,58,251,1.8455882352941178
"Melendez Jr., MJ",2022,131,66,62,181,2,129,57,237,1.8372093023255813
"Fowler, Dexter",2019,142,74,67,199,8,150,69,275,1.8333333333333333
"Gurriel, Yuli",2022,73,30,53,196,8,146,53,267,1.8287671232876712
"Kiner-Falefa, Isiah",2020,32,14,10,78,8,58,28,106,1.8275862068965518
"Contreras, Willson",2020,57,20,26,77,1,57,37,104,1.8245614035087718
"Galvis, Freddy",2019,145,28,70,244,4,147,67,268,1.8231292517006803
"Crawford, J.P.",2022,80,68,42,174,3,145,57,264,1.8206896551724139
"Edman, Tommy",2020,48,16,26,75,2,55,29,100,1.8181818181818181
"Peralta, David",2021,92,46,63,196,2,150,57,272,1.8133333333333332
"Wong, Kolten",2020,30,20,16,59,5,53,26,96,1.8113207547169812
"Solak, Nick",2020,42,18,23,72,7,58,27,105,1.8103448275862069
"Kiner-Falefa, Isiah",2022,72,35,48,158,22,142,66,257,1.8098591549295775
"Hosmer, Eric",2021,99,48,65,201,5,151,53,273,1.8079470198675496
"Grichuk, Randal",2021,114,27,81,216,0,149,59,269,1.8053691275167785
"Torres, Gleyber",2021,104,50,51,168,14,127,50,229,1.8031496062992125
"Frazier, Adam",2020,35,17,23,76,1,58,22,104,1.793103448275862
"Winker, Jesse",2022,103,84,53,157,0,136,51,242,1.7794117647058822
"Grichuk, Randal",2022,127,24,73,215,4,140,60,249,1.7785714285714285
"Pham, Tommy",2022,167,56,63,207,8,144,89,256,1.7777777777777777
"Sano, Miguel",2021,183,59,75,219,2,135,68,240,1.7777777777777777
"Lowrie, Jed",2021,108,49,69,182,0,139,55,247,1.776978417266187
"Brown, Seth",2022,146,51,73,222,11,150,55,266,1.7733333333333334
"Garcia, Leury",2019,139,21,40,218,15,140,93,248,1.7714285714285714
"Kemp, Tony",2022,69,45,46,166,11,147,61,260,1.7687074829931972
"Pollock, AJ",2022,98,32,56,190,3,138,61,244,1.7681159420289856
"Polanco, Jorge",2020,35,13,19,74,4,55,22,97,1.7636363636363637
"Martinez, J.D.",2020,59,22,27,82,1,54,22,95,1.7592592592592593
"Smith, Pavin",2021,106,42,49,201,1,145,68,255,1.7586206896551724
"Ozuna, Marcell",2022,122,31,56,194,2,124,56,217,1.75
"Cabrera, Miguel",2021,118,40,75,182,0,130,48,227,1.7461538461538462
"Rojas, Josh",2021,137,58,44,199,9,139,69,242,1.7410071942446044
"Pham, Tommy",2021,128,78,49,182,14,155,74,269,1.735483870967742
"Cabrera, Miguel",2019,108,48,59,196,0,136,41,236,1.7352941176470589
"Suarez, Eugenio",2021,171,56,79,216,0,145,71,251,1.7310344827586206
"McMahon, Ryan",2022,158,60,67,219,7,153,67,262,1.7124183006535947
"Farmer, Kyle",2021,97,22,63,201,2,147,60,251,1.7074829931972788
"Reddick, Josh",2020,42,20,23,71,1,56,22,95,1.6964285714285714
"Bradley Jr., Jackie",2019,155,56,62,208,8,147,69,248,1.6870748299319729
"Smith, Mallex",2019,141,42,37,171,46,134,70,225,1.6791044776119404
"Davis, J.D.",2020,56,31,19,74,0,56,26,94,1.6785714285714286
"Mancini III, Trey",2022,135,53,63,203,0,143,56,240,1.6783216783216783
"Castellanos, Nick",2022,130,29,62,204,7,136,56,228,1.6764705882352942
"Happ, Ian",2021,156,62,66,202,9,148,63,246,1.662162162162162
"Davis, Khris",2019,146,47,73,186,0,133,61,221,1.6616541353383458
"Arcia, Orlando",2020,32,14,20,72,2,59,22,98,1.6610169491525424
"Yastrzemski, Mike",2022,141,61,57,190,5,148,73,245,1.6554054054054055
"Reyes, Victor",2020,45,9,14,79,7,57,30,94,1.6491228070175439
"Adames, Willy",2020,74,20,23,89,2,54,29,89,1.6481481481481481
"Baez, Javier",2022,147,26,67,218,9,144,64,237,1.6458333333333333
"Bellinger, Cody",2022,150,38,68,196,14,144,70,236,1.6388888888888888
"Frazier, Adam",2022,73,46,42,168,11,156,61,255,1.6346153846153846
"Moncada, Yoan",2020,72,28,24,77,0,52,28,85,1.6346153846153846
"Newman, Kevin",2021,41,27,39,160,6,148,50,241,1.6283783783783783
"Solak, Nick",2021,107,34,49,166,7,127,57,206,1.6220472440944882
"Cruz Jr., Nelson",2022,119,49,64,151,4,124,50,199,1.6048387096774193
"Moran, Colin",2019,117,30,80,200,0,149,46,239,1.604026845637584
"Chapman, Matt",2021,202,80,72,213,3,151,75,241,1.596026490066225
"Schwarber, Kyle",2020,66,30,24,75,1,59,30,94,1.5932203389830508
"Thomas, Lane",2022,132,41,52,201,8,146,62,232,1.5890410958904109
"Hayes, Ke'Bryan",2022,122,48,41,174,20,136,55,216,1.588235294117647
"Adames, Willy",2019,153,46,52,222,4,152,69,240,1.5789473684210527
"Donaldson, Josh",2022,148,54,62,179,2,132,59,208,1.5757575757575757
"Wisdom, Patrick",2022,183,53,66,200,8,134,67,211,1.5746268656716418
"Escobar, Eduardo",2020,41,15,20,68,1,54,22,85,1.5740740740740742
"Laureano, Ramon",2020,58,24,25,67,0,54,27,85,1.5740740740740742
"Crawford, Brandon",2019,117,53,59,175,3,147,58,231,1.5714285714285714
"Correa, Carlos",2020,49,16,25,77,0,58,22,91,1.5689655172413792
"Straw, Myles",2022,87,54,32,146,21,152,72,238,1.5657894736842106
"Villar, Jonathan",2021,132,46,42,189,14,142,63,222,1.5633802816901408
"Voit III, Luke",2022,179,55,69,201,1,135,55,202,1.4962962962962962
"Andrus, Elvis",2021,81,31,37,159,12,146,60,218,1.4931506849315068
"Arcia, Orlando",2019,109,43,59,173,8,152,51,225,1.480263157894737
"Hernandez, Cesar",2022,114,45,34,178,10,147,64,217,1.4761904761904763
"Mateo, Jorge",2022,147,27,50,187,35,150,63,215,1.4333333333333333
"Hiura, Keston",2020,85,16,32,89,2,59,30,84,1.423728813559322
"McMahon, Ryan",2020,66,18,26,72,0,52,23,73,1.4038461538461537
"Rojas, Miguel",2022,61,26,36,152,9,140,34,196,1.4
"Sano, Miguel",2020,90,18,25,89,0,53,31,73,1.3773584905660377
"Bell, Josh",2020,59,22,22,71,0,57,22,78,1.368421052631579
"Aguilar, Jesus",2022,119,28,51,176,1,129,39,176,1.3643410852713178
"Dozier, Hunter",2021,154,43,54,192,5,144,55,195,1.3541666666666667
"Reynolds, Bryan",2020,57,21,19,66,1,55,24,74,1.3454545454545455
"Taylor, Michael A.",2021,144,33,54,172,14,142,58,187,1.3169014084507042
"Gonzalez, Marwin",2020,41,17,22,56,0,53,15,69,1.3018867924528301
"Gallo, Joey",2020,79,29,26,73,2,57,23,74,1.2982456140350878
"Sanchez, Carlos",2019,117,44,43,159,5,149,59,193,1.2953020134228188
"Garcia, Avisail",2020,49,20,15,59,1,53,20,66,1.2452830188679245
"Villar, Jonathan",2020,54,19,15,54,16,52,13,63,1.2115384615384615
"Schoop, Jonathan",2022,107,19,38,155,5,131,48,158,1.2061068702290076
"Grisham, Trent",2022,150,57,53,154,7,152,58,179,1.1776315789473684
"Gonzalez, Erik",2020,51,8,20,65,2,50,14,58,1.16
"Baez, Javier",2020,75,7,24,80,3,59,27,66,1.11864406779661
"Robles, Victor",2020,53,9,15,53,4,52,20,48,0.9230769230769231
"Lopez, Nicky",2020,41,18,13,45,0,56,15,50,0.8928571428571429
"White, Evan",2020,84,18,26,63,1,54,19,43,0.7962962962962963
