player,year,player_age,xslg,xwoba,xobp,exit_velocity_avg,launch_angle_avg,sweet_spot_percent,barrel_batted_rate,solidcontact_percent,hard_hit_percent,z_swing_percent,oz_swing_percent,groundballs_percent,flyballs_percent,linedrives_percent,popups_percent,sprint_speed,fpoints_g
"Cruz Jr., Nelson",2022,40,0.512,0.363,0.341,92.9,11.8,31.8,13.6,8.1,52.5,73.8,31,43.4,25.5,22,9.1,26,1.6048387096774193
"Blackmon, Charlie",2022,34,0.45,0.359,0.369,87.6,10.2,32.6,7,3.5,38.5,67.9,26.2,47.4,22.3,24.4,5.9,27.7,2.1259259259259258
"McCutchen, Andrew",2022,34,0.431,0.344,0.352,88.8,14.6,33.6,9,8.4,39.5,63.7,19.1,40.9,30.5,21.6,7,28.7,2.044776119402985
"Turner, Justin",2022,36,0.47,0.359,0.358,90.9,19.2,36.5,7.9,8.6,42.4,66.9,22.7,35.4,33.1,24.5,7,25.5,2.4296875
"Andrus, Elvis",2022,32,0.375,0.308,0.324,87.8,8.1,34,2.1,5.9,34.8,65.9,31.9,47,17.5,28.4,7.1,26.7,2.046979865771812
"Santana, Carlos",2022,35,0.421,0.335,0.345,89.9,12.9,28,6.8,7.1,41.9,66.9,22.6,45.3,26.5,19.2,8.8,24.9,1.9618320610687023
"Gurriel, Yuli",2022,37,0.386,0.326,0.347,89.8,13.4,31,3.4,5.5,42,62.2,26.1,41.6,24.3,25.5,8.6,27,1.8287671232876712
"Rojas, Miguel",2022,32,0.345,0.292,0.308,86.2,11.5,32.4,2.8,4.7,32.9,66.4,26.3,45.6,22,24.3,8,26.6,1.4
"Escobar, Eduardo",2022,32,0.453,0.328,0.31,87,20.8,38,8.9,6.1,34.5,72.2,28.9,33.3,33.3,23,10.3,27.4,1.8455882352941175
"Pham, Tommy",2022,33,0.438,0.35,0.362,90.8,7.6,35.6,10,8.8,47.6,60,16,49.6,21.4,24.8,4.3,27.8,1.7777777777777777
"Martinez, J.D.",2022,33,0.533,0.374,0.352,92.1,16.9,41.2,12.5,10.8,49.4,76.5,33.7,34.1,31.5,28.9,5.4,26.1,2.0431654676258995
"Goldschmidt, Paul",2022,33,0.575,0.397,0.366,92.6,17.1,36.9,13.6,8.3,50.6,64.4,25.2,37.3,31.1,24.6,7,26.2,3.2450331125827816
"Altuve, Jose",2022,31,0.421,0.332,0.339,87.7,15.6,32.1,6.4,6.2,35,66.8,30.3,41,24.6,23.6,10.8,28,3.106382978723404
"Hernandez, Cesar",2022,31,0.386,0.311,0.319,87.4,10.7,32.6,6.8,5,33.2,68.3,26.1,47.3,25.1,23.7,3.9,28.7,1.4761904761904765
"Marte, Starling",2022,32,0.438,0.347,0.354,87.6,4.6,32.6,8.4,4.3,39.6,71,30.2,56.3,16.7,22.9,4,28.4,2.5762711864406778
"Donaldson, Josh",2022,35,0.542,0.388,0.372,94.1,14.6,30.2,17.4,4.8,52.7,70.2,22.6,43.9,28.5,20.5,7.1,24.5,1.5757575757575757
"Freeman, Freddie",2022,31,0.583,0.416,0.41,91.4,12,37.2,11.5,7.1,46.1,77.6,25.7,43.2,28.9,25.1,2.8,27,3.30188679245283
"LeMahieu, DJ",2022,32,0.397,0.34,0.366,90.6,5,33.3,3.7,6.9,43.5,62,20.4,52,18.3,26.8,3,26.5,2.368
"Rizzo, Anthony",2022,31,0.434,0.347,0.356,90.1,14.8,31.4,7.7,5.6,41.1,64.5,29.4,41.3,27.1,23.9,7.7,25.2,2.6
"Aguilar, Jesus",2022,31,0.453,0.334,0.329,89.6,19,34.7,8.5,5.5,41,63.8,27.4,33.3,31.7,26.7,8.3,24.3,1.3643410852713178
"Cron, C.J.",2022,31,0.481,0.364,0.36,88.8,15.8,31.9,11.5,5,42,66.3,30.8,38.7,32.5,21.3,7.6,25.9,2.193333333333334
"Semien, Marcus",2022,30,0.459,0.336,0.32,89.7,20.3,35.2,9.8,8.3,41.3,69.7,21.3,31,36.7,23.2,9,28.6,2.6335403726708075
"Grichuk, Randal",2022,29,0.402,0.297,0.278,89.8,16.1,30.4,8.5,6.2,41.1,73.7,32.4,39.7,29.4,20,11,28.1,1.7785714285714285
"Abreu, Jose",2022,34,0.457,0.349,0.347,92,10.4,31.2,10.2,9.2,49.3,66.7,32.2,47.3,25.6,21.7,5.3,26.5,2.420382165605095
"Suarez, Eugenio",2022,29,0.455,0.326,0.302,89.1,18.3,33,15,3.8,39.8,64.3,23.3,36.3,35.7,20.4,7.7,26.7,1.9266666666666667
"Schoop, Jonathan",2022,29,0.404,0.311,0.305,88.1,10.8,30.1,6.8,4.4,40.2,70.9,35.3,48.4,20.3,21.7,9.6,27,1.2061068702290076
"Arenado, Nolan",2022,30,0.42,0.311,0.308,89,20,34.1,6.7,6.9,37.5,67.4,29,31.3,32.7,24.8,11.1,25.4,3.0945945945945947
"Farmer, Kyle",2022,30,0.383,0.302,0.306,87.2,15.8,36,4.3,5.9,31.9,65.4,35.4,40.8,25.5,25.3,8.4,27,1.910344827586207
"Muncy, Max",2022,30,0.58,0.407,0.387,91.2,15.2,34.9,16.1,8.2,46.6,60.3,15.7,38.6,33.1,22.8,5.6,26.7,1.963235294117647
"Yastrzemski, Mike",2022,30,0.431,0.318,0.309,89.5,19.4,33.1,10.3,7.6,39.3,67.9,23,34.3,35.8,22,7.9,27.3,1.6554054054054057
"Canha, Mark",2022,32,0.378,0.332,0.358,87.3,13.5,36.1,7.1,5.9,35.4,61.4,20.7,42.2,24.4,26,7.4,27.8,1.9428571428571428
"Castellanos, Nick",2022,29,0.535,0.374,0.35,89.8,14,44,10.6,11.5,46.9,78.9,36.2,38,29.1,29.3,3.6,27.6,1.6764705882352942
"Judge, Aaron",2022,29,0.594,0.418,0.394,95.8,11.6,38.5,17.6,9.1,58.4,66.1,23.7,42.1,28,27.2,2.8,27.6,3.86624203821656
"Machado, Manny",2022,28,0.526,0.376,0.363,93.1,14,33.8,13.3,7,52.2,70.2,28.9,39.5,25.4,26.4,8.7,26.4,2.986666666666667
"Realmuto, J.T.",2022,30,0.416,0.329,0.335,89.6,11.5,31.2,8.6,6,44.7,69.9,30.7,46.7,24.4,23.2,5.7,28.8,2.4676258992805757
"Renfroe, Hunter",2022,29,0.506,0.354,0.32,90.1,15.6,32.7,14.4,6.3,44.3,66.7,31.8,38.5,27,22.9,11.6,27.3,2.288
"Merrifield, Whit",2022,32,0.383,0.301,0.306,86.9,14.1,40,3.5,7.2,28.8,71.3,29,41.7,25.8,26.7,5.8,28.6,2.0575539568345325
"Bogaerts, Xander",2022,28,0.468,0.359,0.359,89.6,12.5,36.4,9.7,5.9,43,62.4,31,40.2,23.9,28.8,7.1,27.7,2.3866666666666667
"Baez, Javier",2022,28,0.455,0.325,0.299,90.1,10.6,32.7,13.4,7.2,45.2,75.8,44.6,46.7,24.9,20.6,7.8,28.6,1.6458333333333333
"Lindor, Francisco",2022,27,0.453,0.345,0.345,90.7,14.4,35.6,8.2,7.7,44.1,70.8,26.2,41.6,29.9,21.9,6.6,27.8,2.670807453416149
"Bell, Josh",2022,28,0.488,0.367,0.363,92.5,4.9,28.5,8.8,6.8,52,74.1,23.8,54.3,21.3,22,2.5,26.2,2.3141025641025643
"Betts, Mookie",2022,28,0.445,0.357,0.369,90.3,18.9,34,7.8,7.5,41,63.9,18.1,34.8,33,23.6,8.6,27.1,3.288732394366197
"Hernandez, Teoscar",2022,28,0.536,0.37,0.336,91.8,13.1,37.4,13.9,7.7,49,75.8,30.7,39.4,27.5,27.7,5.4,28.5,2.145038167938931
"Turner, Trea",2022,28,0.485,0.364,0.355,89.6,11.4,34.6,7.4,5.3,46.2,72.4,26.4,45.6,23.5,24.5,6.3,30.7,2.7875
"Ramirez, Jose",2022,28,0.508,0.376,0.373,90,18.2,33.4,11.1,4.9,42.4,64.5,24.1,36.2,27,24,12.8,28.2,3.388535031847134
"Swanson, Dansby",2022,27,0.455,0.332,0.316,89.3,14.1,36.8,11.4,6.1,42.7,72.4,24.1,40.1,28.9,24.5,6.5,28.4,2.259259259259259
"Correa, Carlos",2022,26,0.482,0.373,0.38,90.2,12.1,33.5,9.4,7.4,42.7,62,24.1,42.5,23.4,26.1,8.1,26.9,2.338235294117647
"Olson, Matt",2022,27,0.507,0.378,0.374,91.6,16.2,32.4,12.7,7.8,48.8,72.2,23.7,40.4,30.2,19.7,9.7,25.9,2.3950617283950617
"Alonso, Pete",2022,26,0.542,0.377,0.352,91,14.7,34.5,14.8,8.2,47.3,70.9,30.8,39,30.8,22.8,7.3,26,2.99375
"Frazier, Adam",2022,29,0.376,0.324,0.353,85.4,12.6,38.9,1,4.7,25.2,67.9,26.1,42.4,20.3,31.3,6.1,27.1,1.6346153846153846
"Cronenworth, Jake",2022,27,0.443,0.344,0.351,88.6,12.5,35.8,7.2,3.9,35,62.5,23.5,43.1,23.6,26.1,7.2,28.5,2.1962025316455698
"Crawford, J.P.",2022,26,0.339,0.298,0.325,86.3,9.8,34.3,2.4,3.7,30.6,64,21.7,46.7,17.8,28.6,6.9,27.5,1.820689655172414
"Mancini III, Trey",2022,29,0.452,0.341,0.337,88.9,9.7,36,10.4,8,42,65.8,30.8,49,22.7,23.2,5.1,26.6,1.6783216783216783
"McMahon, Ryan",2022,26,0.426,0.325,0.323,90.5,14.3,40.2,7.3,9.8,43.5,73.2,24.4,39.4,28,27.7,4.9,26.2,1.712418300653595
"Rosario, Amed",2022,25,0.368,0.3,0.31,88.8,5.5,32,2.8,4.6,43.5,64,34.7,51.4,18.9,25.1,4.6,29.5,2.261437908496732
"Adames, Willy",2022,25,0.438,0.325,0.314,89.5,16.8,35.1,11.4,7.6,44.7,72.2,27.5,37.1,36,21.6,5.3,28,2.3741007194244603
"Benintendi, Andrew",2022,26,0.456,0.331,0.313,89.6,15.4,38.5,8.9,6.7,43.2,73.9,30.1,39.5,34.5,21.8,4.2,27.6,2.1587301587301586
"Kiner-Falefa, Isiah",2022,26,0.349,0.292,0.309,85.5,5.4,31.6,1.8,3.5,28.8,62.6,30.7,54.4,15.5,25.9,4.2,28,1.8098591549295775
"Devers, Rafael",2022,24,0.567,0.394,0.366,92.9,13.1,35.2,15,7.3,51.8,77.7,32.4,42.3,26.3,23.9,7.5,26.8,2.8368794326241136
"Torres, Gleyber",2022,24,0.423,0.331,0.336,87.1,14.2,37.1,7.8,5.8,35.7,70.8,22.7,41.8,26.3,25.8,6.1,27,2.1857142857142855
"Diaz, Yandy",2022,29,0.399,0.332,0.353,89.9,6.6,28.9,7,5.2,40.6,67,18.9,52.1,22.7,19.5,5.7,26.5,2.5474452554744524
"Chapman, Matt",2022,28,0.423,0.321,0.315,89.7,18.6,32.1,13.7,4.8,41.7,66.5,22.9,33.6,37.8,18.8,9.8,28.1,1.8838709677419352
"Mullins II, Cedric",2022,26,0.447,0.344,0.344,89.4,14.8,35.7,8.1,4.1,39.4,64.8,27.7,40.7,27.8,23.9,7.7,28.5,2.2628205128205128
"Verdugo, Alex",2022,25,0.446,0.342,0.348,90,7.7,34.9,7.3,5.3,43.3,62.3,26.4,50.3,21,24.3,4.4,27,2.276315789473684
"Ohtani, Shohei",2022,26,0.616,0.411,0.385,93.6,16.6,35.4,22.3,6.6,53.6,69.7,27.3,39.7,34.6,20.9,4.9,28.8,2.6178343949044587
"Riley, Austin",2022,24,0.511,0.366,0.348,90.1,14.2,36.5,13.3,8.6,45.6,72.2,31.1,38.8,24.9,28.6,7.7,27.8,2.509433962264151
"Mountcastle, Ryan",2022,24,0.457,0.326,0.303,89.1,16.3,38.9,11.8,6.1,39.7,76,38.2,35.5,33.9,24.7,5.8,28.1,1.896551724137931
"Tucker, Kyle",2022,24,0.576,0.396,0.369,91.4,17.6,42,11.6,11.6,47.5,80.9,26.4,34,33.5,27.1,5.5,27.4,2.8466666666666667
"Grisham, Trent",2022,24,0.368,0.309,0.328,88.8,12.3,31,5.2,6,36.8,63.6,16.8,42,23.3,26.4,8.3,28.8,1.1776315789473684
"Lowe, Nathaniel",2022,25,0.401,0.323,0.333,90.8,5,31.4,9.5,4.5,45.5,66.4,22.9,54.5,23.4,20.9,1.3,27.3,2.1974522292993632
"Happ, Ian",2022,26,0.396,0.317,0.32,89.5,9.9,30.8,10.9,5.1,41.3,65.7,23.1,47.1,28.2,20.2,4.5,27.7,1.9873417721518989
"France, Ty",2022,26,0.435,0.346,0.353,88.5,11,35.9,6.8,5.3,38.9,72.1,30,46.7,21.2,26.5,5.5,25.3,2.35
"Straw, Myles",2022,26,0.333,0.303,0.336,87.1,11.9,42.6,1.3,2.9,26.2,59.6,19.1,41.1,24.6,31.5,2.9,29.3,1.5657894736842106
"Guerrero Jr., Vladimir",2022,22,0.59,0.417,0.399,95.1,9.4,33.7,15.1,8.9,55.2,73.8,24.5,45.6,25.2,24.4,4.8,26.8,2.76875
"Soto, Juan",2022,22,0.545,0.429,0.463,93,5.8,29.7,13.3,5.3,52.7,60,12.2,52.9,20.8,22.5,3.9,27,2.8562091503267975
"Bichette, Bo",2022,23,0.489,0.355,0.337,91.4,7.3,33.5,9.9,4.3,47.5,79.6,38.1,49.3,22.3,23.9,4.5,28,2.4465408805031448
"Garcia, Adolis",2022,28,0.422,0.299,0.267,91,14.7,29.4,11.5,6.1,45.5,74.7,35.7,43,30.7,19.7,6.6,28.4,2.2243589743589745
"Arozarena, Randy",2022,26,0.369,0.304,0.313,89.9,7.6,29.7,8.2,5.8,42.3,66.4,24.8,49.2,20.6,22.8,7.4,28.8,2.248366013071895
"Reynolds, Bryan",2022,26,0.523,0.386,0.384,89.4,13.4,39.9,10.4,6.8,40.8,75.4,24.8,39.9,28.6,26.8,4.5,28.7,2.1241379310344826
"Rojas, Josh",2022,27,0.357,0.299,0.318,88.2,8.4,40.7,4.8,4.6,31.1,62.9,21.2,49.6,20.8,27.6,2,27.6,2.2
"Edman, Tommy",2022,26,0.401,0.316,0.32,87.5,9.5,31.5,4.2,5.8,35.1,65.6,28.2,46.9,23.7,24.5,4.9,28.9,2.287581699346405
"Hays, Austin",2022,25,0.432,0.316,0.298,88.8,12.5,32.2,9.1,5.2,39.2,64.4,29.5,43.4,26.8,22.6,7.3,27.4,1.8551724137931032
"Alvarez, Yordan",2022,24,0.57,0.389,0.351,93.2,14.1,37.2,15.9,7.6,54.2,61.9,26.3,38,30.1,27.6,4.3,26.3,3.3555555555555556
"Choo, Shin-Soo",2019,35,0.464,0.362,0.365,89.3,6.1,35.9,11.1,6.9,40.5,61,22,51.1,20.6,26.3,2,26,2.23841059602649
"Jones, Adam",2019,32,0.411,0.311,0.303,88.3,13.2,35.6,4.9,5.3,33.1,72.9,39.5,43.6,21.8,25.9,8.8,26.7,1.9416058394160585
"Cruz Jr., Nelson",2019,37,0.566,0.396,0.365,93.9,12.8,31.3,13.8,7,51.7,68.7,28.4,44.8,27,20.3,8,24.9,3.3666666666666667
"Longoria, Evan",2019,32,0.426,0.309,0.289,88.5,13.6,32.6,7.6,6,37.2,67,29.1,42.7,25.5,23.7,8.1,26.9,2.0155038759689923
"Cabrera, Asdrubal",2019,32,0.432,0.32,0.306,90,14.6,33.1,7.2,8.4,39.3,70.9,29.2,43.4,27.5,22.1,7,25.4,2.404580152671756
"Blackmon, Charlie",2019,31,0.445,0.346,0.346,87.5,12,34.9,6.5,4.8,35.2,66,29.2,44.2,24.2,27.1,4.4,27.6,3.357142857142857
"Cain, Lorenzo",2019,32,0.389,0.342,0.373,89.1,4.9,30.9,3.4,4,40.5,63.9,21,54.6,16.1,25.3,4,28.6,1.9864864864864864
"Votto, Joey",2019,34,0.472,0.391,0.42,88.1,13.4,45.9,6.7,10.6,35.1,66.9,13.1,38,26.7,34.3,1,25.3,2.112676056338028
"Gardner, Brett",2019,34,0.334,0.293,0.315,88,9.4,30.6,2.8,5.1,32.9,52.8,21,49.8,21.3,22.9,6,29.2,2.5602836879432624
"Gordon, Alex",2019,34,0.423,0.329,0.331,88.5,10.9,36.5,6.8,6.5,39.7,65.5,28.5,44.3,21.4,28.6,5.5,25.5,2.193333333333334
"Santana, Carlos",2019,32,0.418,0.347,0.368,88.9,15.4,30.1,6.9,6.7,39.1,64,21,41.5,24.8,21.1,12.6,26,3.1772151898734178
"Brantley Jr., Michael",2019,31,0.452,0.357,0.365,90.2,9.5,38.3,3.5,6,38.4,65.2,23.7,46.2,18,31.1,4.6,26,3.074324324324324
"Gurriel, Yuli",2019,34,0.36,0.29,0.296,89.3,11.5,32.6,1.9,5.2,36.6,68.7,34.5,44.9,20.2,25.8,9.1,27.6,3.2708333333333335
"Rojas, Miguel",2019,29,0.351,0.293,0.309,84.7,9.3,35.2,0.9,3.1,23.8,65.5,32.2,47.7,16.4,27.9,8,26.5,1.9696969696969695
"Escobar, Eduardo",2019,29,0.43,0.323,0.316,86.5,18.9,38.6,8.3,6.7,27.6,72.4,35.3,33.3,29.7,27.9,9.2,27.9,2.9240506329113924
"Davis, Khris",2019,30,0.566,0.376,0.329,92.5,18.1,37.7,17.2,7.6,48.1,76,23.2,35.5,32.8,23.3,8.3,26.1,1.6616541353383458
"Pham, Tommy",2019,30,0.498,0.376,0.373,93,6.6,38.7,10.1,8.1,49.9,59.8,19.1,48.2,19.9,29.1,2.8,28.7,2.641379310344828
"Martinez, J.D.",2019,30,0.619,0.418,0.383,93,10.8,40,16,8.8,52.7,74.7,29.3,44.4,25.6,27.9,2.1,26.7,3.143835616438356
"Goldschmidt, Paul",2019,30,0.533,0.384,0.373,90.8,15.7,37.1,13.6,9.3,44,61.9,26,38.8,22.9,29.5,8.8,26.8,2.440993788819876
"Altuve, Jose",2019,28,0.449,0.352,0.36,87.2,10.1,34,5.9,5.2,33.8,68,30.2,48.1,22.4,25.5,3.9,28.1,3.25
"Hernandez, Cesar",2019,28,0.352,0.316,0.35,85.8,11.5,30,4.2,2.9,28.6,58.6,18,49.1,23.1,22.5,5.3,29.2,2.186335403726708
"Segura, Jean",2019,28,0.393,0.31,0.313,87.7,7.8,30,3.6,4.2,32.3,66.4,32,53.1,19.5,21.1,6.3,27.9,2.4166666666666665
"Castro, Starlin",2019,28,0.402,0.311,0.311,88.5,8.4,32,6.9,4.2,36.2,65,27.4,51.6,18.7,24.8,4.8,27.4,2.1604938271604937
"Marte, Starling",2019,29,0.456,0.335,0.319,88.4,8.9,31.5,7.5,6.2,38.8,75.8,34.2,51.5,21.6,20.7,6.2,28.6,3.0757575757575757
"Freeman, Freddie",2019,28,0.533,0.388,0.381,89.1,14.5,44.7,9.3,7.9,39.8,82.7,31.1,37,24,35.4,3.7,26.7,3.3417721518987342
"Grandal, Yasmani",2019,29,0.438,0.337,0.335,88.9,14.1,32.9,11.6,7.2,40.4,57.6,19.8,41.1,27.6,22.3,9.1,24.5,2.42483660130719
"LeMahieu, DJ",2019,29,0.42,0.326,0.324,91.3,5.9,31.3,5.2,5.7,43.2,59.6,23.2,50.4,21.5,25.9,2.2,27.2,3.337931034482758
"Moustakas, Mike",2019,29,0.461,0.336,0.321,89.5,19.9,31.3,8.8,6.5,39.1,72.5,34.2,35.1,27.9,23.1,13.9,25.7,2.762237762237762
"Rizzo, Anthony",2019,28,0.47,0.367,0.386,90.1,14.7,36.2,6.5,7.1,40.6,68,29.7,38.8,25.5,28.3,7.5,25.6,3.006849315068493
"Galvis, Freddy",2019,28,0.341,0.273,0.276,88.6,13.7,32.3,3.9,6.1,28.9,67.9,35,42.6,25.5,26,5.8,26.8,1.8231292517006803
"Ozuna, Marcell",2019,27,0.497,0.358,0.332,91.5,10.8,30.3,9.7,6.9,45.1,72.3,27.8,47.7,23.9,21,7.4,27.8,2.753846153846154
"Villar, Jonathan",2019,27,0.351,0.288,0.293,88.5,3.2,27.2,5.1,4.8,36,72.2,27.8,57.4,15.1,22.7,4.8,27.7,2.4691358024691357
"Crawford, Brandon",2019,31,0.376,0.305,0.326,87.5,11.3,37.2,3.6,6.3,33.3,75.7,29.8,44.4,21,28.3,6.3,25.7,1.5714285714285714
"Hosmer, Eric",2019,28,0.374,0.302,0.312,88.7,-1.5,26.3,5.9,4,38.2,70.7,29.3,61,13.1,21,4.9,26.2,1.94375
"Kipnis, Jason",2019,31,0.394,0.318,0.324,86.9,17.8,34.4,6.6,5,31.6,61.3,25.9,34.8,28.7,27.3,9.2,26.9,2.1818181818181817
"Rendon, Anthony",2019,28,0.538,0.384,0.369,90.7,17.9,39.8,10.3,8.1,44.8,69.5,23.8,32.7,27.9,30.8,8.6,27.3,3.8904109589041096
"Semien, Marcus",2019,27,0.38,0.305,0.311,86.8,15.5,34.9,4.5,6.7,32.1,64.4,23.6,39.8,24.7,26.7,8.8,28.3,3.4135802469135803
"Springer III, George",2019,28,0.459,0.346,0.336,88.6,9.5,30.1,8.9,6.6,37.4,67.1,21.8,50.1,25.4,18.6,5.9,27.7,3.5655737704918034
"Trout, Mike",2019,26,0.602,0.434,0.446,91.2,18.6,41,16.5,8.3,46.2,57.7,18.1,31.3,33.3,28.2,7.1,29.3,3.8656716417910446
"Harper, Bryce",2019,25,0.518,0.391,0.406,91,14.4,35.1,11.5,8.7,45.4,74.6,25.3,41,27.4,26.2,5.4,27.6,2.8025477707006368
"Abreu, Jose",2019,31,0.493,0.356,0.341,91.3,12.2,35.4,9.1,7.6,45.2,65,34.8,44.2,19.9,28.3,7.6,26.7,2.59748427672956
"Suarez, Eugenio",2019,26,0.515,0.373,0.362,91.2,14.8,38.6,9.7,8.4,45.6,68.3,21.8,39.4,30.7,26.6,3.3,26.2,2.5345911949685536
"Sanchez, Carlos",2019,26,0.344,0.289,0.301,86.7,9.3,35.1,3,4.5,28.3,64.7,31.4,51.2,17.1,25.9,5.8,28.1,1.2953020134228188
"Arenado, Nolan",2019,27,0.48,0.354,0.35,89.8,15.3,35.6,7.2,8.4,40.5,72.5,30.2,40.4,24.4,26.5,8.6,25.7,3.4516129032258065
"Castellanos, Nick",2019,26,0.525,0.374,0.353,89.6,15.2,45.3,11.2,7.8,40.7,77.1,35.5,36.7,24.6,33.7,5.1,27.8,2.622516556291391
"Machado, Manny",2019,25,0.512,0.369,0.357,91.6,14.4,33.8,11.3,7.7,48.2,72.7,28.5,40,26.8,24,9.2,26.1,2.4294871794871793
"Realmuto, J.T.",2019,27,0.472,0.351,0.337,88.9,14.5,39.8,9,5.6,41.2,66.8,25.9,39.8,25.7,27.3,7.2,28.7,2.5310344827586206
"Rosario, Eddie",2019,26,0.424,0.302,0.281,87.7,17.8,32.5,8.3,5.9,34.2,77.8,41.9,37.8,28.2,23.4,10.7,28,3.065693430656934
"Yelich, Christian",2019,26,0.57,0.416,0.398,92.6,5,36.7,12.9,7.9,50.8,65.2,25,52.8,16.8,27.4,2.9,28.6,3.976923076923077
"Merrifield, Whit",2019,29,0.428,0.343,0.35,87,16.9,40.9,4.6,6.8,31.2,67.7,29,35.9,24.5,31,8.6,29.1,2.6728395061728394
"Bogaerts, Xander",2019,25,0.493,0.363,0.352,90.6,12.6,32.9,9.8,6.5,41.8,60.6,26.7,43.4,24.5,24,8.2,27.9,3.393548387096774
"Calhoun, Kole",2019,30,0.447,0.332,0.32,90.4,12.1,34.3,9.3,8.2,43.1,73.4,27.1,45.1,28.8,23.6,2.5,26.1,2.210526315789474
"Profar, Jurickson",2019,25,0.394,0.323,0.333,87.3,12.4,33.6,5,4.3,31.8,68.3,30.2,44.5,21.6,25.7,8.2,27.6,2.172661870503597
"Baez, Javier",2019,25,0.504,0.344,0.306,90.6,9.6,33.1,12.6,6.1,43.3,77.3,43.5,47.1,22.1,23.6,7.2,28.9,2.4565217391304346
"Lindor, Francisco",2019,24,0.512,0.375,0.364,90.6,14.7,34.3,9.3,8.4,41,67.8,29.8,40,25.5,25.9,8.6,28.4,3.1818181818181817
"Odor, Rougned",2019,24,0.409,0.317,0.317,90.7,13.9,30.5,7.1,7.3,38.7,65.4,33.1,44.9,22.6,23.2,9.3,28.2,1.9586206896551723
"Story, Trevor",2019,25,0.513,0.358,0.326,91,15.9,38.2,12.7,7.6,46.2,73.1,28.5,35.5,29,28.3,7.1,29.7,2.9586206896551723
"Kepler, Max",2019,25,0.404,0.324,0.33,89.5,16.3,30.1,6.6,7.5,38.2,65,21,37.8,29.2,23.9,9.1,27.9,3.1492537313432836
"Bradley Jr., Jackie",2019,28,0.459,0.343,0.335,92.2,12.3,35.2,10.3,8.2,50.1,70.1,23.3,43.7,24.9,25.5,5.9,27.8,1.6870748299319729
"Ahmed, Nick",2019,28,0.373,0.292,0.295,86.9,11.9,36.3,5.1,5.8,30,71.5,30,41.6,24.5,27.4,6.5,28.2,2.221518987341772
"Anderson, Brian",2019,25,0.407,0.334,0.347,90.2,8.7,29.2,5.8,6,42.4,68.2,23.4,52.3,18.8,23.3,5.6,27.1,2.1666666666666665
"Bell, Josh",2019,25,0.417,0.34,0.354,90.2,9.4,29.6,7,6,39.3,68.5,23.1,49.8,22.6,21.4,6.2,27.1,3.2587412587412588
"Betts, Mookie",2019,25,0.606,0.431,0.41,92.2,18.5,39.4,14.1,8.1,50.6,56.6,16.2,34.3,31.6,26.5,7.6,28.1,3.6
"Smith, Mallex",2019,25,0.339,0.302,0.331,85.8,3.7,32.2,1.5,3.6,23,72.8,26,51.2,17.1,28.1,3.6,29.9,1.6791044776119404
"Marte, Ketel",2019,24,0.394,0.32,0.33,88.8,5.8,28.8,5,5.4,36.9,69.1,24,52,19.4,22.7,5.9,28.7,3.4930555555555554
"Turner, Trea",2019,25,0.415,0.335,0.347,89.1,9.3,29,5.8,4.9,38.6,64.8,23.2,49.6,20.4,24.2,5.8,30.1,3.0901639344262297
"Pillar, Kevin",2019,29,0.432,0.321,0.31,87.3,16.8,39.3,5.7,9,36.7,67,41.8,36.7,22.9,29.8,10.7,27.9,2.347826086956522
"Ramirez, Jose",2019,25,0.47,0.365,0.382,89,19,34.3,8.3,7.9,35.1,60.7,19.9,33.9,31.2,23.4,11.5,27.4,2.9767441860465116
"Bregman, Alex",2019,24,0.464,0.369,0.38,89.4,16.8,37.9,7.6,8,39.9,57.8,18.2,35.5,26.6,27.1,10.7,27.9,3.8653846153846154
"Swanson, Dansby",2019,24,0.363,0.281,0.298,88,14.1,32.1,4.1,5.2,34,69.9,31.1,44.1,21.4,25.2,9.3,29.5,2.2283464566929134
"Olson, Matt",2019,24,0.494,0.357,0.338,93.3,18.1,35.1,12.2,9.1,52.2,69.1,21,36.5,28.4,24.8,10.3,25.9,2.677165354330709
"Conforto, Michael",2019,25,0.426,0.339,0.35,88,12.5,36.3,9.5,6.7,37.4,64.4,24.2,44.6,25.3,23.7,6.4,27.8,2.615894039735099
"Anderson, Tim",2019,25,0.362,0.276,0.269,85.8,10.8,33.3,4.7,5.4,27.9,73,36.2,47.5,22.9,24.1,5.4,28.8,2.5447154471544717
"Bellinger, Cody",2019,22,0.432,0.327,0.326,89.8,16.2,32,8.6,6.8,38.9,66.1,24.4,41.3,25.2,22.2,11.2,28.9,3.7756410256410255
"Mancini III, Trey",2019,26,0.434,0.328,0.311,89.9,5.4,27.6,11.8,4.8,42.9,68.1,31.5,55.5,19.1,22.1,3.2,27,2.896103896103896
"Rosario, Amed",2019,22,0.367,0.289,0.295,87.8,7.9,32.4,3.9,4.1,32.3,69.8,37.9,50.1,18.1,25.2,6.6,29.5,2.159235668789809
"Benintendi, Andrew",2019,23,0.449,0.353,0.36,88.6,12.8,37.3,6.4,4.1,33.7,70,24.3,41.9,25.7,28.6,3.7,27.7,2.1884057971014492
"Albies, Ozzie",2019,21,0.403,0.305,0.295,86.8,16.1,34,4.7,6.6,29.4,82.9,32.6,39.5,27.3,23.9,9.3,28.7,2.90625
"Chapman, Matt",2019,25,0.432,0.338,0.338,93.1,14.9,30.5,8.9,7.2,47.8,61.8,21.1,40.7,22.3,26.3,10.7,28.4,2.66025641025641
"Hoskins, Rhys",2019,25,0.454,0.349,0.344,89,22.6,35.8,11.4,9.2,39.5,60,19.7,29.8,34.4,23,12.8,26.3,2.34375
"Schwarber, Kyle",2019,25,0.472,0.35,0.362,90.9,12.3,34,12.7,4.8,45,64.8,21.9,46,23.7,24.4,5.8,27.1,2.393548387096774
"Moncada, Yoan",2019,23,0.381,0.297,0.294,91,15.4,36.4,9.6,8.2,44.2,62.7,20.4,38.1,27.1,28.2,6.6,28.7,2.560606060606061
"Cabrera, Miguel",2020,36,0.436,0.331,0.337,90.3,12.3,38.2,6.4,7.2,44.7,67.9,33.9,44.9,22.3,27.9,4.9,23.5,2.1403508771929824
"Cruz Jr., Nelson",2020,38,0.637,0.415,0.377,93.7,13.1,38.3,19.9,8.3,51.5,69.9,27.3,40.5,24.8,27,7.7,25.3,2.69811320754717
"Longoria, Evan",2020,33,0.491,0.351,0.34,89.7,14,35.8,7.5,8.4,40.8,64.6,30.1,41,26.6,27.2,5.2,26.4,2.037735849056604
"Cabrera, Asdrubal",2020,33,0.408,0.317,0.326,89.1,14.4,37.3,5.7,6.3,35.3,66.4,25.1,38.7,27.1,27.9,6.3,25.4,2.269230769230769
"Blackmon, Charlie",2020,32,0.525,0.367,0.348,88.7,14.6,36.8,8.3,7.9,40.3,70.4,30.5,40.3,26.8,26.6,6.2,26.7,2.5254237288135593
"Votto, Joey",2020,35,0.446,0.347,0.359,88.9,15.2,40.7,6.9,5.7,38.2,65.5,18.5,37.8,30.1,28.9,3.2,25,2.425925925925926
"Santana, Carlos",2020,33,0.48,0.367,0.384,91.8,11.7,29.1,9.6,5.8,44.9,63.7,17.9,46.3,26.3,20.8,6.6,25.7,2.3333333333333335
"Brantley Jr., Michael",2020,32,0.473,0.357,0.36,88.8,10.6,36.3,5.5,6.8,37.3,61,26,46,20.9,28.1,5.1,26.4,2.5652173913043477
"Gurriel, Yuli",2020,35,0.415,0.321,0.329,89.3,14.3,33.5,3.6,4.2,38.1,66.7,34.4,38.6,21.4,27.3,12.7,27.6,2.017543859649123
"Escobar, Eduardo",2020,30,0.464,0.326,0.31,87.8,18.4,38.6,7,7.9,31.4,71.4,37.8,32.9,33.5,27.1,6.4,27.6,1.5740740740740742
"Martinez, J.D.",2020,31,0.567,0.396,0.384,91.3,12.5,40.7,11.8,7.5,47.9,72.6,29.8,43,25.6,28.5,2.9,26.7,1.7592592592592593
"Reddick, Josh",2020,32,0.398,0.316,0.324,86.1,15.8,36,3.4,4,29.4,74.2,30,40.4,23.1,27,9.4,26.7,1.6964285714285714
"Goldschmidt, Paul",2020,31,0.509,0.359,0.345,90.1,15.4,36.4,11.3,9,42.4,66.6,28.4,38.5,29.7,24.4,7.4,26.6,2.3275862068965516
"Altuve, Jose",2020,29,0.484,0.344,0.328,87.4,9.7,28.2,8.1,4,34.5,67.8,30.7,50.7,21.8,19.7,7.8,28.6,2
"Hernandez, Cesar",2020,29,0.375,0.302,0.32,86,9.5,32,2.7,2.7,28.3,64.5,27.7,49.8,17.6,24.4,8.1,28.8,2.0172413793103448
"Segura, Jean",2020,29,0.401,0.31,0.314,88.2,7.2,31,3.2,5.9,32.7,60.8,35.8,52.9,16.4,23.9,6.9,27.5,2.111111111111111
"Marte, Starling",2020,30,0.507,0.362,0.346,88.6,8.2,31.3,8,5.5,38.6,76.9,33.5,52.5,19.7,23.5,4.2,29,2.3278688524590163
"Freeman, Freddie",2020,29,0.569,0.397,0.389,89.7,14.4,40,12.3,7,42.5,80.6,29.3,38.1,27.1,30.9,3.8,26.5,4.183333333333334
"Grandal, Yasmani",2020,30,0.475,0.366,0.379,90.7,14.2,37.5,11.3,8.7,41.8,58.7,21.6,40.9,27.2,24.8,7.1,24.2,2.0434782608695654
"LeMahieu, DJ",2020,30,0.522,0.376,0.364,91.9,6.5,35.2,7.5,6.8,48.5,64.4,27,49.7,17.2,29.8,3.3,26.7,3.66
"Rizzo, Anthony",2020,29,0.487,0.388,0.411,89,12.6,36.8,6.8,5.6,37,63.6,32.1,43.1,21.2,29.1,6.5,25.2,2.189655172413793
"Garcia, Avisail",2020,28,0.492,0.343,0.323,89.5,9.8,34.1,11.7,6.8,40.3,81.3,36,45.8,21,26.7,6.5,28.9,1.2452830188679245
"Ozuna, Marcell",2020,28,0.532,0.378,0.367,91.8,13.5,32.8,12.1,6.7,49.2,68.1,27.6,41.9,24.5,26.3,7.3,27.5,3.6166666666666663
"Villar, Jonathan",2020,28,0.412,0.315,0.315,88.9,8.2,30.3,6.8,5.7,37.1,74.2,28.2,50.8,19.5,22.9,6.8,28,1.2115384615384617
"Crawford, Brandon",2020,32,0.395,0.306,0.314,87.8,8.3,36.7,5.4,6.5,35.1,77.2,28.3,49.1,18.9,26.9,5.2,25.7,1.9074074074074072
"Rendon, Anthony",2020,29,0.59,0.414,0.407,90.4,19.5,38.7,12,6.6,46.6,68.3,20.6,33.3,30.1,27.1,9.4,26.7,3.0961538461538463
"Semien, Marcus",2020,28,0.495,0.363,0.359,88.9,14.9,34,8.5,5.2,38.1,66.5,19.2,41,25.5,25.2,8.3,28.1,2.056603773584906
"Springer III, George",2020,29,0.578,0.4,0.379,89.8,10.5,31.6,14.1,5.9,44.8,69.1,20.8,44.6,24.3,25.1,5.9,28.5,3.0980392156862746
"Vazquez, Christian",2020,28,0.441,0.313,0.3,89.4,13.3,37.5,5.9,8.8,40.1,68.2,32.5,39.5,25.1,29.7,5.7,25.7,2.148936170212766
"Wong, Kolten",2020,28,0.349,0.297,0.326,86.1,12.6,28.6,2.2,4.2,25.4,67.7,29.9,47,21.2,22.4,9.4,27.7,1.8113207547169812
"Grichuk, Randal",2020,27,0.428,0.304,0.285,89.3,16,31.3,8.5,7.3,39.8,69.4,33.4,39.8,26.4,21.4,12.5,28.1,2.581818181818182
"Trout, Mike",2020,27,0.678,0.46,0.456,90.9,22.2,43.8,18.9,7.1,44.4,57.8,17.9,25.4,36.2,29.4,9,29.3,3.5283018867924527
"Harper, Bryce",2020,26,0.547,0.387,0.384,91.9,13.7,37.6,14.8,7.5,45.6,74.2,30.4,39.6,28.6,27.6,4.3,28.3,3.2758620689655173
"Abreu, Jose",2020,32,0.517,0.358,0.332,92.1,10.9,35.2,12.8,6.1,48.2,66.6,34.7,46.1,21.1,26.8,5.9,26.6,3.5
"Suarez, Eugenio",2020,27,0.5,0.355,0.341,89.3,17.7,38,13.8,6.1,40.8,67.1,24.1,36,31.6,24,8.4,25.9,2.192982456140351
"Arenado, Nolan",2020,28,0.48,0.343,0.341,89.4,17.7,34.6,8,6.8,37.6,73.1,34.8,36.8,26.2,25.2,11.7,25.9,2.5625
"Muncy, Max",2020,28,0.51,0.38,0.384,89.8,14.5,38.9,12,7.9,43.4,62.9,19.7,38.6,29.8,27.2,4.4,27.7,2.103448275862069
"Voit III, Luke",2020,28,0.495,0.365,0.364,89.7,12.7,38.5,13.2,7.3,41.5,77,22.5,40.6,27.1,29.2,3.1,25.7,3.3214285714285716
"Walker, Christian",2020,28,0.516,0.364,0.351,91.1,14.8,34.1,13.1,6.9,48.8,74.9,24,42.4,27.5,22.9,7.2,27.2,2.43859649122807
"Castellanos, Nick",2020,27,0.541,0.364,0.329,89,14,39.8,10.9,9.3,41.7,74.7,38.6,38.9,28.8,27.6,4.6,27.9,2.1166666666666667
"Machado, Manny",2020,26,0.463,0.343,0.34,91.2,13,31.2,8,8,43.7,69,28.6,42.2,25.8,21.4,10.6,26.4,3.6
"Moran, Colin",2020,26,0.437,0.314,0.308,88.2,12.5,37.1,7.4,6.5,34.8,75.5,35.8,43.9,19.3,30,6.8,25.4,1.9615384615384617
"Realmuto, J.T.",2020,28,0.469,0.341,0.332,90.3,14.4,35,8.7,7.6,41.1,70.6,32.6,39.7,23.9,28.4,8,28.8,2.595744680851064
"Rosario, Eddie",2020,27,0.494,0.327,0.289,89.2,16.8,33.2,8.5,7.1,36,80.9,43.3,37.8,29.7,23.4,9.1,27.1,2.807017543859649
"Yelich, Christian",2020,27,0.629,0.429,0.419,93.3,11.3,33.2,15.8,6.4,49.1,69.8,27.9,42.8,28.1,24.1,5.1,28.7,2.086206896551724
"Merrifield, Whit",2020,30,0.431,0.324,0.328,87,15.6,42,4.3,5.7,29,68.2,30.9,38.5,23.1,32.4,6.1,28.6,2.7666666666666666
"Bogaerts, Xander",2020,26,0.474,0.355,0.354,90.7,13.4,34.7,8.4,7,44.1,56.1,27.4,42.4,26.3,23.5,7.8,28,2.732142857142857
"Alberto, Hanser",2020,26,0.392,0.3,0.305,84.4,11.9,32.5,2.9,2.7,18.5,74.5,45.3,48.1,22.9,23.5,5.4,26.9,2.240740740740741
"Polanco, Jorge",2020,25,0.464,0.341,0.338,88,19.1,41.6,6.7,8.2,33.1,65.9,26.7,31.9,29,30.9,8.2,28.2,1.7636363636363637
"Calhoun, Kole",2020,31,0.471,0.339,0.335,89.5,14.9,35.2,11.2,8.4,42.6,73.6,25.9,41.3,28.3,25,5.4,25.9,2.8518518518518516
"Profar, Jurickson",2020,26,0.431,0.328,0.332,86.7,14,29.7,6.5,4.9,31.3,65.6,26.1,42.9,23.3,23.3,10.6,26.7,2.2142857142857144
"Baez, Javier",2020,26,0.506,0.336,0.301,91.1,7.7,36.3,12.7,5,43.6,73.5,42.6,50.4,22.5,24.7,2.4,28.7,1.11864406779661
"Lindor, Francisco",2020,25,0.464,0.333,0.328,91,12.3,29.8,7.5,4.7,41,72.3,32.1,45,22.5,24.3,8.3,27.5,2.4
"Story, Trevor",2020,26,0.464,0.341,0.334,91,17.5,36.5,8.6,7.2,46,70.4,28.5,33.8,28.1,30,8.2,29.3,2.7966101694915255
"Kepler, Max",2020,26,0.458,0.343,0.343,89.7,18.2,30.5,8.9,7.5,42.1,74,27.6,35.9,29.8,21.7,12.6,27.7,2.3541666666666665
"Bradley Jr., Jackie",2020,29,0.413,0.316,0.319,90.1,9.3,30.2,9.6,6.1,44.2,69.2,28.3,50.9,24.4,19.8,4.9,27.6,2.1818181818181817
"Nunez, Renato",2020,25,0.471,0.335,0.319,89.9,19.9,32.1,10.7,5.5,40.9,68.2,34.4,33.1,27.9,25.9,13.2,27.1,2.0961538461538463
"Ahmed, Nick",2020,29,0.422,0.321,0.322,87.8,7.6,35.7,6.6,5.5,34,72.4,27.9,48.5,22.8,24.3,4.4,28.2,2
"Anderson, Brian",2020,26,0.453,0.339,0.337,89.9,11.1,31.3,8.9,7.2,46,65.2,31.9,45.7,24.1,23.9,6.3,27,1.9322033898305084
"Bell, Josh",2020,26,0.561,0.386,0.376,92.4,13.1,34.6,12.7,7.7,47.2,77.2,27.5,44,26.9,22.8,6.3,26.8,1.368421052631579
"Betts, Mookie",2020,26,0.577,0.411,0.408,91,19.3,39.2,10.3,8.5,47.5,59.8,18.8,31.9,30.5,29.1,8.5,27.9,3.727272727272727
"Arcia, Orlando",2020,24,0.351,0.277,0.287,87.9,6.6,26.5,4.3,4.6,31.3,65.4,30.5,52.7,20.6,21.9,4.8,26.3,1.6610169491525424
"Marte, Ketel",2020,25,0.525,0.375,0.364,90,11.5,34.6,9.3,5.8,40,70.8,28.6,43.7,23.7,26.4,6.2,27.9,2.155555555555555
"Turner, Trea",2020,26,0.455,0.339,0.337,90.4,9.9,29.8,6.8,6.3,42,67.4,29.2,47.6,21.5,23.7,7.3,30.4,3.7457627118644066
"Pillar, Kevin",2020,30,0.411,0.3,0.293,86.4,14.1,33.1,4.9,5.7,30.8,73.6,46.9,45.2,21.4,23.4,10,28,2.462962962962963
"Ramirez, Jose",2020,26,0.461,0.342,0.341,89.2,19.8,32.6,6.3,7,35.7,64.4,23,33.8,29.7,25.6,10.9,27.9,3.827586206896552
"Seager, Corey",2020,25,0.459,0.331,0.322,88.8,14.3,35.2,7.3,7.1,38.2,77.7,26.9,39,28.1,26.6,6.3,26.9,3.5384615384615383
"Reyes, Franmil",2020,23,0.535,0.359,0.323,93.3,9.5,33.3,14.8,9,51,76.7,30.2,43.8,26.7,25.5,4.1,26.6,1.88135593220339
"Swanson, Dansby",2020,25,0.477,0.35,0.345,89.9,14.4,36.7,10.1,6,41.6,68.6,24.7,37.3,28.2,29.6,4.9,28.7,2.5
"Olson, Matt",2020,25,0.578,0.388,0.362,92.7,19.4,36.1,14.5,9,50.4,67,24.9,33.8,30.3,26,9.8,26.2,1.9333333333333331
"Alonso, Pete",2020,24,0.551,0.38,0.358,90.7,14.8,36.9,15.8,6.7,42.7,67.4,31.9,40.8,28.3,23.3,7.7,26.5,2.3157894736842106
"Conforto, Michael",2020,26,0.507,0.371,0.37,89.2,15.9,35.8,11.9,5.2,39.2,70.8,25.1,35.3,29.6,28.4,6.7,27.5,2.685185185185185
"Frazier, Adam",2020,27,0.403,0.318,0.334,87.1,13.1,36.4,1.9,6.4,28.3,69.6,27.1,41.9,22.9,29.1,6,27.2,1.793103448275862
"Anderson, Tim",2020,26,0.456,0.325,0.311,88.3,8.7,37.6,5.1,5.9,37.6,75.4,43.6,48.1,20.7,28.4,2.8,28.7,2.857142857142857
"Bellinger, Cody",2020,23,0.635,0.43,0.421,91.1,17.9,39.6,12.7,6.8,45.9,68.8,23.8,32.3,30.3,29.9,7.5,28.8,2.75
"Dozier, Hunter",2020,27,0.468,0.338,0.331,91.1,16.7,35.8,10,7.4,42.9,64.7,26.8,34.5,28.2,28.4,8.9,28.3,1.931818181818182
"McMahon, Ryan",2020,24,0.43,0.325,0.324,91.9,8.8,36.6,9,7.1,48,74.7,26.5,51.2,19.3,25.5,4,26.4,1.4038461538461535
"Adames, Willy",2020,23,0.437,0.32,0.313,88.5,10.8,36.1,8.4,7.1,35.6,69.2,24.7,47.4,22.3,26.2,4.2,28.3,1.648148148148148
"McNeil, Jeff",2020,27,0.465,0.35,0.354,89,13.8,34.2,4.8,7.3,36.7,84.1,38.1,43.6,24.1,26.6,5.7,27.2,2.326923076923077
"Robles, Victor",2020,22,0.368,0.294,0.305,83.3,16.7,34.5,4.8,5.5,23,71.1,30.1,42.4,21.3,24.7,11.5,29.3,0.9230769230769232
"Devers, Rafael",2020,22,0.528,0.368,0.351,92.5,10.4,33,9,9.6,48.4,75.8,37.3,44.8,22.8,25.6,6.8,27,2.3333333333333335
"Jimenez, Eloy",2020,22,0.515,0.347,0.311,91.2,9.3,32.4,12.8,7.1,47.9,71.3,33.7,47.6,23.5,22.9,6,27.8,2.581818181818182
"Schwarber, Kyle",2020,26,0.553,0.375,0.354,93.5,15.5,35.6,14.5,9,51.2,65.7,23.9,38.8,28.8,24,8.4,27.1,1.5932203389830508
"Moncada, Yoan",2020,24,0.518,0.358,0.337,93.1,12.3,40.4,12.2,7.2,47.9,67,29.2,41.8,22.7,30.7,4.7,27.7,1.6346153846153846
"Acuna Jr., Ronald",2020,21,0.574,0.39,0.365,90.6,14.2,40.5,15,9.1,47.4,68.7,24,38.5,29.4,27.3,4.8,29.4,3.347826086956522
"Fletcher, David",2020,25,0.371,0.319,0.352,83.8,9.9,37.5,0.2,2.6,17.1,49,22.5,44.4,15.9,32.6,7.1,27.6,2.7346938775510203
"Guerrero Jr., Vladimir",2020,20,0.435,0.329,0.326,89.4,6.7,30.9,7.7,6.1,38.7,69.2,29,50.4,20,22.7,6.9,26.3,2.533333333333333
"Soto, Juan",2020,20,0.575,0.409,0.405,92,12.5,36.3,12.3,8.7,47.8,66.7,20.3,42.8,26.9,26.7,3.6,27.3,4.276595744680851
"Reynolds, Bryan",2020,24,0.474,0.359,0.361,89.5,9.4,37,6.7,5.1,41.6,72.1,28.1,47.2,20.9,28.7,3.2,28.1,1.3454545454545457
"Cabrera, Miguel",2021,37,0.52,0.379,0.366,93.2,12.1,36.8,9.7,5.8,49.7,70.5,29.9,42.6,21.9,30.3,5.2,23.1,1.7461538461538462
"Cruz Jr., Nelson",2021,39,0.545,0.383,0.369,91.6,9.4,39.4,15,3.9,47.2,68.5,30.8,47.2,21.3,26,5.5,25.2,2.4857142857142858
"Peralta, David",2021,32,0.375,0.299,0.304,89.2,6.4,29.4,5,6.3,36.3,65.5,26.6,51.2,18.8,25.6,4.4,27,1.8133333333333332
"Blackmon, Charlie",2021,33,0.426,0.331,0.34,86.9,13.5,38.5,4.9,5.5,29.7,70.2,29.8,38.5,24.7,30.8,6,26.8,2.2066666666666666
"McCutchen, Andrew",2021,33,0.484,0.358,0.346,89.7,18.2,36.5,8.2,8.8,41.2,58.8,21.4,35.3,27.1,28.2,9.4,27.4,2.2708333333333335
"Votto, Joey",2021,36,0.478,0.369,0.377,87.4,15.4,36.4,9.1,9.8,35.7,57.1,17.3,39.9,37.8,21,1.4,25.2,2.9069767441860463
"Santana, Carlos",2021,34,0.448,0.372,0.393,88,12.2,32.3,6.7,8.5,36.6,61.4,16.6,43.3,26.2,21.3,9.1,25.5,1.9873417721518989
"Brantley Jr., Michael",2021,33,0.413,0.325,0.327,88.7,10.2,34.5,4.9,6.3,37.3,59.3,20,47.9,26.1,23.2,2.8,26.2,2.487603305785124
"Gurriel, Yuli",2021,36,0.408,0.318,0.314,89.3,13.9,34.4,3.7,7.4,36.5,66,34.4,38.1,27,27.5,7.4,27.3,2.804195804195804
"Escobar, Eduardo",2021,31,0.396,0.306,0.317,88.6,18.1,34.8,5.5,3.7,31.7,70.3,35.2,38.4,27.4,26.2,7.9,28,2.404109589041096
"Martinez, J.D.",2021,32,0.443,0.318,0.306,89.5,14.7,39.6,11,7.8,41.6,73.9,30.8,35.1,35.1,27.3,2.6,25.9,2.641891891891892
"Goldschmidt, Paul",2021,32,0.51,0.396,0.403,89.2,11.7,42.3,10.7,7.4,40.9,61.1,22.5,34.9,24.8,34.2,6,26.4,2.8734177215189876
"Altuve, Jose",2021,30,0.349,0.288,0.296,86.7,9.3,24.8,4.6,5.9,33.3,67.9,35.3,51,22.2,19,7.8,28.4,3.2465753424657535
"Hernandez, Cesar",2021,30,0.396,0.33,0.346,89.1,5.6,37.3,4,6.8,37.3,65,22.9,50.8,14.1,32.8,2.3,28.5,1.953020134228188
"Segura, Jean",2021,30,0.391,0.318,0.334,87.7,11.2,31.8,6.1,3.4,38.5,65.1,31.5,49.3,18.9,21.6,10.1,28.3,2.50381679389313
"Marte, Starling",2021,31,0.42,0.326,0.326,87.1,6.5,30.3,6.4,4.3,30.3,73,34.9,54.8,22.3,20.2,2.7,28.5,2.908333333333333
"Freeman, Freddie",2021,30,0.663,0.466,0.463,92.4,17.2,49.2,14.7,4.5,54.2,77.7,25.8,32.8,28.8,32.2,6.2,26.4,3.088050314465409
"LeMahieu, DJ",2021,31,0.46,0.366,0.376,91.3,2.3,29.7,2.9,9.1,45.7,64,24,57.1,15.4,25.7,1.7,26.1,2.2666666666666666
"Rizzo, Anthony",2021,30,0.413,0.355,0.383,87.7,16.7,34.7,7.8,4.8,34.7,56,31.7,40.1,22.2,26.3,11.4,24.8,2.2907801418439715
"Garcia, Avisail",2021,29,0.375,0.317,0.339,87.4,8.7,37.1,3.8,8.3,37.1,78.7,34.4,48.5,18.9,27.3,5.3,28,2.259259259259259
"Villar, Jonathan",2021,29,0.287,0.261,0.288,86.7,1.6,18.7,1.5,3.7,35.8,74.7,33.6,59.7,12.7,20.1,7.5,27.1,1.5633802816901408
"Aguilar, Jesus",2021,30,0.452,0.345,0.348,89.3,16,37.5,7.2,5.9,37.5,63.8,31.9,37.5,22.4,32.2,7.9,24.5,2.2977099236641223
"Crawford, Brandon",2021,33,0.398,0.309,0.311,88.7,12.4,35.4,9.4,4.7,39.4,78.3,31.7,41.7,26,26.8,5.5,25.7,2.7753623188405796
"Grossman, Robbie",2021,30,0.399,0.328,0.344,89,15.2,33.6,5.5,7.8,37.5,65.9,21.7,39.8,28.9,23.4,7.8,27.5,2.2371794871794872
"Semien, Marcus",2021,29,0.352,0.287,0.293,86.2,19.3,32.9,5,6.8,28.6,70.7,18.7,32.9,32.3,22.4,12.4,28.1,3.1049382716049383
"Grichuk, Randal",2021,28,0.468,0.333,0.312,88.9,12.6,27.2,11.2,6.5,39.6,71.3,33.9,42.6,23.7,23.1,10.7,27.7,1.8053691275167785
"Harper, Bryce",2021,27,0.658,0.454,0.451,92.5,16,33.3,17.3,4,50.7,73.4,28.3,40,33.3,22,4.7,27.9,3.2907801418439715
"Abreu, Jose",2021,33,0.587,0.399,0.357,92.9,10.9,37.4,14.3,9.3,53.3,68.6,32.3,45.1,24.2,26.4,4.4,26.8,2.5921052631578947
"Suarez, Eugenio",2021,28,0.472,0.342,0.325,89.1,17.9,29.5,14.4,5.3,44.7,63.4,23.9,36.4,37.1,18.9,7.6,25.9,1.7310344827586206
"Arenado, Nolan",2021,29,0.392,0.288,0.289,87.8,19.1,27.1,5.4,4.2,33.7,66.2,32.4,36.7,25.9,21.1,16.3,24.8,2.770700636942675
"Muncy, Max",2021,29,0.473,0.36,0.362,88.5,14.2,29,12.4,8.3,40,59.6,15.9,44.8,33.1,16.6,5.5,27.3,2.888888888888889
"Seager, Kyle",2021,32,0.472,0.365,0.371,89.1,17.7,30.7,10.2,6.3,39.8,62.5,20.6,36.4,36.4,19.3,8,25.4,2.1320754716981134
"Yastrzemski, Mike",2021,29,0.488,0.364,0.36,88.2,18.4,35,10.9,9.5,42.3,58.6,19.7,38.7,29.2,21.2,10.9,27.5,2.0431654676258995
"Canha, Mark",2021,31,0.415,0.359,0.387,89.7,19.4,37.3,7.7,8.5,39.4,57.8,19.2,33.8,31.7,26.1,8.5,27.6,2.2411347517730498
"Castellanos, Nick",2021,28,0.545,0.375,0.343,91,16.5,39.3,16,6.7,46.7,73.4,35.8,36,30,29.3,4.7,27.7,3.072463768115942
"Machado, Manny",2021,27,0.54,0.385,0.372,90.2,15.6,34.6,11,3.7,43.5,72,23.9,38.2,24.1,27.2,10.5,26.4,2.92156862745098
"Realmuto, J.T.",2021,29,0.498,0.356,0.331,90.2,11.6,32.8,13.6,5.6,42.4,66.9,25.2,48.8,25.6,18.4,7.2,28.2,2.074626865671642
"Merrifield, Whit",2021,31,0.439,0.336,0.334,86.1,15.8,39.8,5.1,4.6,27.3,71.8,28,37.5,29.2,28.7,4.6,28.4,2.5308641975308643
"Bogaerts, Xander",2021,27,0.474,0.341,0.327,89,8.7,31.3,8.6,5.5,36.8,64.3,23.7,45.4,27.6,22.1,4.9,27.7,2.6666666666666665
"Polanco, Jorge",2021,26,0.381,0.304,0.308,86.6,16.1,39,2.8,5.1,33.3,64.4,23.2,37.3,27.7,27.1,7.9,27.8,2.8223684210526314
"Sano, Miguel",2021,27,0.483,0.326,0.288,95.2,20.2,31.3,22.9,9.4,57.3,70.3,28,37.5,29.2,22.9,10.4,26.5,1.7777777777777777
"Duvall, Adam",2021,31,0.516,0.342,0.294,88.1,22.9,30.7,13.9,5.1,40.1,66.5,32.7,29.9,39.4,18.2,12.4,28,2.041095890410959
"Baez, Javier",2021,27,0.385,0.279,0.256,89.4,10.3,24.8,8.1,7.4,40.3,73.3,38.7,50.3,22.8,18.1,8.7,27.9,2.0072463768115942
"Lindor, Francisco",2021,26,0.441,0.346,0.356,89.9,13.5,36.5,5.6,9.1,41.1,72.3,30,39.6,24.4,31.5,4.6,27.4,2.352
"Story, Trevor",2021,27,0.457,0.335,0.323,89.9,20.8,40.1,8.7,7.6,41.3,66.6,28.2,29.7,30.2,29.1,11,29,2.4295774647887325
"Candelario, Jeimer",2021,26,0.471,0.356,0.351,90.2,13.3,37.5,10.3,6.6,47.1,68,26.1,40.4,24.3,30.1,5.1,26.9,2.140939597315436
"Bell, Josh",2021,27,0.381,0.297,0.308,91.7,5.9,24.3,8.6,3.6,42.9,72.5,26.9,56.4,19.3,19.3,5,26.2,2.5277777777777777
"Betts, Mookie",2021,27,0.485,0.362,0.359,90.7,18.5,40.1,7.7,11,43.4,58,23.2,33,31.3,29.1,6.6,28.3,3.0327868852459017
"Tapia, Raimel",2021,26,0.325,0.285,0.305,85.3,1.8,28.7,2,2.7,30,71.3,30.7,56,17.3,24,2.7,28.2,2.180451127819549
"Hernandez, Teoscar",2021,27,0.614,0.401,0.346,93.3,15.3,40.6,18,4.7,53.1,62.9,30.9,38.3,30.5,27.3,3.9,28.3,2.769230769230769
"Turner, Trea",2021,27,0.515,0.383,0.369,90.5,9.5,34.2,9.5,6,40.7,67.5,27.2,44.7,23.1,26.6,5.5,30.1,3.1486486486486487
"Ramirez, Jose",2021,27,0.507,0.373,0.362,88.7,23.2,36.7,10.2,6.2,35.6,63.2,22.7,29.9,29.4,24.9,15.8,27.2,3.4407894736842106
"Gallo, Joey",2021,26,0.418,0.317,0.31,91.2,26.8,28.9,14,4.4,43.9,67.1,19.1,31.6,33.3,17.5,17.5,27.1,1.954248366013072
"Swanson, Dansby",2021,26,0.474,0.354,0.341,89.1,14.7,40.7,11.4,4.8,40.7,70.9,24,38.9,29.3,27.5,4.2,28.5,2.025
"Taylor, Chris",2021,29,0.488,0.371,0.368,88,9.1,35.1,11.5,8.4,45,73.7,17.3,48.1,20.6,28.2,3.1,28.4,2
"Correa, Carlos",2021,25,0.402,0.315,0.319,88.8,11.3,26.1,5.9,6.5,42.1,65.7,31.8,49.7,20.9,20.3,9.2,27.2,2.864864864864865
"Olson, Matt",2021,26,0.453,0.34,0.336,92.3,19.6,30.1,12.8,8.3,45.9,67.6,20,35.3,29.3,22.6,12.8,25.9,3.1794871794871793
"Alonso, Pete",2021,25,0.466,0.335,0.323,90.2,15.5,30.4,12.8,4.7,41.2,65.3,30.5,39.9,29.7,19.6,10.8,26.2,2.6447368421052633
"Frazier, Adam",2021,28,0.378,0.309,0.317,85.5,12.3,34.9,4,2.9,25.1,68.9,24.7,45.1,22.3,24.6,8,27.1,2.270967741935484
"Cronenworth, Jake",2021,26,0.535,0.393,0.383,89.8,10.6,37.8,10.5,5.6,42.7,58.1,19,44.8,25.2,27.3,2.8,28.7,2.598684210526316
"Anderson, Tim",2021,27,0.508,0.358,0.33,87.2,6.7,33.3,10.1,4.4,35.8,73,39.3,56,22,20.8,1.3,28.7,2.6260162601626016
"Crawford, J.P.",2021,25,0.36,0.318,0.343,85.8,11.5,34.1,1.8,6.6,31.1,58.3,22.9,44.3,17.4,28.7,9.6,26.6,2.01875
"Dozier, Hunter",2021,28,0.385,0.331,0.351,86.4,17,26.4,8.2,2.7,30.9,64.1,24.4,39.1,25.5,24.5,10.9,28,1.3541666666666667
"McMahon, Ryan",2021,25,0.389,0.296,0.286,90.1,9.2,27.1,11.2,4.7,43,67.7,27.2,50.5,28,16.8,4.7,25.9,2.1258278145695364
"Adames, Willy",2021,24,0.394,0.307,0.305,88.8,12.5,36.9,9.9,9,40.5,69.1,26.3,45,17.1,27,10.8,28.2,2.107142857142857
"Kiner-Falefa, Isiah",2021,25,0.34,0.294,0.312,87.2,0.8,22.2,2.2,2.8,31.1,65.5,27.4,61.7,16.1,18.9,3.3,28.1,1.9746835443037976
"Devers, Rafael",2021,23,0.46,0.328,0.304,93,10.6,33.3,12.1,5.5,43.6,74.1,38.6,46.1,23,26.1,4.8,26.5,2.923076923076923
"Verdugo, Alex",2021,24,0.369,0.299,0.305,87,5.9,31.2,6.4,5.1,34.4,57.8,27.8,52.2,19.1,22.9,5.7,27.5,2.356164383561644
"Moncada, Yoan",2021,25,0.336,0.29,0.306,87.8,13.9,33.8,6.2,4.6,33.1,63.1,27.5,41.5,21.5,26.2,10.8,27.5,1.9375
"Riley, Austin",2021,23,0.474,0.342,0.325,91,13.6,30.7,10,5,42.9,77.9,32.3,42.1,22.9,27.1,7.9,26.9,2.46875
"Tucker, Kyle",2021,23,0.449,0.327,0.318,91.1,14.9,34.1,9.1,6.7,44.5,77.3,26.3,39,28.7,26.2,6.1,27.6,3.1
"Grisham, Trent",2021,23,0.482,0.368,0.366,88.3,13.5,37.9,11.1,3.9,41.8,58,18,43.8,22.2,25.5,8.5,29.1,1.9848484848484849
"Happ, Ian",2021,25,0.469,0.362,0.365,91.1,9,37.5,10.3,5.1,48.5,64.4,24.2,47.1,19.9,30.1,2.9,27.1,1.662162162162162
"Lowe, Brandon",2021,25,0.55,0.384,0.356,89.8,18.1,37.2,17.5,5.1,43.1,72.6,21.1,32.8,32.1,27,8,27.4,2.577181208053691
"Fletcher, David",2021,26,0.351,0.316,0.352,84.7,4.1,30.8,0.5,1.1,17.8,47.3,26,55.1,13,27,4.9,27.3,1.9745222929936304
"Tatis Jr., Fernando",2021,21,0.614,0.422,0.386,95.9,8.7,32.3,19.5,7.9,62.2,71.8,26.1,48.2,26.2,24.4,1.2,29.4,3.246153846153846
"Guerrero Jr., Vladimir",2021,21,0.439,0.333,0.329,92.5,4.6,29.5,8.7,6,50.8,74,24.6,54.6,21.9,19.7,3.8,25.3,3.583850931677018
"Soto, Juan",2021,21,0.696,0.475,0.475,92.1,4.3,33.3,18.3,6.3,51.6,61.2,15.9,53.2,21.4,23,2.4,26.2,3.543046357615894
"Gurriel Jr., Lourdes",2021,26,0.486,0.347,0.325,90.8,10.5,39.5,11.7,3.1,49.4,70.7,33.9,41.4,21,32.1,5.6,26.3,2.198581560283688
"Reynolds, Bryan",2021,25,0.403,0.314,0.31,87.5,10.2,35.2,10.2,3.9,38.3,70,27.7,44.5,28.1,24.2,3.1,28.2,2.742138364779874
"Edman, Tommy",2021,25,0.367,0.315,0.334,86.5,8.2,31,3.8,4.4,33.5,61,25.6,51.3,14.6,25.9,8.2,28.9,2.3144654088050314
"Solak, Nick",2021,25,0.388,0.318,0.326,89.9,9.4,27.5,4.7,7,40.4,64.1,24.2,48.5,26.3,21.6,3.5,28.6,1.6220472440944882
"Lopez, Nicky",2021,25,0.308,0.287,0.319,84.9,1.4,30.5,1.5,3.1,26.7,64.2,25.2,56.5,11.5,27.5,4.6,27.8,2.0264900662251657
"Devers, Rafael",2019,NA,NA,NA,NA,NA,NA,NA,NA,NA,NA,NA,NA,NA,NA,NA,NA,NA,3.4615384615384617
"Tatis Jr., Fernando",2020,NA,NA,NA,NA,NA,NA,NA,NA,NA,NA,NA,NA,NA,NA,NA,NA,NA,3.389830508474576
"Soto, Juan",2019,NA,NA,NA,NA,NA,NA,NA,NA,NA,NA,NA,NA,NA,NA,NA,NA,NA,3.3666666666666667
"Acuna Jr., Ronald",2019,NA,NA,NA,NA,NA,NA,NA,NA,NA,NA,NA,NA,NA,NA,NA,NA,NA,3.0576923076923075
"Yastrzemski, Mike",2020,NA,NA,NA,NA,NA,NA,NA,NA,NA,NA,NA,NA,NA,NA,NA,NA,NA,2.962962962962963
"McNeil, Jeff",2019,NA,NA,NA,NA,NA,NA,NA,NA,NA,NA,NA,NA,NA,NA,NA,NA,NA,2.962406015037594
"Smith, Dominic",2020,NA,NA,NA,NA,NA,NA,NA,NA,NA,NA,NA,NA,NA,NA,NA,NA,NA,2.94
"Ohtani, Shohei",2021,NA,NA,NA,NA,NA,NA,NA,NA,NA,NA,NA,NA,NA,NA,NA,NA,NA,2.9290322580645163
"Meadows, Austin",2019,NA,NA,NA,NA,NA,NA,NA,NA,NA,NA,NA,NA,NA,NA,NA,NA,NA,2.920289855072464
"Albies, Ozzie",2021,NA,NA,NA,NA,NA,NA,NA,NA,NA,NA,NA,NA,NA,NA,NA,NA,NA,2.9166666666666665
"La Stella, Tommy",2020,NA,NA,NA,NA,NA,NA,NA,NA,NA,NA,NA,NA,NA,NA,NA,NA,NA,2.909090909090909
"Bichette, Bo",2021,NA,NA,NA,NA,NA,NA,NA,NA,NA,NA,NA,NA,NA,NA,NA,NA,NA,2.89937106918239
"Bregman, Alex",2022,NA,NA,NA,NA,NA,NA,NA,NA,NA,NA,NA,NA,NA,NA,NA,NA,NA,2.8774193548387097
"Polanco, Jorge",2019,NA,NA,NA,NA,NA,NA,NA,NA,NA,NA,NA,NA,NA,NA,NA,NA,NA,2.8758169934640523
"Myers, Wil",2020,NA,NA,NA,NA,NA,NA,NA,NA,NA,NA,NA,NA,NA,NA,NA,NA,NA,2.872727272727273
"Alonso, Pete",2019,NA,NA,NA,NA,NA,NA,NA,NA,NA,NA,NA,NA,NA,NA,NA,NA,NA,2.8633540372670807
"Springer III, George",2022,NA,NA,NA,NA,NA,NA,NA,NA,NA,NA,NA,NA,NA,NA,NA,NA,NA,2.819548872180451
"Gregorius, Didi",2020,NA,NA,NA,NA,NA,NA,NA,NA,NA,NA,NA,NA,NA,NA,NA,NA,NA,2.816666666666667
"Muncy, Max",2019,NA,NA,NA,NA,NA,NA,NA,NA,NA,NA,NA,NA,NA,NA,NA,NA,NA,2.801418439716312
"Tucker, Kyle",2020,NA,NA,NA,NA,NA,NA,NA,NA,NA,NA,NA,NA,NA,NA,NA,NA,NA,2.793103448275862
"Torres, Gleyber",2019,NA,NA,NA,NA,NA,NA,NA,NA,NA,NA,NA,NA,NA,NA,NA,NA,NA,2.7916666666666665
"Seager, Kyle",2020,NA,NA,NA,NA,NA,NA,NA,NA,NA,NA,NA,NA,NA,NA,NA,NA,NA,2.783333333333333
"Judge, Aaron",2021,NA,NA,NA,NA,NA,NA,NA,NA,NA,NA,NA,NA,NA,NA,NA,NA,NA,2.7635135135135136
"Soler, Jorge",2019,NA,NA,NA,NA,NA,NA,NA,NA,NA,NA,NA,NA,NA,NA,NA,NA,NA,2.746913580246914
"Donaldson, Josh",2019,NA,NA,NA,NA,NA,NA,NA,NA,NA,NA,NA,NA,NA,NA,NA,NA,NA,2.7419354838709675
"Bryant, Kris",2019,NA,NA,NA,NA,NA,NA,NA,NA,NA,NA,NA,NA,NA,NA,NA,NA,NA,2.727891156462585
"Alvarez, Yordan",2021,NA,NA,NA,NA,NA,NA,NA,NA,NA,NA,NA,NA,NA,NA,NA,NA,NA,2.6875
"Mullins II, Cedric",2021,NA,NA,NA,NA,NA,NA,NA,NA,NA,NA,NA,NA,NA,NA,NA,NA,NA,2.679245283018868
"Lowe, Brandon",2020,NA,NA,NA,NA,NA,NA,NA,NA,NA,NA,NA,NA,NA,NA,NA,NA,NA,2.6785714285714284
"Seager, Corey",2022,NA,NA,NA,NA,NA,NA,NA,NA,NA,NA,NA,NA,NA,NA,NA,NA,NA,2.662251655629139
"Hernandez, Teoscar",2020,NA,NA,NA,NA,NA,NA,NA,NA,NA,NA,NA,NA,NA,NA,NA,NA,NA,2.66
"Turner, Justin",2019,NA,NA,NA,NA,NA,NA,NA,NA,NA,NA,NA,NA,NA,NA,NA,NA,NA,2.637037037037037
"Kwan, Steven",2022,NA,NA,NA,NA,NA,NA,NA,NA,NA,NA,NA,NA,NA,NA,NA,NA,NA,2.63265306122449
"Aguilar, Jesus",2020,NA,NA,NA,NA,NA,NA,NA,NA,NA,NA,NA,NA,NA,NA,NA,NA,NA,2.627450980392157
"Seager, Corey",2019,NA,NA,NA,NA,NA,NA,NA,NA,NA,NA,NA,NA,NA,NA,NA,NA,NA,2.626865671641791
"Arraez, Luis",2022,NA,NA,NA,NA,NA,NA,NA,NA,NA,NA,NA,NA,NA,NA,NA,NA,NA,2.625
"Pollock, AJ",2020,NA,NA,NA,NA,NA,NA,NA,NA,NA,NA,NA,NA,NA,NA,NA,NA,NA,2.618181818181818
"Turner, Justin",2021,NA,NA,NA,NA,NA,NA,NA,NA,NA,NA,NA,NA,NA,NA,NA,NA,NA,2.589403973509934
"Flores, Wilmer",2020,NA,NA,NA,NA,NA,NA,NA,NA,NA,NA,NA,NA,NA,NA,NA,NA,NA,2.581818181818182
"Pujols, Albert",2019,NA,NA,NA,NA,NA,NA,NA,NA,NA,NA,NA,NA,NA,NA,NA,NA,NA,2.572519083969466
"Smith, Will",2022,NA,NA,NA,NA,NA,NA,NA,NA,NA,NA,NA,NA,NA,NA,NA,NA,NA,2.56934306569343
"Rodriguez, Julio",2022,NA,NA,NA,NA,NA,NA,NA,NA,NA,NA,NA,NA,NA,NA,NA,NA,NA,2.5681818181818183
"Meadows, Austin",2021,NA,NA,NA,NA,NA,NA,NA,NA,NA,NA,NA,NA,NA,NA,NA,NA,NA,2.556338028169014
"Biggio, Cavan",2020,NA,NA,NA,NA,NA,NA,NA,NA,NA,NA,NA,NA,NA,NA,NA,NA,NA,2.542372881355932
"Haniger, Mitch",2021,NA,NA,NA,NA,NA,NA,NA,NA,NA,NA,NA,NA,NA,NA,NA,NA,NA,2.5286624203821657
"Perez, Salvador",2021,NA,NA,NA,NA,NA,NA,NA,NA,NA,NA,NA,NA,NA,NA,NA,NA,NA,2.515527950310559
"Newman, Kevin",2019,NA,NA,NA,NA,NA,NA,NA,NA,NA,NA,NA,NA,NA,NA,NA,NA,NA,2.5153846153846153
"Renfroe, Hunter",2021,NA,NA,NA,NA,NA,NA,NA,NA,NA,NA,NA,NA,NA,NA,NA,NA,NA,2.5069444444444446
"Cron, C.J.",2021,NA,NA,NA,NA,NA,NA,NA,NA,NA,NA,NA,NA,NA,NA,NA,NA,NA,2.5
"Drury, Brandon",2022,NA,NA,NA,NA,NA,NA,NA,NA,NA,NA,NA,NA,NA,NA,NA,NA,NA,2.4855072463768115
"Nimmo, Brandon",2022,NA,NA,NA,NA,NA,NA,NA,NA,NA,NA,NA,NA,NA,NA,NA,NA,NA,2.4834437086092715
"Walker, Christian",2022,NA,NA,NA,NA,NA,NA,NA,NA,NA,NA,NA,NA,NA,NA,NA,NA,NA,2.475
"Gurriel Jr., Lourdes",2020,NA,NA,NA,NA,NA,NA,NA,NA,NA,NA,NA,NA,NA,NA,NA,NA,NA,2.473684210526316
"Schwarber, Kyle",2022,NA,NA,NA,NA,NA,NA,NA,NA,NA,NA,NA,NA,NA,NA,NA,NA,NA,2.458064516129032
"Dozier, Hunter",2019,NA,NA,NA,NA,NA,NA,NA,NA,NA,NA,NA,NA,NA,NA,NA,NA,NA,2.4532374100719423
"Eaton, Adam",2019,NA,NA,NA,NA,NA,NA,NA,NA,NA,NA,NA,NA,NA,NA,NA,NA,NA,2.437086092715232
"Andrus, Elvis",2019,NA,NA,NA,NA,NA,NA,NA,NA,NA,NA,NA,NA,NA,NA,NA,NA,NA,2.435374149659864
"Reynolds, Bryan",2019,NA,NA,NA,NA,NA,NA,NA,NA,NA,NA,NA,NA,NA,NA,NA,NA,NA,2.4328358208955225
"McNeil, Jeff",2022,NA,NA,NA,NA,NA,NA,NA,NA,NA,NA,NA,NA,NA,NA,NA,NA,NA,2.4324324324324325
"Grisham, Trent",2020,NA,NA,NA,NA,NA,NA,NA,NA,NA,NA,NA,NA,NA,NA,NA,NA,NA,2.4237288135593222
"McCutchen, Andrew",2020,NA,NA,NA,NA,NA,NA,NA,NA,NA,NA,NA,NA,NA,NA,NA,NA,NA,2.4210526315789473
"Hernandez, Enrique",2021,NA,NA,NA,NA,NA,NA,NA,NA,NA,NA,NA,NA,NA,NA,NA,NA,NA,2.417910447761194
"Nimmo, Brandon",2020,NA,NA,NA,NA,NA,NA,NA,NA,NA,NA,NA,NA,NA,NA,NA,NA,NA,2.4
"Donaldson, Josh",2021,NA,NA,NA,NA,NA,NA,NA,NA,NA,NA,NA,NA,NA,NA,NA,NA,NA,2.3851851851851853
"Candelario, Jeimer",2020,NA,NA,NA,NA,NA,NA,NA,NA,NA,NA,NA,NA,NA,NA,NA,NA,NA,2.3846153846153846
"Santana, Danny",2019,NA,NA,NA,NA,NA,NA,NA,NA,NA,NA,NA,NA,NA,NA,NA,NA,NA,2.3846153846153846
"Bryant, Kris",2021,NA,NA,NA,NA,NA,NA,NA,NA,NA,NA,NA,NA,NA,NA,NA,NA,NA,2.3819444444444446
"Santander, Anthony",2022,NA,NA,NA,NA,NA,NA,NA,NA,NA,NA,NA,NA,NA,NA,NA,NA,NA,2.375
"Stanton, Giancarlo",2021,NA,NA,NA,NA,NA,NA,NA,NA,NA,NA,NA,NA,NA,NA,NA,NA,NA,2.3741007194244603
"Franco, Maikel",2020,NA,NA,NA,NA,NA,NA,NA,NA,NA,NA,NA,NA,NA,NA,NA,NA,NA,2.3666666666666667
"India, Jonathan",2021,NA,NA,NA,NA,NA,NA,NA,NA,NA,NA,NA,NA,NA,NA,NA,NA,NA,2.3533333333333335
"Ward, Taylor",2022,NA,NA,NA,NA,NA,NA,NA,NA,NA,NA,NA,NA,NA,NA,NA,NA,NA,2.348148148148148
"O'Neill, Tyler",2021,NA,NA,NA,NA,NA,NA,NA,NA,NA,NA,NA,NA,NA,NA,NA,NA,NA,2.347826086956522
"Fletcher, David",2019,NA,NA,NA,NA,NA,NA,NA,NA,NA,NA,NA,NA,NA,NA,NA,NA,NA,2.3376623376623376
"Walsh, Jared",2021,NA,NA,NA,NA,NA,NA,NA,NA,NA,NA,NA,NA,NA,NA,NA,NA,NA,2.3333333333333335
"Hicks, Aaron",2020,NA,NA,NA,NA,NA,NA,NA,NA,NA,NA,NA,NA,NA,NA,NA,NA,NA,2.3333333333333335
"Jimenez, Eloy",2019,NA,NA,NA,NA,NA,NA,NA,NA,NA,NA,NA,NA,NA,NA,NA,NA,NA,2.3278688524590163
"Kirk, Alejandro",2022,NA,NA,NA,NA,NA,NA,NA,NA,NA,NA,NA,NA,NA,NA,NA,NA,NA,2.316546762589928
"France, Ty",2021,NA,NA,NA,NA,NA,NA,NA,NA,NA,NA,NA,NA,NA,NA,NA,NA,NA,2.3157894736842106
"Puig, Yasiel",2019,NA,NA,NA,NA,NA,NA,NA,NA,NA,NA,NA,NA,NA,NA,NA,NA,NA,2.3087248322147653
"Verdugo, Alex",2020,NA,NA,NA,NA,NA,NA,NA,NA,NA,NA,NA,NA,NA,NA,NA,NA,NA,2.30188679245283
"Pederson, Joc",2019,NA,NA,NA,NA,NA,NA,NA,NA,NA,NA,NA,NA,NA,NA,NA,NA,NA,2.2751677852348995
"Grossman, Robbie",2020,NA,NA,NA,NA,NA,NA,NA,NA,NA,NA,NA,NA,NA,NA,NA,NA,NA,2.2745098039215685
"Acuna Jr., Ronald",2022,NA,NA,NA,NA,NA,NA,NA,NA,NA,NA,NA,NA,NA,NA,NA,NA,NA,2.26890756302521
"Witt Jr., Bobby",2022,NA,NA,NA,NA,NA,NA,NA,NA,NA,NA,NA,NA,NA,NA,NA,NA,NA,2.2666666666666666
"Duvall, Adam",2020,NA,NA,NA,NA,NA,NA,NA,NA,NA,NA,NA,NA,NA,NA,NA,NA,NA,2.263157894736842
"Guerrero Jr., Vladimir",2019,NA,NA,NA,NA,NA,NA,NA,NA,NA,NA,NA,NA,NA,NA,NA,NA,NA,2.252032520325203
"Benintendi, Andrew",2021,NA,NA,NA,NA,NA,NA,NA,NA,NA,NA,NA,NA,NA,NA,NA,NA,NA,2.246268656716418
"Hoerner, Nico",2022,NA,NA,NA,NA,NA,NA,NA,NA,NA,NA,NA,NA,NA,NA,NA,NA,NA,2.2444444444444445
"Hays, Austin",2021,NA,NA,NA,NA,NA,NA,NA,NA,NA,NA,NA,NA,NA,NA,NA,NA,NA,2.2442748091603053
"Tellez, Rowdy",2022,NA,NA,NA,NA,NA,NA,NA,NA,NA,NA,NA,NA,NA,NA,NA,NA,NA,2.241830065359477
"DeJong, Paul",2019,NA,NA,NA,NA,NA,NA,NA,NA,NA,NA,NA,NA,NA,NA,NA,NA,NA,2.238993710691824
"Profar, Jurickson",2022,NA,NA,NA,NA,NA,NA,NA,NA,NA,NA,NA,NA,NA,NA,NA,NA,NA,2.236842105263158
"Voit III, Luke",2019,NA,NA,NA,NA,NA,NA,NA,NA,NA,NA,NA,NA,NA,NA,NA,NA,NA,2.2203389830508473
"Schoop, Jonathan",2021,NA,NA,NA,NA,NA,NA,NA,NA,NA,NA,NA,NA,NA,NA,NA,NA,NA,2.217948717948718
"Heyward, Jason",2019,NA,NA,NA,NA,NA,NA,NA,NA,NA,NA,NA,NA,NA,NA,NA,NA,NA,2.217687074829932
"Taylor, Chris",2020,NA,NA,NA,NA,NA,NA,NA,NA,NA,NA,NA,NA,NA,NA,NA,NA,NA,2.2142857142857144
"Arozarena, Randy",2021,NA,NA,NA,NA,NA,NA,NA,NA,NA,NA,NA,NA,NA,NA,NA,NA,NA,2.2127659574468086
"Garcia, Avisail",2019,NA,NA,NA,NA,NA,NA,NA,NA,NA,NA,NA,NA,NA,NA,NA,NA,NA,2.208
"Cronenworth, Jake",2020,NA,NA,NA,NA,NA,NA,NA,NA,NA,NA,NA,NA,NA,NA,NA,NA,NA,2.2037037037037037
"Canha, Mark",2020,NA,NA,NA,NA,NA,NA,NA,NA,NA,NA,NA,NA,NA,NA,NA,NA,NA,2.2033898305084745
"Vazquez, Christian",2019,NA,NA,NA,NA,NA,NA,NA,NA,NA,NA,NA,NA,NA,NA,NA,NA,NA,2.2028985507246377
"Braun, Ryan",2019,NA,NA,NA,NA,NA,NA,NA,NA,NA,NA,NA,NA,NA,NA,NA,NA,NA,2.201388888888889
"Crawford, J.P.",2020,NA,NA,NA,NA,NA,NA,NA,NA,NA,NA,NA,NA,NA,NA,NA,NA,NA,2.188679245283019
"Alberto, Hanser",2019,NA,NA,NA,NA,NA,NA,NA,NA,NA,NA,NA,NA,NA,NA,NA,NA,NA,2.1870503597122304
"Walker, Christian",2019,NA,NA,NA,NA,NA,NA,NA,NA,NA,NA,NA,NA,NA,NA,NA,NA,NA,2.1776315789473686
"Frazier, Adam",2019,NA,NA,NA,NA,NA,NA,NA,NA,NA,NA,NA,NA,NA,NA,NA,NA,NA,2.1776315789473686
"Diaz, Yandy",2021,NA,NA,NA,NA,NA,NA,NA,NA,NA,NA,NA,NA,NA,NA,NA,NA,NA,2.171641791044776
"Vaughn, Andrew",2022,NA,NA,NA,NA,NA,NA,NA,NA,NA,NA,NA,NA,NA,NA,NA,NA,NA,2.1641791044776117
"Hoskins, Rhys",2022,NA,NA,NA,NA,NA,NA,NA,NA,NA,NA,NA,NA,NA,NA,NA,NA,NA,2.16025641025641
"Happ, Ian",2020,NA,NA,NA,NA,NA,NA,NA,NA,NA,NA,NA,NA,NA,NA,NA,NA,NA,2.1578947368421053
"Rodgers, Brendan",2022,NA,NA,NA,NA,NA,NA,NA,NA,NA,NA,NA,NA,NA,NA,NA,NA,NA,2.153284671532847
"Mountcastle, Ryan",2021,NA,NA,NA,NA,NA,NA,NA,NA,NA,NA,NA,NA,NA,NA,NA,NA,NA,2.1527777777777777
"Rojas, Miguel",2021,NA,NA,NA,NA,NA,NA,NA,NA,NA,NA,NA,NA,NA,NA,NA,NA,NA,2.1515151515151514
"Urias, Luis",2021,NA,NA,NA,NA,NA,NA,NA,NA,NA,NA,NA,NA,NA,NA,NA,NA,NA,2.1466666666666665
"Lewis, Kyle",2020,NA,NA,NA,NA,NA,NA,NA,NA,NA,NA,NA,NA,NA,NA,NA,NA,NA,2.1206896551724137
"Ramos, Wilson",2019,NA,NA,NA,NA,NA,NA,NA,NA,NA,NA,NA,NA,NA,NA,NA,NA,NA,2.1134751773049647
"Gimenez, Andres",2022,NA,NA,NA,NA,NA,NA,NA,NA,NA,NA,NA,NA,NA,NA,NA,NA,NA,2.095890410958904
"Wong, Kolten",2019,NA,NA,NA,NA,NA,NA,NA,NA,NA,NA,NA,NA,NA,NA,NA,NA,NA,2.0945945945945947
"Estrada, Thairo",2022,NA,NA,NA,NA,NA,NA,NA,NA,NA,NA,NA,NA,NA,NA,NA,NA,NA,2.092857142857143
"Yelich, Christian",2022,NA,NA,NA,NA,NA,NA,NA,NA,NA,NA,NA,NA,NA,NA,NA,NA,NA,2.0844155844155843
"Reddick, Josh",2019,NA,NA,NA,NA,NA,NA,NA,NA,NA,NA,NA,NA,NA,NA,NA,NA,NA,2.078014184397163
"Nunez, Renato",2019,NA,NA,NA,NA,NA,NA,NA,NA,NA,NA,NA,NA,NA,NA,NA,NA,NA,2.0728476821192054
"Harrison, Josh",2021,NA,NA,NA,NA,NA,NA,NA,NA,NA,NA,NA,NA,NA,NA,NA,NA,NA,2.0652173913043477
"Vogelbach, Daniel",2019,NA,NA,NA,NA,NA,NA,NA,NA,NA,NA,NA,NA,NA,NA,NA,NA,NA,2.048611111111111
"Peralta, David",2020,NA,NA,NA,NA,NA,NA,NA,NA,NA,NA,NA,NA,NA,NA,NA,NA,NA,2.037037037037037
"Solano, Donovan",2020,NA,NA,NA,NA,NA,NA,NA,NA,NA,NA,NA,NA,NA,NA,NA,NA,NA,2.037037037037037
"Marte, Ketel",2022,NA,NA,NA,NA,NA,NA,NA,NA,NA,NA,NA,NA,NA,NA,NA,NA,NA,2.0364963503649633
"Flores, Wilmer",2022,NA,NA,NA,NA,NA,NA,NA,NA,NA,NA,NA,NA,NA,NA,NA,NA,NA,2.0264900662251657
"Varsho, Daulton",2022,NA,NA,NA,NA,NA,NA,NA,NA,NA,NA,NA,NA,NA,NA,NA,NA,NA,2.019867549668874
"Bohm, Alec",2022,NA,NA,NA,NA,NA,NA,NA,NA,NA,NA,NA,NA,NA,NA,NA,NA,NA,2.0197368421052633
"Mancini III, Trey",2021,NA,NA,NA,NA,NA,NA,NA,NA,NA,NA,NA,NA,NA,NA,NA,NA,NA,2.0136054421768708
"Rosario, Amed",2021,NA,NA,NA,NA,NA,NA,NA,NA,NA,NA,NA,NA,NA,NA,NA,NA,NA,2.00709219858156
"Ruiz, Rio",2020,NA,NA,NA,NA,NA,NA,NA,NA,NA,NA,NA,NA,NA,NA,NA,NA,NA,2
"Murphy, Sean",2022,NA,NA,NA,NA,NA,NA,NA,NA,NA,NA,NA,NA,NA,NA,NA,NA,NA,1.9932432432432432
"Urshela, Gio",2022,NA,NA,NA,NA,NA,NA,NA,NA,NA,NA,NA,NA,NA,NA,NA,NA,NA,1.9861111111111112
"Tapia, Raimel",2020,NA,NA,NA,NA,NA,NA,NA,NA,NA,NA,NA,NA,NA,NA,NA,NA,NA,1.9803921568627452
"Rengifo, Luis",2022,NA,NA,NA,NA,NA,NA,NA,NA,NA,NA,NA,NA,NA,NA,NA,NA,NA,1.9763779527559056
"Grichuk, Randal",2019,NA,NA,NA,NA,NA,NA,NA,NA,NA,NA,NA,NA,NA,NA,NA,NA,NA,1.966887417218543
"Reyes, Franmil",2019,NA,NA,NA,NA,NA,NA,NA,NA,NA,NA,NA,NA,NA,NA,NA,NA,NA,1.96
"Soler, Jorge",2021,NA,NA,NA,NA,NA,NA,NA,NA,NA,NA,NA,NA,NA,NA,NA,NA,NA,1.9597315436241611
"Belt, Brandon",2019,NA,NA,NA,NA,NA,NA,NA,NA,NA,NA,NA,NA,NA,NA,NA,NA,NA,1.955128205128205
"Robles, Victor",2019,NA,NA,NA,NA,NA,NA,NA,NA,NA,NA,NA,NA,NA,NA,NA,NA,NA,1.9548387096774191
"Dickerson, Corey",2020,NA,NA,NA,NA,NA,NA,NA,NA,NA,NA,NA,NA,NA,NA,NA,NA,NA,1.9423076923076923
"Straw, Myles",2021,NA,NA,NA,NA,NA,NA,NA,NA,NA,NA,NA,NA,NA,NA,NA,NA,NA,1.9367088607594936
"Lowe, Nathaniel",2021,NA,NA,NA,NA,NA,NA,NA,NA,NA,NA,NA,NA,NA,NA,NA,NA,NA,1.9363057324840764
"Carlson, Dylan",2021,NA,NA,NA,NA,NA,NA,NA,NA,NA,NA,NA,NA,NA,NA,NA,NA,NA,1.9328859060402688
"Iglesias, Jose",2019,NA,NA,NA,NA,NA,NA,NA,NA,NA,NA,NA,NA,NA,NA,NA,NA,NA,1.9315068493150684
"McMahon, Ryan",2019,NA,NA,NA,NA,NA,NA,NA,NA,NA,NA,NA,NA,NA,NA,NA,NA,NA,1.9148936170212767
"Garcia, Adolis",2021,NA,NA,NA,NA,NA,NA,NA,NA,NA,NA,NA,NA,NA,NA,NA,NA,NA,1.912751677852349
"Robert Jr., Luis",2020,NA,NA,NA,NA,NA,NA,NA,NA,NA,NA,NA,NA,NA,NA,NA,NA,NA,1.9107142857142856
"Riley, Austin",2020,NA,NA,NA,NA,NA,NA,NA,NA,NA,NA,NA,NA,NA,NA,NA,NA,NA,1.8823529411764703
"Pena, Jeremy",2022,NA,NA,NA,NA,NA,NA,NA,NA,NA,NA,NA,NA,NA,NA,NA,NA,NA,1.875
"Chisholm Jr., Jazz",2021,NA,NA,NA,NA,NA,NA,NA,NA,NA,NA,NA,NA,NA,NA,NA,NA,NA,1.870967741935484
"Mondesi, Adalberto",2020,NA,NA,NA,NA,NA,NA,NA,NA,NA,NA,NA,NA,NA,NA,NA,NA,NA,1.8644067796610169
"Santana, Domingo",2019,NA,NA,NA,NA,NA,NA,NA,NA,NA,NA,NA,NA,NA,NA,NA,NA,NA,1.859504132231405
"Kim, Ha-Seong",2022,NA,NA,NA,NA,NA,NA,NA,NA,NA,NA,NA,NA,NA,NA,NA,NA,NA,1.8533333333333333
"Iglesias, Jose",2021,NA,NA,NA,NA,NA,NA,NA,NA,NA,NA,NA,NA,NA,NA,NA,NA,NA,1.8467153284671536
"Melendez Jr., MJ",2022,NA,NA,NA,NA,NA,NA,NA,NA,NA,NA,NA,NA,NA,NA,NA,NA,NA,1.837209302325581
"Fowler, Dexter",2019,NA,NA,NA,NA,NA,NA,NA,NA,NA,NA,NA,NA,NA,NA,NA,NA,NA,1.8333333333333333
"Kiner-Falefa, Isiah",2020,NA,NA,NA,NA,NA,NA,NA,NA,NA,NA,NA,NA,NA,NA,NA,NA,NA,1.827586206896552
"Contreras, Willson",2020,NA,NA,NA,NA,NA,NA,NA,NA,NA,NA,NA,NA,NA,NA,NA,NA,NA,1.824561403508772
"Edman, Tommy",2020,NA,NA,NA,NA,NA,NA,NA,NA,NA,NA,NA,NA,NA,NA,NA,NA,NA,1.818181818181818
"Solak, Nick",2020,NA,NA,NA,NA,NA,NA,NA,NA,NA,NA,NA,NA,NA,NA,NA,NA,NA,1.8103448275862069
"Hosmer, Eric",2021,NA,NA,NA,NA,NA,NA,NA,NA,NA,NA,NA,NA,NA,NA,NA,NA,NA,1.8079470198675496
"Torres, Gleyber",2021,NA,NA,NA,NA,NA,NA,NA,NA,NA,NA,NA,NA,NA,NA,NA,NA,NA,1.8031496062992125
"Winker, Jesse",2022,NA,NA,NA,NA,NA,NA,NA,NA,NA,NA,NA,NA,NA,NA,NA,NA,NA,1.7794117647058822
"Lowrie, Jed",2021,NA,NA,NA,NA,NA,NA,NA,NA,NA,NA,NA,NA,NA,NA,NA,NA,NA,1.776978417266187
"Brown, Seth",2022,NA,NA,NA,NA,NA,NA,NA,NA,NA,NA,NA,NA,NA,NA,NA,NA,NA,1.7733333333333334
"Garcia, Leury",2019,NA,NA,NA,NA,NA,NA,NA,NA,NA,NA,NA,NA,NA,NA,NA,NA,NA,1.7714285714285714
"Kemp, Tony",2022,NA,NA,NA,NA,NA,NA,NA,NA,NA,NA,NA,NA,NA,NA,NA,NA,NA,1.7687074829931972
"Pollock, AJ",2022,NA,NA,NA,NA,NA,NA,NA,NA,NA,NA,NA,NA,NA,NA,NA,NA,NA,1.7681159420289856
"Smith, Pavin",2021,NA,NA,NA,NA,NA,NA,NA,NA,NA,NA,NA,NA,NA,NA,NA,NA,NA,1.7586206896551724
"Ozuna, Marcell",2022,NA,NA,NA,NA,NA,NA,NA,NA,NA,NA,NA,NA,NA,NA,NA,NA,NA,1.75
"Rojas, Josh",2021,NA,NA,NA,NA,NA,NA,NA,NA,NA,NA,NA,NA,NA,NA,NA,NA,NA,1.7410071942446044
"Pham, Tommy",2021,NA,NA,NA,NA,NA,NA,NA,NA,NA,NA,NA,NA,NA,NA,NA,NA,NA,1.735483870967742
"Cabrera, Miguel",2019,NA,NA,NA,NA,NA,NA,NA,NA,NA,NA,NA,NA,NA,NA,NA,NA,NA,1.7352941176470589
"Farmer, Kyle",2021,NA,NA,NA,NA,NA,NA,NA,NA,NA,NA,NA,NA,NA,NA,NA,NA,NA,1.7074829931972788
"Davis, J.D.",2020,NA,NA,NA,NA,NA,NA,NA,NA,NA,NA,NA,NA,NA,NA,NA,NA,NA,1.6785714285714286
"Reyes, Victor",2020,NA,NA,NA,NA,NA,NA,NA,NA,NA,NA,NA,NA,NA,NA,NA,NA,NA,1.649122807017544
"Bellinger, Cody",2022,NA,NA,NA,NA,NA,NA,NA,NA,NA,NA,NA,NA,NA,NA,NA,NA,NA,1.6388888888888888
"Newman, Kevin",2021,NA,NA,NA,NA,NA,NA,NA,NA,NA,NA,NA,NA,NA,NA,NA,NA,NA,1.6283783783783785
"Moran, Colin",2019,NA,NA,NA,NA,NA,NA,NA,NA,NA,NA,NA,NA,NA,NA,NA,NA,NA,1.604026845637584
"Chapman, Matt",2021,NA,NA,NA,NA,NA,NA,NA,NA,NA,NA,NA,NA,NA,NA,NA,NA,NA,1.596026490066225
"Thomas, Lane",2022,NA,NA,NA,NA,NA,NA,NA,NA,NA,NA,NA,NA,NA,NA,NA,NA,NA,1.5890410958904109
"Hayes, Ke'Bryan",2022,NA,NA,NA,NA,NA,NA,NA,NA,NA,NA,NA,NA,NA,NA,NA,NA,NA,1.588235294117647
"Adames, Willy",2019,NA,NA,NA,NA,NA,NA,NA,NA,NA,NA,NA,NA,NA,NA,NA,NA,NA,1.5789473684210529
"Wisdom, Patrick",2022,NA,NA,NA,NA,NA,NA,NA,NA,NA,NA,NA,NA,NA,NA,NA,NA,NA,1.5746268656716418
"Laureano, Ramon",2020,NA,NA,NA,NA,NA,NA,NA,NA,NA,NA,NA,NA,NA,NA,NA,NA,NA,1.5740740740740742
"Correa, Carlos",2020,NA,NA,NA,NA,NA,NA,NA,NA,NA,NA,NA,NA,NA,NA,NA,NA,NA,1.5689655172413792
"Voit III, Luke",2022,NA,NA,NA,NA,NA,NA,NA,NA,NA,NA,NA,NA,NA,NA,NA,NA,NA,1.4962962962962962
"Andrus, Elvis",2021,NA,NA,NA,NA,NA,NA,NA,NA,NA,NA,NA,NA,NA,NA,NA,NA,NA,1.4931506849315068
"Arcia, Orlando",2019,NA,NA,NA,NA,NA,NA,NA,NA,NA,NA,NA,NA,NA,NA,NA,NA,NA,1.480263157894737
"Mateo, Jorge",2022,NA,NA,NA,NA,NA,NA,NA,NA,NA,NA,NA,NA,NA,NA,NA,NA,NA,1.4333333333333331
"Hiura, Keston",2020,NA,NA,NA,NA,NA,NA,NA,NA,NA,NA,NA,NA,NA,NA,NA,NA,NA,1.423728813559322
"Sano, Miguel",2020,NA,NA,NA,NA,NA,NA,NA,NA,NA,NA,NA,NA,NA,NA,NA,NA,NA,1.3773584905660377
"Taylor, Michael A.",2021,NA,NA,NA,NA,NA,NA,NA,NA,NA,NA,NA,NA,NA,NA,NA,NA,NA,1.3169014084507042
"Gonzalez, Marwin",2020,NA,NA,NA,NA,NA,NA,NA,NA,NA,NA,NA,NA,NA,NA,NA,NA,NA,1.30188679245283
"Gallo, Joey",2020,NA,NA,NA,NA,NA,NA,NA,NA,NA,NA,NA,NA,NA,NA,NA,NA,NA,1.2982456140350878
"Gonzalez, Erik",2020,NA,NA,NA,NA,NA,NA,NA,NA,NA,NA,NA,NA,NA,NA,NA,NA,NA,1.16
"Lopez, Nicky",2020,NA,NA,NA,NA,NA,NA,NA,NA,NA,NA,NA,NA,NA,NA,NA,NA,NA,0.8928571428571429
"White, Evan",2020,NA,NA,NA,NA,NA,NA,NA,NA,NA,NA,NA,NA,NA,NA,NA,NA,NA,0.7962962962962963
