last_name, first_name,player_id,year,xslg,xwoba,xobp,exit_velocity_avg,launch_angle_avg,sweet_spot_percent,barrel_batted_rate,solidcontact_percent,hard_hit_percent,z_swing_percent,oz_swing_percent,groundballs_percent,flyballs_percent,linedrives_percent,popups_percent,sprint_speed,
Pujols, Albert,405395,2019,.428,.319,.314,88.3,12.5,26.5,5.8,3.7,36.6,59.6,30.8,46.2,26.7,16.9,10.2,22.5,
Cabrera, Miguel,408234,2019,.436,.331,.337,90.3,12.3,38.2,6.4,7.2,44.7,67.9,33.9,44.9,22.3,27.9,4.9,23.5,
Choo, Shin-Soo,425783,2019,.474,.362,.370,91.9,9.2,31.8,8.8,9,49,64.8,20.4,50.6,22.3,23.6,3.5,26.6,
Jones, Adam,430945,2019,.432,.319,.312,86.2,13.5,31.3,6.7,5.4,31,72.3,39.3,43.9,25.8,21.2,9,26.9,
Cruz Jr., Nelson,443558,2019,.637,.415,.377,93.7,13.1,38.3,19.9,8.3,51.5,69.9,27.3,40.5,24.8,27,7.7,25.3,
Longoria, Evan,446334,2019,.491,.351,.340,89.7,14,35.8,7.5,8.4,40.8,64.6,30.1,41,26.6,27.2,5.2,26.4,
Fowler, Dexter,451594,2019,.421,.340,.357,85.5,12.9,40.6,7.4,4.6,28.7,66.8,23.4,39.4,26,28.6,6,27.7,
Cabrera, Asdrubal,452678,2019,.408,.317,.326,89.1,14.4,37.3,5.7,6.3,35.3,66.4,25.1,38.7,27.1,27.9,6.3,25.4,
Blackmon, Charlie,453568,2019,.525,.367,.348,88.7,14.6,36.8,8.3,7.9,40.3,70.4,30.5,40.3,26.8,26.6,6.2,26.7,
Cain, Lorenzo,456715,2019,.414,.335,.352,89.5,6.9,31.1,4.1,5.2,42.1,65.3,25.2,51.1,16.7,27.2,5.2,27.9,
Turner, Justin,457759,2019,.516,.377,.372,90.3,17.8,38.6,7.8,9.3,43,66.6,24.5,34.8,29.8,28.8,6.6,26.1,
Votto, Joey,458015,2019,.446,.347,.359,88.9,15.2,40.7,6.9,5.7,38.2,65.5,18.5,37.8,30.1,28.9,3.2,25.0,
Gardner, Brett,458731,2019,.367,.298,.312,87.7,13.9,28.8,3.9,6,32.6,55.5,22.5,45.1,20.7,23.1,11.1,28.9,
Braun, Ryan,460075,2019,.470,.339,.328,91.5,7.3,33.3,9.5,5.3,45.3,72,34.7,49.6,19.3,25.5,5.6,26.6,
Gordon, Alex,460086,2019,.422,.330,.338,88.7,9.3,33.7,5.4,5.8,38.4,71,26.8,46.9,24,27,2.2,25.3,
Andrus, Elvis,462101,2019,.401,.311,.315,88.4,7.2,32.5,3.5,4.5,34.8,61.2,32.6,52.3,18.7,24.3,4.7,26.6,
Ramos, Wilson,467092,2019,.398,.314,.328,90,-0.1,25.8,4.7,3.7,42.5,74.9,34.1,63.4,13.8,19.9,2.9,22.8,
Santana, Carlos,467793,2019,.480,.367,.384,91.8,11.7,29.1,9.6,5.8,44.9,63.7,17.9,46.3,26.3,20.8,6.6,25.7,
Belt, Brandon,474832,2019,.457,.346,.349,87.3,22.4,41.4,8.7,9.7,35.7,75.3,22.7,30,33.5,27,9.4,24.7,
Brantley Jr., Michael,488726,2019,.473,.357,.360,88.8,10.6,36.3,5.5,6.8,37.3,61,26,46,20.9,28.1,5.1,26.4,
Gurriel, Yuli,493329,2019,.415,.321,.329,89.3,14.3,33.5,3.6,4.2,38.1,66.7,34.4,38.6,21.4,27.3,12.7,27.6,
Rojas, Miguel,500743,2019,.370,.303,.322,87.4,9.1,31.9,2.6,2.3,28.8,64.4,29.8,47.8,21.3,27.2,3.7,26.3,
Escobar, Eduardo,500871,2019,.464,.326,.310,87.8,18.4,38.6,7,7.9,31.4,71.4,37.8,32.9,33.5,27.1,6.4,27.6,
Davis, Khris,501981,2019,.437,.318,.307,90.2,13.1,31.5,9.8,8,40.4,79.8,27.3,42.4,28.5,23.7,5.3,25.6,
Pham, Tommy,502054,2019,.455,.354,.366,90.9,5.2,29.7,7.9,4.9,45,61.6,16.4,53.5,18.9,23.8,3.8,28.7,
Martinez, J.D.,502110,2019,.567,.396,.384,91.3,12.5,40.7,11.8,7.5,47.9,72.6,29.8,43,25.6,28.5,2.9,26.7,
Reddick, Josh,502210,2019,.398,.316,.324,86.1,15.8,36,3.4,4,29.4,74.2,30,40.4,23.1,27,9.4,26.7,
Goldschmidt, Paul,502671,2019,.509,.359,.345,90.1,15.4,36.4,11.3,9,42.4,66.6,28.4,38.5,29.7,24.4,7.4,26.6,
Altuve, Jose,514888,2019,.484,.344,.328,87.4,9.7,28.2,8.1,4,34.5,67.8,30.7,50.7,21.8,19.7,7.8,28.6,
Hernandez, Cesar,514917,2019,.375,.302,.320,86,9.5,32,2.7,2.7,28.3,64.5,27.7,49.8,17.6,24.4,8.1,28.8,
Segura, Jean,516416,2019,.401,.310,.314,88.2,7.2,31,3.2,5.9,32.7,60.8,35.8,52.9,16.4,23.9,6.9,27.5,
Castro, Starlin,516770,2019,.435,.314,.301,88.5,11,29.6,6.2,4.1,37.7,67.5,31.3,48.1,24.2,21.7,6,26.9,
Marte, Starling,516782,2019,.507,.362,.346,88.6,8.2,31.3,8,5.5,38.6,76.9,33.5,52.5,19.7,23.5,4.2,29.0,
Donaldson, Josh,518626,2019,.530,.385,.383,92.9,13.3,33.3,15.7,5.1,50.5,69.1,23.1,41.9,23.5,26.3,8.3,25.7,
Freeman, Freddie,518692,2019,.569,.397,.389,89.7,14.4,40,12.3,7,42.5,80.6,29.3,38.1,27.1,30.9,3.8,26.5,
Grandal, Yasmani,518735,2019,.475,.366,.379,90.7,14.2,37.5,11.3,8.7,41.8,58.7,21.6,40.9,27.2,24.8,7.1,24.2,
Heyward, Jason,518792,2019,.396,.323,.347,88.8,11.3,31.8,5.7,5.9,36.5,66.3,27.7,47.3,20.4,25.1,7.1,27.4,
LeMahieu, DJ,518934,2019,.522,.376,.364,91.9,6.5,35.2,7.5,6.8,48.5,64.4,27,49.7,17.2,29.8,3.3,26.7,
Moustakas, Mike,519058,2019,.503,.350,.334,89.5,17.4,32.3,10.3,6.1,40.8,72,31.6,37,28.3,23,11.7,25.6,
Rizzo, Anthony,519203,2019,.487,.388,.411,89,12.6,36.8,6.8,5.6,37,63.6,32.1,43.1,21.2,29.1,6.5,25.2,
Galvis, Freddy,520471,2019,.384,.280,.273,88.8,14.7,31.8,5.5,5.1,36.4,72.5,38.1,41,26.5,25.3,7.2,25.8,
Garcia, Avisail,541645,2019,.492,.343,.323,89.5,9.8,34.1,11.7,6.8,40.3,81.3,36,45.8,21,26.7,6.5,28.9,
Ozuna, Marcell,542303,2019,.532,.378,.367,91.8,13.5,32.8,12.1,6.7,49.2,68.1,27.6,41.9,24.5,26.3,7.3,27.5,
Villar, Jonathan,542340,2019,.412,.315,.315,88.9,8.2,30.3,6.8,5.7,37.1,74.2,28.2,50.8,19.5,22.9,6.8,28.0,
Santana, Danny,542454,2019,.504,.345,.320,91.4,13.5,37.8,9.5,7.3,43.6,74.3,38.4,40.9,23.8,29.3,6.1,27.8,
Crawford, Brandon,543063,2019,.395,.306,.314,87.8,8.3,36.7,5.4,6.5,35.1,77.2,28.3,49.1,18.9,26.9,5.2,25.7,
Hosmer, Eric,543333,2019,.411,.304,.297,90.8,2.1,29.1,7.2,4.8,46,71.8,32.9,56.8,17.6,23.2,2.4,25.7,
Kipnis, Jason,543401,2019,.419,.316,.318,88.1,14.1,33.1,5.5,5.8,34.4,65.8,26.7,41.2,26.8,26,6,26.8,
Rendon, Anthony,543685,2019,.590,.414,.407,90.4,19.5,38.7,12,6.6,46.6,68.3,20.6,33.3,30.1,27.1,9.4,26.7,
Semien, Marcus,543760,2019,.495,.363,.359,88.9,14.9,34,8.5,5.2,38.1,66.5,19.2,41,25.5,25.2,8.3,28.1,
Springer III, George,543807,2019,.578,.400,.379,89.8,10.5,31.6,14.1,5.9,44.8,69.1,20.8,44.6,24.3,25.1,5.9,28.5,
Vazquez, Christian,543877,2019,.441,.313,.300,89.4,13.3,37.5,5.9,8.8,40.1,68.2,32.5,39.5,25.1,29.7,5.7,25.7,
Wong, Kolten,543939,2019,.349,.297,.326,86.1,12.6,28.6,2.2,4.2,25.4,67.7,29.9,47,21.2,22.4,9.4,27.7,
Garcia, Leury,544725,2019,.351,.272,.275,88.2,6.2,30.3,3.8,3.1,29.9,72.7,36.1,54.9,15.9,26.8,2.4,28.5,
Grichuk, Randal,545341,2019,.428,.304,.285,89.3,16,31.3,8.5,7.3,39.8,69.4,33.4,39.8,26.4,21.4,12.5,28.1,
Trout, Mike,545361,2019,.678,.460,.456,90.9,22.2,43.8,18.9,7.1,44.4,57.8,17.9,25.4,36.2,29.4,9,29.3,
Harper, Bryce,547180,2019,.547,.387,.384,91.9,13.7,37.6,14.8,7.5,45.6,74.2,30.4,39.6,28.6,27.6,4.3,28.3,
Abreu, Jose,547989,2019,.517,.358,.332,92.1,10.9,35.2,12.8,6.1,48.2,66.6,34.7,46.1,21.1,26.8,5.9,26.6,
Suarez, Eugenio,553993,2019,.500,.355,.341,89.3,17.7,38,13.8,6.1,40.8,67.1,24.1,36,31.6,24,8.4,25.9,
Santana, Domingo,570267,2019,.478,.342,.329,89,11.3,40.1,12.1,5.9,42.1,69.3,24.9,43.3,24.2,30.4,2.1,26.8,
Sanchez, Carlos,570560,2019,.315,.274,.299,87.1,14.2,32.1,1,5.4,27,67.2,31.5,45,21.1,25.7,8.2,27.7,
Arenado, Nolan,571448,2019,.480,.343,.341,89.4,17.7,34.6,8,6.8,37.6,73.1,34.8,36.8,26.2,25.2,11.7,25.9,
Muncy, Max,571970,2019,.510,.380,.384,89.8,14.5,38.9,12,7.9,43.4,62.9,19.7,38.6,29.8,27.2,4.4,27.7,
Voit III, Luke,572228,2019,.495,.365,.364,89.7,12.7,38.5,13.2,7.3,41.5,77,22.5,40.6,27.1,29.2,3.1,25.7,
Walker, Christian,572233,2019,.516,.364,.351,91.1,14.8,34.1,13.1,6.9,48.8,74.9,24,42.4,27.5,22.9,7.2,27.2,
Iglesias, Jose,578428,2019,.360,.284,.298,84.1,7.1,29.7,2.3,2.3,24.2,67.1,45.9,53.3,16.9,24,5.7,27.1,
Bryant, Kris,592178,2019,.463,.349,.353,87.6,19.2,35.8,9.3,6.8,34.1,73.7,27.4,36.3,28.5,24,11.3,28.2,
Castellanos, Nick,592206,2019,.541,.364,.329,89,14,39.8,10.9,9.3,41.7,74.7,38.6,38.9,28.8,27.6,4.6,27.9,
Machado, Manny,592518,2019,.463,.343,.340,91.2,13,31.2,8,8,43.7,69,28.6,42.2,25.8,21.4,10.6,26.4,
Moran, Colin,592567,2019,.437,.314,.308,88.2,12.5,37.1,7.4,6.5,34.8,75.5,35.8,43.9,19.3,30,6.8,25.4,
Pederson, Joc,592626,2019,.479,.347,.339,91.2,15.6,31.4,10.3,5,43.5,68.4,26.6,42.5,26.1,21.1,10.3,26.2,
Realmuto, J.T.,592663,2019,.469,.341,.332,90.3,14.4,35,8.7,7.6,41.1,70.6,32.6,39.7,23.9,28.4,8,28.8,
Rosario, Eddie,592696,2019,.494,.327,.289,89.2,16.8,33.2,8.5,7.1,36,80.9,43.3,37.8,29.7,23.4,9.1,27.1,
Yelich, Christian,592885,2019,.629,.429,.419,93.3,11.3,33.2,15.8,6.4,49.1,69.8,27.9,42.8,28.1,24.1,5.1,28.7,
Merrifield, Whit,593160,2019,.431,.324,.328,87,15.6,42,4.3,5.7,29,68.2,30.9,38.5,23.1,32.4,6.1,28.6,
Bogaerts, Xander,593428,2019,.474,.355,.354,90.7,13.4,34.7,8.4,7,44.1,56.1,27.4,42.4,26.3,23.5,7.8,28.0,
Alberto, Hanser,593643,2019,.392,.300,.305,84.4,11.9,32.5,2.9,2.7,18.5,74.5,45.3,48.1,22.9,23.5,5.4,26.9,
Polanco, Jorge,593871,2019,.464,.341,.338,88,19.1,41.6,6.7,8.2,33.1,65.9,26.7,31.9,29,30.9,8.2,28.2,
Calhoun, Kole,594777,2019,.471,.339,.335,89.5,14.9,35.2,11.2,8.4,42.6,73.6,25.9,41.3,28.3,25,5.4,25.9,
Eaton, Adam,594809,2019,.406,.328,.346,88.9,15.3,33.9,3.8,6.6,34.3,63.8,27.4,42.2,23.3,25.8,8.7,28.3,
Profar, Jurickson,595777,2019,.431,.328,.332,86.7,14,29.7,6.5,4.9,31.3,65.6,26.1,42.9,23.3,23.3,10.6,26.7,
Baez, Javier,595879,2019,.506,.336,.301,91.1,7.7,36.3,12.7,5,43.6,73.5,42.6,50.4,22.5,24.7,2.4,28.7,
Lindor, Francisco,596019,2019,.464,.333,.328,91,12.3,29.8,7.5,4.7,41,72.3,32.1,45,22.5,24.3,8.3,27.5,
Odor, Rougned,596059,2019,.464,.321,.299,91.1,17.9,30.6,13.6,6.4,45.6,67.6,30,38.4,28.9,21.7,11,27.9,
Story, Trevor,596115,2019,.464,.341,.334,91,17.5,36.5,8.6,7.2,46,70.4,28.5,33.8,28.1,30,8.2,29.3,
Vogelbach, Daniel,596129,2019,.440,.345,.356,88.8,17.1,39,10.5,6.3,38,50.9,19.6,33.7,29.2,27.9,9.2,23.9,
Kepler, Max,596146,2019,.458,.343,.343,89.7,18.2,30.5,8.9,7.5,42.1,74,27.6,35.9,29.8,21.7,12.6,27.7,
Bradley Jr., Jackie,598265,2019,.413,.316,.319,90.1,9.3,30.2,9.6,6.1,44.2,69.2,28.3,50.9,24.4,19.8,4.9,27.6,
Nunez, Renato,600524,2019,.471,.335,.319,89.9,19.9,32.1,10.7,5.5,40.9,68.2,34.4,33.1,27.9,25.9,13.2,27.1,
Ahmed, Nick,605113,2019,.422,.321,.322,87.8,7.6,35.7,6.6,5.5,34,72.4,27.9,48.5,22.8,24.3,4.4,28.2,
Anderson, Brian,605119,2019,.453,.339,.337,89.9,11.1,31.3,8.9,7.2,46,65.2,31.9,45.7,24.1,23.9,6.3,27.0,
Bell, Josh,605137,2019,.561,.386,.376,92.4,13.1,34.6,12.7,7.7,47.2,77.2,27.5,44,26.9,22.8,6.3,26.8,
Betts, Mookie,605141,2019,.577,.411,.408,91,19.3,39.2,10.3,8.5,47.5,59.8,18.8,31.9,30.5,29.1,8.5,27.9,
Smith, Mallex,605480,2019,.285,.256,.279,85.2,7.3,29,2.2,3.5,20.1,70.1,27,51.9,19.4,21.8,7,29.5,
Arcia, Orlando,606115,2019,.351,.277,.287,87.9,6.6,26.5,4.3,4.6,31.3,65.4,30.5,52.7,20.6,21.9,4.8,26.3,
Marte, Ketel,606466,2019,.525,.375,.364,90,11.5,34.6,9.3,5.8,40,70.8,28.6,43.7,23.7,26.4,6.2,27.9,
Turner, Trea,607208,2019,.455,.339,.337,90.4,9.9,29.8,6.8,6.3,42,67.4,29.2,47.6,21.5,23.7,7.3,30.4,
Pillar, Kevin,607680,2019,.411,.300,.293,86.4,14.1,33.1,4.9,5.7,30.8,73.6,46.9,45.2,21.4,23.4,10,28.0,
Ramirez, Jose,608070,2019,.461,.342,.341,89.2,19.8,32.6,6.3,7,35.7,64.4,23,33.8,29.7,25.6,10.9,27.9,
Bregman, Alex,608324,2019,.453,.373,.402,89.3,19.6,35.5,4.8,9.8,38,57.4,15.8,31.7,29.9,26.9,11.5,27.4,
Seager, Corey,608369,2019,.459,.331,.322,88.8,14.3,35.2,7.3,7.1,38.2,77.7,26.9,39,28.1,26.6,6.3,26.9,
Reyes, Franmil,614177,2019,.535,.359,.323,93.3,9.5,33.3,14.8,9,51,76.7,30.2,43.8,26.7,25.5,4.1,26.6,
Swanson, Dansby,621020,2019,.477,.350,.345,89.9,14.4,36.7,10.1,6,41.6,68.6,24.7,37.3,28.2,29.6,4.9,28.7,
Newman, Kevin,621028,2019,.374,.303,.322,85.3,8.5,33.4,2.1,2.8,24.8,70,33.8,50,18.9,26.3,4.8,28.5,
Olson, Matt,621566,2019,.578,.388,.362,92.7,19.4,36.1,14.5,9,50.4,67,24.9,33.8,30.3,26,9.8,26.2,
Alonso, Pete,624413,2019,.551,.380,.358,90.7,14.8,36.9,15.8,6.7,42.7,67.4,31.9,40.8,28.3,23.3,7.7,26.5,
Conforto, Michael,624424,2019,.507,.371,.370,89.2,15.9,35.8,11.9,5.2,39.2,70.8,25.1,35.3,29.6,28.4,6.7,27.5,
Frazier, Adam,624428,2019,.403,.318,.334,87.1,13.1,36.4,1.9,6.4,28.3,69.6,27.1,41.9,22.9,29.1,6,27.2,
Puig, Yasiel,624577,2019,.451,.328,.319,90,13.8,30,9.2,5.4,39.1,77.1,30.1,39.4,23.5,26.1,11,28.2,
Soler, Jorge,624585,2019,.596,.396,.364,92.6,15.5,34.5,16.9,8.2,50.1,68,24.2,39.5,27.7,25.1,7.7,27.0,
Meadows, Austin,640457,2019,.545,.375,.356,90.4,16.7,38.1,12.5,6.8,42.9,61,24.7,35.1,29.6,27.6,7.8,28.2,
Anderson, Tim,641313,2019,.456,.325,.311,88.3,8.7,37.6,5.1,5.9,37.6,75.4,43.6,48.1,20.7,28.4,2.8,28.7,
Bellinger, Cody,641355,2019,.635,.430,.421,91.1,17.9,39.6,12.7,6.8,45.9,68.8,23.8,32.3,30.3,29.9,7.5,28.8,
Dozier, Hunter,641531,2019,.468,.338,.331,91.1,16.7,35.8,10,7.4,42.9,64.7,26.8,34.5,28.2,28.4,8.9,28.3,
Mancini III, Trey,641820,2019,.503,.362,.353,90.3,7.8,36.4,10.3,7.3,42.7,67.3,32,46.3,20.7,28.4,4.5,26.7,
McMahon, Ryan,641857,2019,.430,.325,.324,91.9,8.8,36.6,9,7.1,48,74.7,26.5,51.2,19.3,25.5,4,26.4,
Rosario, Amed,642708,2019,.416,.317,.320,89.4,8.8,35,4.2,4.6,39.5,69.8,36,48.1,18.7,28.6,4.6,29.2,
Adames, Willy,642715,2019,.437,.320,.313,88.5,10.8,36.1,8.4,7.1,35.6,69.2,24.7,47.4,22.3,26.2,4.2,28.3,
Benintendi, Andrew,643217,2019,.456,.339,.340,89.1,17.3,40.1,8.1,7.6,37.8,77.2,29.7,39.1,28.1,25.4,7.3,27.1,
McNeil, Jeff,643446,2019,.465,.350,.354,89,13.8,34.2,4.8,7.3,36.7,84.1,38.1,43.6,24.1,26.6,5.7,27.2,
Albies, Ozzie,645277,2019,.486,.349,.344,88.9,15.6,36.8,6.6,7,34,80.7,34.5,38,27.4,29.3,5.3,28.6,
Robles, Victor,645302,2019,.368,.294,.305,83.3,16.7,34.5,4.8,5.5,23,71.1,30.1,42.4,21.3,24.7,11.5,29.3,
Devers, Rafael,646240,2019,.528,.368,.351,92.5,10.4,33,9,9.6,48.4,75.8,37.3,44.8,22.8,25.6,6.8,27.0,
Jimenez, Eloy,650391,2019,.515,.347,.311,91.2,9.3,32.4,12.8,7.1,47.9,71.3,33.7,47.6,23.5,22.9,6,27.8,
Torres, Gleyber,650402,2019,.492,.340,.320,89.1,17.7,38,10.1,5.4,36.5,75.7,31.3,37.5,30,24.3,8.3,26.5,
Chapman, Matt,656305,2019,.502,.358,.345,92.7,16.6,25.1,12.1,7.3,49,62.4,22.7,41.7,28,19.1,11.2,28.1,
Hoskins, Rhys,656555,2019,.417,.337,.358,89.7,24,31,9.7,8.2,38.7,58.2,22.1,30,33.7,22.3,13.9,25.9,
Schwarber, Kyle,656941,2019,.553,.375,.354,93.5,15.5,35.6,14.5,9,51.2,65.7,23.9,38.8,28.8,24,8.4,27.1,
DeJong, Paul,657557,2019,.446,.331,.325,87,18.3,33,8.6,4.5,33.9,69.4,28.1,37.7,28,22,12.3,27.7,
Moncada, Yoan,660162,2019,.518,.358,.337,93.1,12.3,40.4,12.2,7.2,47.9,67,29.2,41.8,22.7,30.7,4.7,27.7,
Acuna Jr., Ronald,660670,2019,.574,.390,.365,90.6,14.2,40.5,15,9.1,47.4,68.7,24,38.5,29.4,27.3,4.8,29.4,
Fletcher, David,664058,2019,.371,.319,.352,83.8,9.9,37.5,0.2,2.6,17.1,49,22.5,44.4,15.9,32.6,7.1,27.6,
Guerrero Jr., Vladimir,665489,2019,.435,.329,.326,89.4,6.7,30.9,7.7,6.1,38.7,69.2,29,50.4,20,22.7,6.9,26.3,
Soto, Juan,665742,2019,.575,.409,.405,92,12.5,36.3,12.3,8.7,47.8,66.7,20.3,42.8,26.9,26.7,3.6,27.3,
Reynolds, Bryan,668804,2019,.474,.359,.361,89.5,9.4,37,6.7,5.1,41.6,72.1,28.1,47.2,20.9,28.7,3.2,28.1,
Cabrera, Miguel,408234,2020,.520,.379,.366,93.2,12.1,36.8,9.7,5.8,49.7,70.5,29.9,42.6,21.9,30.3,5.2,23.1,
Cruz Jr., Nelson,443558,2020,.545,.383,.369,91.6,9.4,39.4,15,3.9,47.2,68.5,30.8,47.2,21.3,26,5.5,25.2,
Peralta, David,444482,2020,.375,.299,.304,89.2,6.4,29.4,5,6.3,36.3,65.5,26.6,51.2,18.8,25.6,4.4,27.0,
Longoria, Evan,446334,2020,.524,.364,.329,91.7,10.7,29.9,11.5,3.8,45.2,62.2,28,50.3,25.5,21.7,2.5,26.6,
Cabrera, Asdrubal,452678,2020,.429,.317,.307,89.5,13.7,30.5,6.5,8.4,38.3,66.8,28.4,45.5,26.6,19.5,8.4,24.8,
Blackmon, Charlie,453568,2020,.426,.331,.340,86.9,13.5,38.5,4.9,5.5,29.7,70.2,29.8,38.5,24.7,30.8,6,26.8,
Solano, Donovan,456781,2020,.417,.320,.320,88.5,15.5,43.4,4.6,7.9,34.9,68.5,36.2,36.2,22.4,34.9,6.6,26.6,
McCutchen, Andrew,457705,2020,.484,.358,.346,89.7,18.2,36.5,8.2,8.8,41.2,58.8,21.4,35.3,27.1,28.2,9.4,27.4,
Votto, Joey,458015,2020,.478,.369,.377,87.4,15.4,36.4,9.1,9.8,35.7,57.1,17.3,39.9,37.8,21,1.4,25.2,
Santana, Carlos,467793,2020,.448,.372,.393,88,12.2,32.3,6.7,8.5,36.6,61.4,16.6,43.3,26.2,21.3,9.1,25.5,
Brantley Jr., Michael,488726,2020,.413,.325,.327,88.7,10.2,34.5,4.9,6.3,37.3,59.3,20,47.9,26.1,23.2,2.8,26.2,
Gurriel, Yuli,493329,2020,.408,.318,.314,89.3,13.9,34.4,3.7,7.4,36.5,66,34.4,38.1,27,27.5,7.4,27.3,
Escobar, Eduardo,500871,2020,.396,.306,.317,88.6,18.1,34.8,5.5,3.7,31.7,70.3,35.2,38.4,27.4,26.2,7.9,28.0,
Martinez, J.D.,502110,2020,.443,.318,.306,89.5,14.7,39.6,11,7.8,41.6,73.9,30.8,35.1,35.1,27.3,2.6,25.9,
Reddick, Josh,502210,2020,.360,.303,.319,85.9,19.1,34.7,4.8,4.8,29.3,68.4,25.7,37.4,21.1,29.3,12.9,26.2,
Goldschmidt, Paul,502671,2020,.510,.396,.403,89.2,11.7,42.3,10.7,7.4,40.9,61.1,22.5,34.9,24.8,34.2,6,26.4,
Gonzalez, Marwin,503556,2020,.401,.314,.315,89.2,12.6,31.9,5.1,5.1,38.4,61.4,26.8,41.3,26.8,26.8,5.1,25.5,
Altuve, Jose,514888,2020,.349,.288,.296,86.7,9.3,24.8,4.6,5.9,33.3,67.9,35.3,51,22.2,19,7.8,28.4,
Hernandez, Cesar,514917,2020,.396,.330,.346,89.1,5.6,37.3,4,6.8,37.3,65,22.9,50.8,14.1,32.8,2.3,28.5,
Segura, Jean,516416,2020,.391,.318,.334,87.7,11.2,31.8,6.1,3.4,38.5,65.1,31.5,49.3,18.9,21.6,10.1,28.3,
Marte, Starling,516782,2020,.420,.326,.326,87.1,6.5,30.3,6.4,4.3,30.3,73,34.9,54.8,22.3,20.2,2.7,28.5,
Freeman, Freddie,518692,2020,.663,.466,.463,92.4,17.2,49.2,14.7,4.5,54.2,77.7,25.8,32.8,28.8,32.2,6.2,26.4,
Grandal, Yasmani,518735,2020,.403,.327,.334,90.3,15.6,38.1,7.6,9.5,43.8,49.3,20.1,36.2,28.6,28.6,6.7,23.5,
LeMahieu, DJ,518934,2020,.460,.366,.376,91.3,2.3,29.7,2.9,9.1,45.7,64,24,57.1,15.4,25.7,1.7,26.1,
Rizzo, Anthony,519203,2020,.413,.355,.383,87.7,16.7,34.7,7.8,4.8,34.7,56,31.7,40.1,22.2,26.3,11.4,24.8,
Flores, Wilmer,527038,2020,.430,.309,.294,87.9,19,37.4,6.1,6.1,34.4,69.4,29.8,33.7,29.4,25.8,11,25.1,
Garcia, Avisail,541645,2020,.375,.317,.339,87.4,8.7,37.1,3.8,8.3,37.1,78.7,34.4,48.5,18.9,27.3,5.3,28.0,
Ozuna, Marcell,542303,2020,.635,.436,.410,93,16.4,39.1,15.4,8.3,54.4,68.8,28.2,37.3,26,27.8,8.9,27.1,
Villar, Jonathan,542340,2020,.287,.261,.288,86.7,1.6,18.7,1.5,3.7,35.8,74.7,33.6,59.7,12.7,20.1,7.5,27.1,
Aguilar, Jesus,542583,2020,.452,.345,.348,89.3,16,37.5,7.2,5.9,37.5,63.8,31.9,37.5,22.4,32.2,7.9,24.5,
Crawford, Brandon,543063,2020,.398,.309,.311,88.7,12.4,35.4,9.4,4.7,39.4,78.3,31.7,41.7,26,26.8,5.5,25.7,
Grossman, Robbie,543257,2020,.399,.328,.344,89,15.2,33.6,5.5,7.8,37.5,65.9,21.7,39.8,28.9,23.4,7.8,27.5,
Hicks, Aaron,543305,2020,.435,.374,.405,88.2,11.1,29.8,6.9,6.1,38.2,66.6,15.4,47.3,23.7,21.4,7.6,27.5,
Rendon, Anthony,543685,2020,.469,.390,.420,90.1,19.5,39.2,6.3,7.6,40.5,66.8,16.7,34.8,27.8,29.7,7.6,26.4,
Semien, Marcus,543760,2020,.352,.287,.293,86.2,19.3,32.9,5,6.8,28.6,70.7,18.7,32.9,32.3,22.4,12.4,28.1,
Springer III, George,543807,2020,.569,.405,.386,88.7,18.3,35.3,12.4,5.9,42.5,74,23.6,35.9,26.1,25.5,12.4,28.2,
Vazquez, Christian,543877,2020,.358,.285,.289,88.4,14.4,33.1,4.6,6.2,40,65,31.3,41.5,27.7,21.5,9.2,25.0,
Wong, Kolten,543939,2020,.306,.286,.324,86.5,10.8,31.2,0.6,3.2,26.6,65.3,24.4,51.9,14.9,24.7,8.4,26.7,
Gregorius, Didi,544369,2020,.396,.311,.322,83.8,17.8,35.3,4.2,6.8,27.9,74,33.2,38.4,22.6,26.3,12.6,27.1,
Grichuk, Randal,545341,2020,.468,.333,.312,88.9,12.6,27.2,11.2,6.5,39.6,71.3,33.9,42.6,23.7,23.1,10.7,27.7,
Trout, Mike,545361,2020,.612,.428,.405,93.7,23.1,36.1,15,8.2,55.1,57.3,14.6,25.9,38.8,25.9,9.5,28.9,
Ruiz, Rio,547004,2020,.356,.277,.277,87.9,10.5,27.7,8.5,6.4,39,77.4,28.3,47.5,20.6,23.4,8.5,25.2,
Harper, Bryce,547180,2020,.658,.454,.451,92.5,16,33.3,17.3,4,50.7,73.4,28.3,40,33.3,22,4.7,27.9,
Abreu, Jose,547989,2020,.587,.399,.357,92.9,10.9,37.4,14.3,9.3,53.3,68.6,32.3,45.1,24.2,26.4,4.4,26.8,
Suarez, Eugenio,553993,2020,.472,.342,.325,89.1,17.9,29.5,14.4,5.3,44.7,63.4,23.9,36.4,37.1,18.9,7.6,25.9,
Gonzalez, Erik,570481,2020,.396,.293,.276,88.5,5.5,33.6,6.7,8.2,44,73.7,35.2,47.8,17.2,29.1,6,27.3,
Arenado, Nolan,571448,2020,.392,.288,.289,87.8,19.1,27.1,5.4,4.2,33.7,66.2,32.4,36.7,25.9,21.1,16.3,24.8,
Muncy, Max,571970,2020,.473,.360,.362,88.5,14.2,29,12.4,8.3,40,59.6,15.9,44.8,33.1,16.6,5.5,27.3,
Myers, Wil,571976,2020,.589,.396,.351,91,13.4,40.8,14.8,8.5,45.8,62.6,25.1,38.7,30.3,27.5,3.5,28.3,
Pollock, AJ,572041,2020,.499,.345,.312,89.6,13,37.9,10.5,7.8,43.1,65.3,29.9,39.2,28.8,26.8,5.2,28.2,
Seager, Kyle,572122,2020,.472,.365,.371,89.1,17.7,30.7,10.2,6.3,39.8,62.5,20.6,36.4,36.4,19.3,8,25.4,
Voit III, Luke,572228,2020,.586,.389,.340,88.9,15.2,37.5,13.1,6.3,40,79.2,27.5,41.3,30,21.9,6.9,24.9,
Walker, Christian,572233,2020,.454,.339,.331,90.4,11.5,34.5,6.4,10.5,48.5,74.3,29.9,42.7,22.8,28.1,6.4,26.9,
Dickerson, Corey,572816,2020,.396,.305,.303,85.7,11.1,25.8,5.7,3.1,30.8,73.7,33.2,52.2,23.3,17.6,6.9,27.0,
Yastrzemski, Mike,573262,2020,.488,.364,.360,88.2,18.4,35,10.9,9.5,42.3,58.6,19.7,38.7,29.2,21.2,10.9,27.5,
Contreras, Willson,575929,2020,.441,.353,.361,89.8,9.1,35.8,10.4,6.7,47.8,67.8,31.3,49.3,19.4,24.6,6.7,27.3,
Canha, Mark,592192,2020,.415,.359,.387,89.7,19.4,37.3,7.7,8.5,39.4,57.8,19.2,33.8,31.7,26.1,8.5,27.6,
Castellanos, Nick,592206,2020,.545,.375,.343,91,16.5,39.3,16,6.7,46.7,73.4,35.8,36,30,29.3,4.7,27.7,
Machado, Manny,592518,2020,.540,.385,.372,90.2,15.6,34.6,11,3.7,43.5,72,23.9,38.2,24.1,27.2,10.5,26.4,
Moran, Colin,592567,2020,.479,.350,.332,91.9,8.3,32.3,13.4,2.4,47.2,69.4,35.6,57.5,17.3,20.5,4.7,24.2,
Realmuto, J.T.,592663,2020,.498,.356,.331,90.2,11.6,32.8,13.6,5.6,42.4,66.9,25.2,48.8,25.6,18.4,7.2,28.2,
Rosario, Eddie,592696,2020,.437,.318,.307,87.5,18.1,30.3,6.2,8.4,35.4,70.1,39.6,36.5,33.1,19.7,10.7,26.8,
Yelich, Christian,592885,2020,.473,.378,.394,94,7.1,32.3,12.1,8.1,55.6,57.6,17.8,51.6,22.6,23.4,2.4,28.1,
Merrifield, Whit,593160,2020,.439,.336,.334,86.1,15.8,39.8,5.1,4.6,27.3,71.8,28,37.5,29.2,28.7,4.6,28.4,
Bogaerts, Xander,593428,2020,.474,.341,.327,89,8.7,31.3,8.6,5.5,36.8,64.3,23.7,45.4,27.6,22.1,4.9,27.7,
Alberto, Hanser,593643,2020,.319,.261,.272,82.3,13.2,32.6,1,3.1,20.7,75.7,52.3,47.2,19.2,23.8,9.8,26.8,
Polanco, Jorge,593871,2020,.381,.304,.308,86.6,16.1,39,2.8,5.1,33.3,64.4,23.2,37.3,27.7,27.1,7.9,27.8,
Sano, Miguel,593934,2020,.483,.326,.288,95.2,20.2,31.3,22.9,9.4,57.3,70.3,28,37.5,29.2,22.9,10.4,26.5,
Calhoun, Kole,594777,2020,.517,.379,.370,89.4,17,36.1,11.8,8.3,38.2,75.9,21.6,40.3,32.6,20.8,6.3,25.9,
Duvall, Adam,594807,2020,.516,.342,.294,88.1,22.9,30.7,13.9,5.1,40.1,66.5,32.7,29.9,39.4,18.2,12.4,28.0,
Profar, Jurickson,595777,2020,.411,.338,.350,87.2,11,35.5,3.2,3.2,27.7,66.3,28.8,43.9,18.7,27.7,9.7,27.0,
Baez, Javier,595879,2020,.385,.279,.256,89.4,10.3,24.8,8.1,7.4,40.3,73.3,38.7,50.3,22.8,18.1,8.7,27.9,
Lindor, Francisco,596019,2020,.441,.346,.356,89.9,13.5,36.5,5.6,9.1,41.1,72.3,30,39.6,24.4,31.5,4.6,27.4,
Story, Trevor,596115,2020,.457,.335,.323,89.9,20.8,40.1,8.7,7.6,41.3,66.6,28.2,29.7,30.2,29.1,11,29.0,
Kepler, Max,596146,2020,.425,.340,.349,88.5,22.2,30.9,5.1,7.4,38.2,66.6,24.2,32.4,26.5,25,16.2,28.1,
Franco, Maikel,596748,2020,.398,.307,.305,86.7,8.4,33.3,5.8,7.9,38.6,71.4,32.8,46,17.5,25.9,10.6,24.6,
Bradley Jr., Jackie,598265,2020,.368,.301,.311,88.4,4.3,28.5,7.6,4.2,36.4,67.6,23.8,54.9,20.8,21.5,2.8,27.3,
La Stella, Tommy,600303,2020,.423,.348,.366,88,17.1,32.1,4.8,3.7,28.3,54.2,21.3,40.1,28.3,22.5,9.1,25.4,
Nunez, Renato,600524,2020,.431,.315,.298,86.3,21.1,37.9,12.1,4.5,36.4,67,39.8,32.6,27.3,25.8,14.4,26.6,
Candelario, Jeimer,600869,2020,.471,.356,.351,90.2,13.3,37.5,10.3,6.6,47.1,68,26.1,40.4,24.3,30.1,5.1,26.9,
Ahmed, Nick,605113,2020,.377,.304,.310,87.7,9.4,30.1,5.2,5.2,33.3,69.2,30.3,51.6,15,26.1,7.2,28.1,
Anderson, Brian,605119,2020,.426,.324,.321,87.4,9.6,34.8,9.6,6.7,39.3,73.4,29.6,48.9,23.7,24.4,3,26.4,
Bell, Josh,605137,2020,.381,.297,.308,91.7,5.9,24.3,8.6,3.6,42.9,72.5,26.9,56.4,19.3,19.3,5,26.2,
Betts, Mookie,605141,2020,.485,.362,.359,90.7,18.5,40.1,7.7,11,43.4,58,23.2,33,31.3,29.1,6.6,28.3,
Davis, J.D.,605204,2020,.430,.359,.381,90.1,3.3,29.6,8.9,4.4,45.2,66.8,23.2,56.3,15.6,25.2,3,27.2,
Arcia, Orlando,606115,2020,.428,.338,.339,89,9.6,37.3,5.6,6.3,38.7,67.6,28.1,47.2,16.2,30.3,6.3,26.2,
Tapia, Raimel,606132,2020,.325,.285,.305,85.3,1.8,28.7,2,2.7,30,71.3,30.7,56,17.3,24,2.7,28.2,
Hernandez, Teoscar,606192,2020,.614,.401,.346,93.3,15.3,40.6,18,4.7,53.1,62.9,30.9,38.3,30.5,27.3,3.9,28.3,
Marte, Ketel,606466,2020,.381,.306,.309,89.2,10,28.8,3.7,6.1,40.5,61.8,27.9,46.6,20.2,24.5,8.6,27.7,
Nimmo, Brandon,607043,2020,.430,.364,.387,87.2,7.6,30.8,7.7,4.2,32.9,67.4,17.3,47.6,20.3,25.2,7,28.0,
Turner, Trea,607208,2020,.515,.383,.369,90.5,9.5,34.2,9.5,6,40.7,67.5,27.2,44.7,23.1,26.6,5.5,30.1,
Pillar, Kevin,607680,2020,.435,.328,.322,87.1,13.4,34.7,5.4,5.4,36.5,67.2,36.8,40.7,25.1,27.5,6.6,27.8,
Ramirez, Jose,608070,2020,.507,.373,.362,88.7,23.2,36.7,10.2,6.2,35.6,63.2,22.7,29.9,29.4,24.9,15.8,27.2,
Gallo, Joey,608336,2020,.418,.317,.310,91.2,26.8,28.9,14,4.4,43.9,67.1,19.1,31.6,33.3,17.5,17.5,27.1,
Seager, Corey,608369,2020,.656,.434,.381,93.2,11.9,38.4,15.8,13,55.9,82.2,30.3,40.1,31.1,27.1,1.7,27.0,
Mondesi, Adalberto,609275,2020,.355,.267,.255,90.6,13.7,19.9,7.3,2.6,39.1,77.4,35,51.7,23.2,11.9,13.2,29.4,
Reyes, Franmil,614177,2020,.442,.342,.328,92.4,11.2,31.3,12.9,4.8,44.9,69.3,27.5,51,23.1,19.7,6.1,26.2,
Swanson, Dansby,621020,2020,.474,.354,.341,89.1,14.7,40.7,11.4,4.8,40.7,70.9,24,38.9,29.3,27.5,4.2,28.5,
Taylor, Chris,621035,2020,.488,.371,.368,88,9.1,35.1,11.5,8.4,45,73.7,17.3,48.1,20.6,28.2,3.1,28.4,
Correa, Carlos,621043,2020,.402,.315,.319,88.8,11.3,26.1,5.9,6.5,42.1,65.7,31.8,49.7,20.9,20.3,9.2,27.2,
Olson, Matt,621566,2020,.453,.340,.336,92.3,19.6,30.1,12.8,8.3,45.9,67.6,20,35.3,29.3,22.6,12.8,25.9,
Reyes, Victor,622682,2020,.430,.329,.324,90,10.7,39.5,3.8,6.4,41.4,69.4,41.5,47.1,22.3,28.7,1.9,27.9,
Alonso, Pete,624413,2020,.466,.335,.323,90.2,15.5,30.4,12.8,4.7,41.2,65.3,30.5,39.9,29.7,19.6,10.8,26.2,
Biggio, Cavan,624415,2020,.343,.315,.345,87.4,16.7,31.4,5,8.8,30.8,59.6,13.7,39.6,31.4,23.3,5.7,27.7,
Conforto, Michael,624424,2020,.478,.374,.377,88.4,11,38.6,11,6.2,36.6,65.1,25.2,41.4,20,32.4,6.2,26.8,
Frazier, Adam,624428,2020,.378,.309,.317,85.5,12.3,34.9,4,2.9,25.1,68.9,24.7,45.1,22.3,24.6,8,27.1,
Cronenworth, Jake,630105,2020,.535,.393,.383,89.8,10.6,37.8,10.5,5.6,42.7,58.1,19,44.8,25.2,27.3,2.8,28.7,
Anderson, Tim,641313,2020,.508,.358,.330,87.2,6.7,33.3,10.1,4.4,35.8,73,39.3,56,22,20.8,1.3,28.7,
Bellinger, Cody,641355,2020,.494,.374,.373,89.3,16.6,29.2,9.4,7,41.5,68.2,27.9,39.8,29.2,22.8,8.2,28.6,
Crawford, J.P.,641487,2020,.360,.318,.343,85.8,11.5,34.1,1.8,6.6,31.1,58.3,22.9,44.3,17.4,28.7,9.6,26.6,
Dozier, Hunter,641531,2020,.385,.331,.351,86.4,17,26.4,8.2,2.7,30.9,64.1,24.4,39.1,25.5,24.5,10.9,28.0,
Lewis, Kyle,641786,2020,.433,.344,.347,88.3,11.1,37.2,11.7,7.3,35,64.1,24.6,43.1,30.7,22.6,3.6,27.9,
McMahon, Ryan,641857,2020,.389,.296,.286,90.1,9.2,27.1,11.2,4.7,43,67.7,27.2,50.5,28,16.8,4.7,25.9,
Smith, Dominic,642086,2020,.566,.392,.365,89.8,10.8,43,13.3,5.9,46.7,71.7,33.8,41.5,20.7,35.6,2.2,25.9,
Adames, Willy,642715,2020,.394,.307,.305,88.8,12.5,36.9,9.9,9,40.5,69.1,26.3,45,17.1,27,10.8,28.2,
Kiner-Falefa, Isiah,643396,2020,.340,.294,.312,87.2,0.8,22.2,2.2,2.8,31.1,65.5,27.4,61.7,16.1,18.9,3.3,28.1,
McNeil, Jeff,643446,2020,.407,.337,.355,86.6,11.5,37,2.5,6.8,26.5,83.1,32.4,44.4,23.5,27.2,4.9,27.1,
Robles, Victor,645302,2020,.280,.262,.284,82.2,19,37.3,1.7,5.1,22.9,73.2,29.2,38.1,24.6,27.1,10.2,28.0,
Devers, Rafael,646240,2020,.460,.328,.304,93,10.6,33.3,12.1,5.5,43.6,74.1,38.6,46.1,23,26.1,4.8,26.5,
Jimenez, Eloy,650391,2020,.540,.364,.317,92.4,5.7,32.9,16.5,7,55.7,75.6,37.8,52.5,20.3,24.1,3.2,27.2,
Schwarber, Kyle,656941,2020,.441,.340,.340,92.8,8.8,28.8,11.2,8.8,47.2,62.2,27.9,51.2,24.8,19.2,4.8,26.9,
Verdugo, Alex,657077,2020,.369,.299,.305,87,5.9,31.2,6.4,5.1,34.4,57.8,27.8,52.2,19.1,22.9,5.7,27.5,
White, Evan,657108,2020,.387,.292,.269,91.7,13.7,27.3,14.1,8.1,52.5,63.1,24.5,44.4,30.3,17.2,8.1,28.2,
Laureano, Ramon,657656,2020,.403,.338,.353,87.7,12.3,34.4,9.4,4.7,34.4,57.4,23.3,44.5,24.2,21.9,9.4,27.9,
Moncada, Yoan,660162,2020,.336,.290,.306,87.8,13.9,33.8,6.2,4.6,33.1,63.1,27.5,41.5,21.5,26.2,10.8,27.5,
Acuna Jr., Ronald,660670,2020,.591,.420,.409,92.4,18.6,34,16,18,57,63.9,20,36,32,24,8,29.2,
Riley, Austin,663586,2020,.474,.342,.325,91,13.6,30.7,10,5,42.9,77.9,32.3,42.1,22.9,27.1,7.9,26.9,
Tucker, Kyle,663656,2020,.449,.327,.318,91.1,14.9,34.1,9.1,6.7,44.5,77.3,26.3,39,28.7,26.2,6.1,27.6,
Grisham, Trent,663757,2020,.482,.368,.366,88.3,13.5,37.9,11.1,3.9,41.8,58,18,43.8,22.2,25.5,8.5,29.1,
Happ, Ian,664023,2020,.469,.362,.365,91.1,9,37.5,10.3,5.1,48.5,64.4,24.2,47.1,19.9,30.1,2.9,27.1,
Lowe, Brandon,664040,2020,.550,.384,.356,89.8,18.1,37.2,17.5,5.1,43.1,72.6,21.1,32.8,32.1,27,8,27.4,
Fletcher, David,664058,2020,.351,.316,.352,84.7,4.1,30.8,0.5,1.1,17.8,47.3,26,55.1,13,27,4.9,27.3,
Tatis Jr., Fernando,665487,2020,.614,.422,.386,95.9,8.7,32.3,19.5,7.9,62.2,71.8,26.1,48.2,26.2,24.4,1.2,29.4,
Guerrero Jr., Vladimir,665489,2020,.439,.333,.329,92.5,4.6,29.5,8.7,6,50.8,74,24.6,54.6,21.9,19.7,3.8,25.3,
Soto, Juan,665742,2020,.696,.475,.475,92.1,4.3,33.3,18.3,6.3,51.6,61.2,15.9,53.2,21.4,23,2.4,26.2,
Gurriel Jr., Lourdes,666971,2020,.486,.347,.325,90.8,10.5,39.5,11.7,3.1,49.4,70.7,33.9,41.4,21,32.1,5.6,26.3,
Reynolds, Bryan,668804,2020,.403,.314,.310,87.5,10.2,35.2,10.2,3.9,38.3,70,27.7,44.5,28.1,24.2,3.1,28.2,
Edman, Tommy,669242,2020,.367,.315,.334,86.5,8.2,31,3.8,4.4,33.5,61,25.6,51.3,14.6,25.9,8.2,28.9,
Solak, Nick,669256,2020,.388,.318,.326,89.9,9.4,27.5,4.7,7,40.4,64.1,24.2,48.5,26.3,21.6,3.5,28.6,
Hiura, Keston,669374,2020,.435,.318,.299,87.4,14.3,34.3,14.2,4.5,39.6,71.4,30.4,44,27.6,20.1,8.2,27.1,
Lopez, Nicky,670032,2020,.308,.287,.319,84.9,1.4,30.5,1.5,3.1,26.7,64.2,25.2,56.5,11.5,27.5,4.6,27.8,
Robert Jr., Luis,673357,2020,.462,.326,.296,87.9,16.7,36.6,13,9.2,40.5,81.1,39.6,38.2,26.7,24.4,10.7,29.1,
Cruz Jr., Nelson,443558,2022,.399,.320,.323,90.9,7.2,28,9.3,4.5,46.1,72.4,31.1,53,19.3,22.9,4.8,25.5,
Blackmon, Charlie,453568,2022,.376,.301,.308,86.2,12.4,36.7,4.4,4,30.6,70.1,32,44.4,23.8,25.7,6.1,27.9,
McCutchen, Andrew,457705,2022,.406,.325,.329,89.1,13.2,36.2,8.6,5.8,40,68.5,20.8,41.8,28.1,24.1,6.1,28.9,
Turner, Justin,457759,2022,.427,.339,.343,89.5,18.4,40.6,8,6.2,40.6,70.4,26.7,32.8,33.3,27.9,5.9,25.0,
Andrus, Elvis,462101,2022,.360,.293,.300,87.9,11.9,29.1,4.5,3.6,34.8,62.3,29.4,46.5,22.1,22.8,8.6,26.0,
Santana, Carlos,467793,2022,.438,.352,.361,90.7,15.4,31.6,9.3,7.2,44.9,63.9,21.7,39.1,28.4,22.6,9.9,25.7,
Gurriel, Yuli,493329,2022,.319,.271,.286,88.2,14.6,30.3,1.9,4.4,35.6,63.1,34.9,41.7,24.6,23.8,9.9,26.9,
Rojas, Miguel,500743,2022,.347,.293,.310,86.1,10.1,33.1,1.9,5.6,27.1,66.2,30.4,47.1,19.6,26.8,6.5,26.4,
Escobar, Eduardo,500871,2022,.427,.314,.300,88.3,20.6,38.7,9.4,8.9,37.6,73.5,34,30.9,32.8,26.9,9.4,27.9,
Pham, Tommy,502054,2022,.383,.311,.315,92.2,7.7,33.2,7.9,8.2,48.5,60.8,21.6,48.2,22.4,24.7,4.6,27.9,
Martinez, J.D.,502110,2022,.471,.349,.330,89.1,14.1,42,12.5,8.9,41.7,74.9,31.9,38.2,30.8,26.7,4.3,26.1,
Goldschmidt, Paul,502671,2022,.482,.367,.357,90.8,15.7,31.8,11.6,9.9,47.4,59.8,25.1,40.8,28.8,22.9,7.5,26.2,
Altuve, Jose,514888,2022,.440,.354,.362,85.9,16.1,35.4,7.7,6.6,29.7,64,28.6,41,25.6,23.6,9.8,28.1,
Hernandez, Cesar,514917,2022,.329,.290,.312,84.8,9.3,33.3,2.4,4.9,29.7,68.7,25.9,48.6,19.3,26.4,5.8,28.3,
Marte, Starling,516782,2022,.428,.336,.332,86.8,7.5,38.5,6.8,7,33.9,67.5,32.8,50.1,20.1,26,3.8,28.0,
Donaldson, Josh,518626,2022,.370,.299,.303,90.7,12,34.8,9.8,6.3,43.3,66.6,29.3,43.5,25.9,24.1,6.5,25.7,
Freeman, Freddie,518692,2022,.538,.403,.400,91.3,13.6,42.9,9.9,8.5,47.8,73.9,27.3,38.9,28.4,29.8,2.9,26.9,
LeMahieu, DJ,518934,2022,.403,.344,.369,89.2,3,32.8,5.3,6.8,41.1,53.9,24.5,54.6,17,25.6,2.8,26.4,
Rizzo, Anthony,519203,2022,.454,.349,.350,89.4,19.3,34.2,10.9,7.7,41,64.1,29.7,33.3,35,21.6,10.1,25.5,
Flores, Wilmer,527038,2022,.370,.310,.322,87.8,20.7,35.7,6.3,5.4,35.4,66.5,26.6,34.7,31.5,24.2,9.6,25.2,
Ozuna, Marcell,542303,2022,.478,.337,.303,89.4,16.5,31.8,13.1,4,43.8,68.2,33.4,38.4,30.7,20.7,10.2,26.6,
Aguilar, Jesus,542583,2022,.393,.298,.288,87.7,19.1,39.7,6.9,7.7,36,64.7,36.3,32.9,30.9,26.9,9.7,23.9,
Cron, C.J.,543068,2022,.438,.321,.306,88.7,14.2,36.8,10.8,5.5,42.3,62.9,33.2,39.2,27.9,26,7,25.2,
Semien, Marcus,543760,2022,.394,.306,.301,87.3,19.9,32.4,6.8,6.2,34.9,71.1,24.8,33.6,34,21.8,10.6,28.9,
Springer III, George,543807,2022,.438,.342,.342,88.7,13.9,31.8,8.4,7.2,42.3,77.4,25.6,44.3,24.4,21.8,9.6,28.3,
Grichuk, Randal,545341,2022,.370,.281,.271,90,8.7,27.3,6.8,6.6,43.6,69.4,32.7,50.4,26,18.1,5.5,28.0,
Abreu, Jose,547989,2022,.486,.373,.372,92.2,8,34.5,9.5,7.7,51.8,66.1,29.8,47.7,24,25.1,3.2,26.0,
Suarez, Eugenio,553993,2022,.454,.339,.321,89.8,19.9,36.4,14.8,7.4,43.5,63.6,21.5,34.1,39.2,20.7,6,25.7,
Urshela, Gio,570482,2022,.416,.323,.324,88.9,11.8,38.6,7,6.6,37.6,71.2,36.1,41.7,23.8,30.1,4.4,25.8,
Schoop, Jonathan,570731,2022,.338,.268,.267,87,9.7,29.1,4.8,6.6,38.6,75.2,36.8,45.2,20.6,24.3,9.8,27.0,
Arenado, Nolan,571448,2022,.445,.339,.335,88.7,21.7,35.4,8.2,7.8,38.9,66.9,32.6,30.5,29,26.2,14.3,25.5,
Farmer, Kyle,571657,2022,.380,.311,.320,85.5,12.7,37.7,4.4,6.9,33.8,64.7,36.3,45.3,23.4,25.5,5.7,26.8,
Muncy, Max,571970,2022,.417,.339,.342,90.3,20.9,34.3,13.4,10.3,45.6,60.4,16.5,32.5,39.5,20.1,7.9,27.2,
Pollock, AJ,572041,2022,.419,.317,.305,88.8,11.6,32.9,9.4,5.8,42,74.1,34,45.3,22,23,9.6,27.8,
Voit III, Luke,572228,2022,.434,.322,.306,89.8,18.4,34.6,14.7,8.3,44.3,78.1,30.6,34.9,34.9,24.8,5.5,24.7,
Walker, Christian,572233,2022,.484,.359,.343,90,17,33.3,11.5,6.5,44,67.9,23.1,39.2,30.9,21.4,8.5,26.6,
Yastrzemski, Mike,573262,2022,.392,.314,.313,89.9,19.9,36.2,11.1,5.1,42.5,63.4,22.2,34.8,31.9,23.6,9.7,27.0,
Canha, Mark,592192,2022,.362,.323,.351,87.7,10.9,32.2,4.9,6.8,36.6,61,24.3,46.1,24.7,23.3,6,27.5,
Castellanos, Nick,592206,2022,.395,.302,.293,87.5,14.6,36.9,6.6,6.1,35.1,76.8,39.6,42.9,28.5,22,6.6,27.7,
Drury, Brandon,592273,2022,.420,.316,.303,89.1,13.8,34.8,10.4,7.3,42.2,62.5,30.1,40.9,28.3,24,6.8,27.0,
Judge, Aaron,592450,2022,.706,.463,.422,95.9,15,39,26.5,7.2,61.8,66.1,22.9,37,38.3,22.3,2.5,27.3,
Machado, Manny,592518,2022,.447,.338,.338,91.5,16,36.7,9.8,9.8,49,74.4,30.7,37.6,23.7,29.1,9.6,26.3,
Realmuto, J.T.,592663,2022,.463,.351,.342,90.3,13.1,35.6,11.3,6.7,47.2,67.7,31,44.6,25.6,24.1,5.6,28.8,
Renfroe, Hunter,592669,2022,.438,.323,.303,90.5,17.7,32.7,10.9,6.4,43.6,66.2,31.8,37.4,30.2,21.5,10.9,27.1,
Yelich, Christian,592885,2022,.404,.339,.360,91.5,3.6,30.3,8.2,6.7,48.6,65.4,23.2,59.1,18,19.7,3.1,28.1,
Merrifield, Whit,593160,2022,.356,.288,.292,87.1,15.1,37.9,4.2,7.3,31.1,71.4,29.8,41.2,28.8,22.2,7.7,28.7,
Bogaerts, Xander,593428,2022,.383,.323,.338,88.1,10.2,30.3,6.5,4.9,39.5,63.5,29.2,46.6,21.1,25.8,6.5,27.9,
Profar, Jurickson,595777,2022,.359,.315,.340,87.5,12.9,34.7,4,4.6,34.3,64.2,23.7,44.8,22.8,25.7,6.7,26.6,
Baez, Javier,595879,2022,.378,.285,.272,87.9,9.6,29.7,8,4.9,38,67.9,47.5,50.6,22.9,20.4,6.1,27.9,
Lindor, Francisco,596019,2022,.427,.331,.326,89.3,13.8,29.2,8.3,6.2,41.3,68.1,29.9,43.5,27.6,20.4,8.5,27.5,
Bell, Josh,605137,2022,.424,.349,.369,88.9,8.4,30.7,7.2,3.7,40.8,68.8,24.9,50.7,19.7,24.1,5.7,26.2,
Betts, Mookie,605141,2022,.465,.344,.327,90.5,18.6,36.2,9.7,8.7,44.9,66.9,22.2,33.7,35.6,23.1,7.6,27.3,
Hernandez, Teoscar,606192,2022,.501,.351,.314,92.6,11.6,36.3,15,7.5,53.3,69,30.3,44.4,25.6,24.8,5.2,28.6,
Marte, Ketel,606466,2022,.377,.315,.333,90.1,13.5,31.6,6.1,5.8,41.9,65.7,28.1,43.2,25.3,24.5,7.1,27.0,
Nimmo, Brandon,607043,2022,.409,.342,.357,89.4,6.1,28.1,7,3.6,39.8,64.8,21.2,51.7,20.6,21.7,6,28.7,
Turner, Trea,607208,2022,.432,.335,.327,88.9,10.2,35.3,7.6,6.5,41.6,72.4,33.1,43.5,26.2,24.7,5.7,30.3,
Ramirez, Jose,608070,2022,.408,.320,.337,87.7,20.7,33.7,6.6,6.4,36.9,66.4,28.7,32.6,28.6,24.6,14.2,28.5,
Bregman, Alex,608324,2022,.416,.350,.369,88.9,19.5,36.2,7.3,9.4,37.8,65.8,17.8,33.5,32.6,24.5,9.4,26.6,
Seager, Corey,608369,2022,.510,.372,.354,91.1,13.6,38.4,10.5,9.9,45.5,80.7,30.5,40.2,30.3,25.9,3.6,26.1,
Winker, Jesse,608385,2022,.403,.345,.369,87.7,16.8,32,7.6,3.1,34.3,68.1,18.8,38.8,28.9,22.5,9.8,25.4,
Swanson, Dansby,621020,2022,.461,.337,.314,90.2,15.7,37,10.8,8,46.3,72.4,26.4,38.3,29.4,26.8,5.4,28.4,
Correa, Carlos,621043,2022,.484,.363,.353,89.9,11.6,35.3,11.4,5.7,44.7,63.3,26.9,42,25.9,25.7,6.4,27.1,
Ward, Taylor,621493,2022,.474,.361,.352,90,15.8,41.8,12.4,7.4,42.9,62.3,20.6,35.5,31.3,27.1,6.1,28.4,
Wisdom, Patrick,621550,2022,.380,.295,.284,90.7,21,29.8,14.2,6.2,46.3,70.5,26.4,34.9,31.8,20.4,12.8,27.8,
Olson, Matt,621566,2022,.467,.347,.334,92.9,16.1,33.8,13.6,7.6,50.9,73.9,28.5,39.6,28.4,22,10,26.3,
Mateo, Jorge,622761,2022,.344,.272,.269,86.8,14.8,35.5,6,5.7,32.7,72.6,36.6,38.6,25.9,26.7,8.8,30.1,
Santander, Anthony,623993,2022,.471,.352,.335,90.1,21.4,33.5,11.6,8.1,43.3,65.5,32.5,32.2,28.7,23.4,15.8,26.4,
Alonso, Pete,624413,2022,.489,.354,.346,89.8,18.2,34.5,12.3,4.8,44.8,70.9,33.5,36.4,30.5,23,10,25.6,
Frazier, Adam,624428,2022,.339,.297,.324,85.1,13.6,37.7,1.5,4,24.5,68.4,28.8,41.8,23.8,27.8,6.5,26.8,
Cronenworth, Jake,630105,2022,.356,.303,.319,87.6,18.2,32.3,5.6,6.9,34.1,60,21.6,36.2,34.1,21.1,8.6,28.2,
Bellinger, Cody,641355,2022,.354,.278,.271,89.4,20.3,34.4,8.3,5.8,38.1,68.2,31.7,35.6,32.8,22.2,9.4,28.1,
Crawford, J.P.,641487,2022,.337,.315,.353,85.1,8.9,32.4,2,4.7,29.7,61.9,20.5,46.5,18.2,27.2,8.1,26.8,
Mancini III, Trey,641820,2022,.410,.327,.328,89.5,12.7,39.6,9.8,10.3,40.4,67.3,30.1,40.6,27.8,25.4,6.2,25.6,
McMahon, Ryan,641857,2022,.423,.330,.329,91.7,10.8,36.4,10.4,6.7,46.5,63.4,25.4,44.7,27.5,26.2,1.6,25.8,
Tellez, Rowdy,642133,2022,.479,.349,.337,91.1,15.3,31.4,12.9,7.3,46,61.2,27,39.7,29.9,20.4,10,23.8,
Rosario, Amed,642708,2022,.396,.310,.308,88.4,5,31.1,4.5,5.5,38.3,66.9,40,52.5,16.8,25.7,5.1,29.5,
Adames, Willy,642715,2022,.451,.323,.299,88.9,18.9,36.4,13,6.5,43.6,71.2,29.8,34.2,33.4,22.7,9.7,27.8,
Estrada, Thairo,642731,2022,.352,.299,.312,86.2,8.1,31.6,4.4,4.7,31.1,67.2,32.3,51.4,20.5,21,7.2,28.3,
Benintendi, Andrew,643217,2022,.407,.334,.347,89.2,12.6,39.2,5.1,6.2,38.7,73.2,22.7,43.8,26.7,25.9,3.6,27.5,
Kemp, Tony,643393,2022,.291,.267,.294,84.4,15,33.9,1.6,4.1,14.9,68.4,29.4,43.3,24.3,22.9,9.4,26.2,
Kiner-Falefa, Isiah,643396,2022,.333,.290,.317,86.2,4.3,29.6,1.2,4.3,30.1,58,30.8,55.8,14.8,23.6,5.7,28.4,
McNeil, Jeff,643446,2022,.389,.323,.341,86.9,12.8,39,2.7,5.2,30.2,77.6,29.2,41.3,22.9,30,5.9,27.4,
Devers, Rafael,646240,2022,.497,.361,.348,93.1,11.3,33.1,11.5,7.7,50.9,76.3,36.2,42.3,23.9,26.4,7.4,25.5,
Arraez, Luis,650333,2022,.408,.333,.350,88.9,12.9,38.7,3.6,5.7,30.2,63.2,24.1,41.2,25.4,29.8,3.6,26.8,
Torres, Gleyber,650402,2022,.441,.319,.298,90.4,17.5,36.2,10.7,8.5,45.3,71.9,27.7,35.9,32.7,24.2,7.2,26.9,
Diaz, Yandy,650490,2022,.424,.365,.395,92.2,7.7,30.7,4.8,8.9,49,63.6,19.6,50,19.6,24.4,6,27.1,
Rengifo, Luis,650859,2022,.392,.296,.285,86.9,9.9,31.1,5.4,4.9,33.6,77.3,34.9,48.2,23.6,21.2,7.1,27.9,
Chapman, Matt,656305,2022,.440,.341,.331,92.2,19,34,12.9,8.8,51.2,64.2,19.2,34.6,30,22.3,13.1,28.4,
Hoskins, Rhys,656555,2022,.445,.338,.327,90.1,18.1,37.3,11.1,5.9,44.3,60.7,23.2,36.3,33,22.9,7.8,25.9,
Mullins II, Cedric,656775,2022,.349,.288,.297,88.8,17.4,29.3,4.9,5.9,37.3,71.2,29.9,41,26.4,21.1,11.5,28.4,
Schwarber, Kyle,656941,2022,.535,.375,.341,93.3,19.2,35.4,20.1,8.7,54.4,60.6,21.7,34.3,33.8,20.6,11.3,26.4,
Thomas, Lane,657041,2022,.357,.286,.286,86.4,12.5,32.6,6.5,5.7,34.5,61.4,26.1,45.3,21.3,21,12.4,29.4,
Verdugo, Alex,657077,2022,.428,.329,.327,89.1,8.4,37.8,6,7.6,38.2,64,24.9,46.2,23,26.5,4.3,26.8,
Ohtani, Shohei,660271,2022,.552,.385,.361,92.9,12.1,35,16.8,5.6,49.8,72.1,28.4,43,30.1,23.6,3.3,28.3,
Acuna Jr., Ronald,660670,2022,.486,.366,.358,91.2,10.8,32.8,12.8,6.1,49.7,73.5,24.3,47.7,24.7,21.2,6.4,28.5,
Varsho, Daulton,662139,2022,.389,.298,.285,87.7,14.9,33.6,10.2,8.4,35.6,69.1,30.5,42.7,29.8,19.6,7.9,28.0,
Hoerner, Nico,663538,2022,.366,.301,.318,87.2,10.7,32.6,2.6,4.7,33.5,65.1,33.7,46.5,24.2,23.5,5.9,29.1,
Riley, Austin,663586,2022,.531,.378,.349,92.5,12.9,37.7,15.7,8.4,50.8,75.3,30.1,39,28.8,26.2,6,27.8,
Mountcastle, Ryan,663624,2022,.509,.362,.332,91.3,15.9,39.5,15,4.7,46.3,79.1,37.8,37.3,32.1,25.7,4.9,27.5,
Hayes, Ke'Bryan,663647,2022,.354,.303,.321,91,5.2,30.6,3.9,6.2,46.8,61.2,27.1,49.6,17.7,27,5.7,27.9,
Tucker, Kyle,663656,2022,.482,.353,.336,90,19,34.4,10.2,10.2,42.4,80.2,26.1,34.4,37.7,22,6,26.6,
Grisham, Trent,663757,2022,.354,.295,.302,88.3,15.1,25.5,8.1,5.8,35.5,56.1,20.7,46.1,30,14.8,9,28.8,
Rodgers, Brendan,663898,2022,.404,.326,.330,90,4.6,31.3,7.2,5.6,45.9,72.1,27.2,52,19.7,25.5,2.8,26.7,
Lowe, Nathaniel,663993,2022,.459,.344,.333,90.2,8.2,34.1,9.9,5.2,44.8,74,29.2,48.2,21.5,26,4.3,27.1,
Happ, Ian,664023,2022,.379,.306,.315,89.7,10.9,29.2,6.5,6.5,40.4,71.8,26.6,47.4,24.8,22,5.8,27.9,
France, Ty,664034,2022,.398,.321,.330,87.6,10.1,34.8,5.4,5,36.7,75.8,31.9,47.8,21.2,25.5,5.4,24.7,
Straw, Myles,664702,2022,.301,.275,.306,87,9.8,34.1,0.7,4.8,26.5,57.9,19.6,47.6,22.5,26.2,3.7,29.3,
Bohm, Alec,664761,2022,.436,.333,.327,90.2,10.4,37.7,6.8,6,43,72,31.4,46.3,21,27.2,5.6,27.1,
Brown, Seth,664913,2022,.454,.338,.324,89.2,15.8,34.9,13,5.4,41.4,69.7,29.1,36.6,30.4,24.5,8.5,27.9,
Pena, Jeremy,665161,2022,.397,.300,.285,88.1,8.7,32.9,9.7,5.4,36.7,75.3,37.8,47.7,22.4,25.3,4.6,29.4,
Guerrero Jr., Vladimir,665489,2022,.462,.348,.342,92.8,4.3,27.9,11.2,6.8,50.4,71.5,30.5,52.3,17.1,24.5,6.1,26.6,
Soto, Juan,665742,2022,.501,.401,.420,91,9.1,28.5,12.4,7.2,47.4,56.3,17.2,47.4,27.1,19.2,6.3,26.6,
Gimenez, Andres,665926,2022,.400,.326,.336,87.8,11.7,31.3,6.2,6.5,37.8,70.9,38.4,48.2,19.4,24.4,8,29.3,
Bichette, Bo,666182,2022,.444,.334,.322,91.9,8.5,33.3,9.6,7.2,50.3,77.6,35.2,49.1,22,24.6,4.2,27.5,
Garcia, Adolis,666969,2022,.447,.322,.296,92.1,13.2,36.9,12.9,9.3,47.4,73.5,37.3,41.1,25,24.5,9.3,27.9,
Arozarena, Randy,668227,2022,.382,.301,.301,89.9,8.8,28.2,7.9,5.8,41,64,30.9,50.2,19.7,20.8,9.3,28.8,
Reynolds, Bryan,668804,2022,.416,.329,.334,90.2,12,35.5,7.9,6,42.9,73,31.5,43.7,27.8,24.6,4,28.3,
Rojas, Josh,668942,2022,.365,.308,.327,88.8,11.9,33.5,4.5,4.8,36.1,62.5,19.9,43.9,26.2,26.2,3.7,27.3,
Melendez Jr., MJ,669004,2022,.410,.332,.334,90.7,15.1,31,10.4,6.8,43.5,66,24.1,39.6,32.7,20.8,6.8,27.8,
Murphy, Sean,669221,2022,.439,.344,.340,88.7,11.5,34.7,10.5,6.5,41.4,71.1,29.5,42.1,23.4,27,7.4,26.1,
Edman, Tommy,669242,2022,.380,.308,.318,88.6,8.7,31.6,6.2,5.1,37.8,64,30.6,49.4,20.5,23.5,6.6,28.8,
Smith, Will,669257,2022,.473,.352,.341,89.9,18.4,36.8,10.3,7.2,43,63.7,21.3,31.5,37.3,25.5,5.8,27.5,
Hays, Austin,669720,2022,.372,.298,.298,87.7,11.3,32.3,5.2,7.1,37.7,67.7,36.2,43.6,22.4,23.6,10.4,27.8,
Alvarez, Yordan,670541,2022,.672,.462,.430,95.2,12.3,40.7,21,7.5,59.8,63.7,24.8,39.9,30.5,27,2.7,26.5,
Kirk, Alejandro,672386,2022,.431,.351,.367,90.5,8.1,32,6.7,6.5,45.4,59.6,23.3,50,20.4,24.5,5,24.1,
Kim, Ha-Seong,673490,2022,.368,.309,.324,86.7,16.1,34,4.2,6.1,32.4,60.4,24.9,40.8,22.9,25.9,10.4,28.4,
Rodriguez, Julio,677594,2022,.460,.337,.319,92,10.1,32.7,13.1,8.4,50.7,70.5,33.5,46.3,24,22.3,7.4,29.8,
Witt Jr., Bobby,677951,2022,.427,.313,.294,89.7,16.8,32.5,8.7,4.6,38.6,70.4,34.7,36.2,33.4,22.6,7.8,30.4,
Kwan, Steven,680757,2022,.341,.312,.348,85.1,11.8,34.6,1.4,2.6,20.8,55.1,20.2,42.6,23.6,27.9,5.9,28.4,
Vaughn, Andrew,683734,2022,.415,.319,.311,90.8,7.5,34.1,7.9,10,48.6,61.4,32.8,48,22.2,25.1,4.8,26.2,
Cabrera, Miguel,408234,2021,.420,.315,.301,91.4,10,32.8,8.3,8.5,49,69.1,30.2,49,25.9,21.5,3.6,23.9,
Cruz Jr., Nelson,443558,2021,.512,.363,.341,92.9,11.8,31.8,13.6,8.1,52.5,73.8,31,43.4,25.5,22,9.1,26.0,
Peralta, David,444482,2021,.345,.293,.313,89.3,5.3,27.2,5,4.5,41.8,66.3,27.4,54.9,15.6,23.2,6.3,27.6,
Blackmon, Charlie,453568,2021,.450,.359,.369,87.6,10.2,32.6,7,3.5,38.5,67.9,26.2,47.4,22.3,24.4,5.9,27.7,
McCutchen, Andrew,457705,2021,.431,.344,.352,88.8,14.6,33.6,9,8.4,39.5,63.7,19.1,40.9,30.5,21.6,7,28.7,
Turner, Justin,457759,2021,.470,.359,.358,90.9,19.2,36.5,7.9,8.6,42.4,66.9,22.7,35.4,33.1,24.5,7,25.5,
Votto, Joey,458015,2021,.592,.406,.383,92.9,18.2,44.3,17.2,9.2,53.2,67.9,22,33.2,36.9,25.2,4.6,25.1,
Andrus, Elvis,462101,2021,.375,.308,.324,87.8,8.1,34,2.1,5.9,34.8,65.9,31.9,47,17.5,28.4,7.1,26.7,
Santana, Carlos,467793,2021,.421,.335,.345,89.9,12.9,28,6.8,7.1,41.9,66.9,22.6,45.3,26.5,19.2,8.8,24.9,
Lowrie, Jed,476704,2021,.464,.343,.332,90.7,16.4,36.5,9.3,9.6,45.9,70.8,20.9,36.8,32.6,24.9,5.7,25.2,
Brantley Jr., Michael,488726,2021,.466,.361,.365,89.5,9.9,38.8,5.8,6.2,42.9,65.9,24.1,46.8,20.6,28.8,3.8,25.7,
Gurriel, Yuli,493329,2021,.386,.326,.347,89.8,13.4,31,3.4,5.5,42,62.2,26.1,41.6,24.3,25.5,8.6,27.0,
Rojas, Miguel,500743,2021,.345,.292,.308,86.2,11.5,32.4,2.8,4.7,32.9,66.4,26.3,45.6,22,24.3,8,26.6,
Escobar, Eduardo,500871,2021,.453,.328,.310,87,20.8,38,8.9,6.1,34.5,72.2,28.9,33.3,33.3,23,10.3,27.4,
Pham, Tommy,502054,2021,.438,.350,.362,90.8,7.6,35.6,10,8.8,47.6,60,16,49.6,21.4,24.8,4.3,27.8,
Martinez, J.D.,502110,2021,.533,.374,.352,92.1,16.9,41.2,12.5,10.8,49.4,76.5,33.7,34.1,31.5,28.9,5.4,26.1,
Goldschmidt, Paul,502671,2021,.575,.397,.366,92.6,17.1,36.9,13.6,8.3,50.6,64.4,25.2,37.3,31.1,24.6,7,26.2,
Altuve, Jose,514888,2021,.421,.332,.339,87.7,15.6,32.1,6.4,6.2,35,66.8,30.3,41,24.6,23.6,10.8,28.0,
Hernandez, Cesar,514917,2021,.386,.311,.319,87.4,10.7,32.6,6.8,5,33.2,68.3,26.1,47.3,25.1,23.7,3.9,28.7,
Segura, Jean,516416,2021,.396,.319,.328,87.2,5.8,31.1,5.9,5.4,37.4,66.7,30.1,52.4,19,22.7,5.9,27.3,
Marte, Starling,516782,2021,.438,.347,.354,87.6,4.6,32.6,8.4,4.3,39.6,71,30.2,56.3,16.7,22.9,4,28.4,
Donaldson, Josh,518626,2021,.542,.388,.372,94.1,14.6,30.2,17.4,4.8,52.7,70.2,22.6,43.9,28.5,20.5,7.1,24.5,
Freeman, Freddie,518692,2021,.583,.416,.410,91.4,12,37.2,11.5,7.1,46.1,77.6,25.7,43.2,28.9,25.1,2.8,27.0,
LeMahieu, DJ,518934,2021,.397,.340,.366,90.6,5,33.3,3.7,6.9,43.5,62,20.4,52,18.3,26.8,3,26.5,
Rizzo, Anthony,519203,2021,.434,.347,.356,90.1,14.8,31.4,7.7,5.6,41.1,64.5,29.4,41.3,27.1,23.9,7.7,25.2,
Stanton, Giancarlo,519317,2021,.498,.363,.346,95.1,10.3,32.6,15.7,11,56.3,63.5,28,45.5,23,24.2,7.3,24.7,
Perez, Salvador,521692,2021,.565,.374,.321,93,15.9,34.1,16.3,8.6,56.2,78.6,44.7,37.4,33,23.6,5.9,26.1,
Garcia, Avisail,541645,2021,.514,.366,.346,90.4,9.3,35.9,12.2,7,46.4,81.9,37.2,48.4,26.1,22,3.5,28.7,
Villar, Jonathan,542340,2021,.388,.307,.310,88,7,29.9,7.4,5.6,34.9,74.6,28,49.1,23.5,21.9,5.6,27.3,
Aguilar, Jesus,542583,2021,.453,.334,.329,89.6,19,34.7,8.5,5.5,41,63.8,27.4,33.3,31.7,26.7,8.3,24.3,
Crawford, Brandon,543063,2021,.492,.356,.341,88.8,14.7,35.8,11.5,8.4,43.3,77.6,27.9,40.5,28.7,23,7.8,25.8,
Cron, C.J.,543068,2021,.481,.364,.360,88.8,15.8,31.9,11.5,5,42,66.3,30.8,38.7,32.5,21.3,7.6,25.9,
Grossman, Robbie,543257,2021,.399,.334,.355,87.8,21.1,39.5,7.6,8.3,34.1,63.4,15.7,30,35.9,26.8,7.3,27.8,
Harrison, Josh,543281,2021,.420,.333,.340,87.2,14.5,39.5,4.4,7.4,32.6,75.1,35.5,40.2,27.3,27.3,5.3,26.7,
Hosmer, Eric,543333,2021,.406,.326,.337,90.5,3.3,26.6,5.8,6.1,47,67,31.8,56.2,14.8,23.2,5.8,26.0,
Semien, Marcus,543760,2021,.459,.336,.320,89.7,20.3,35.2,9.8,8.3,41.3,69.7,21.3,31,36.7,23.2,9,28.6,
Grichuk, Randal,545341,2021,.402,.297,.278,89.8,16.1,30.4,8.5,6.2,41.1,73.7,32.4,39.7,29.4,20,11,28.1,
Harper, Bryce,547180,2021,.609,.430,.423,92.5,13.3,38.9,18.1,8.3,49.7,75.3,24.8,41.9,26.4,27.2,4.4,27.8,
Abreu, Jose,547989,2021,.457,.349,.347,92,10.4,31.2,10.2,9.2,49.3,66.7,32.2,47.3,25.6,21.7,5.3,26.5,
Suarez, Eugenio,553993,2021,.455,.326,.302,89.1,18.3,33,15,3.8,39.8,64.3,23.3,36.3,35.7,20.4,7.7,26.7,
Schoop, Jonathan,570731,2021,.404,.311,.305,88.1,10.8,30.1,6.8,4.4,40.2,70.9,35.3,48.4,20.3,21.7,9.6,27.0,
Arenado, Nolan,571448,2021,.420,.311,.308,89,20,34.1,6.7,6.9,37.5,67.4,29,31.3,32.7,24.8,11.1,25.4,
Farmer, Kyle,571657,2021,.383,.302,.306,87.2,15.8,36,4.3,5.9,31.9,65.4,35.4,40.8,25.5,25.3,8.4,27.0,
Haniger, Mitch,571745,2021,.497,.353,.329,89.3,14.8,33.6,12.6,6.5,45.1,65,29.2,43.1,29.2,19.6,8.1,27.2,
Hernandez, Enrique,571771,2021,.454,.346,.342,90.8,17.9,36.5,8.4,9.1,43.2,66.8,24.9,33.6,32.6,24.9,8.9,27.4,
Muncy, Max,571970,2021,.580,.407,.387,91.2,15.2,34.9,16.1,8.2,46.6,60.3,15.7,38.6,33.1,22.8,5.6,26.7,
Seager, Kyle,572122,2021,.452,.319,.294,89,19.5,35.7,12.3,7.8,40.1,72.3,29.2,33.4,37.7,19.7,9.2,25.5,
Taylor, Michael A.,572191,2021,.390,.300,.299,89.4,12.1,30.6,6.6,4.6,40.2,75.3,30.5,46.2,27.5,22.5,3.8,28.2,
Yastrzemski, Mike,573262,2021,.431,.318,.309,89.5,19.4,33.1,10.3,7.6,39.3,67.9,23,34.3,35.8,22,7.9,27.3,
Iglesias, Jose,578428,2021,.366,.297,.308,85.4,11.5,35.5,3.4,2.9,28.6,68.5,43.2,42.1,22,29.3,6.6,28.3,
Bryant, Kris,592178,2021,.449,.346,.349,88.2,15.1,37.1,10.3,6.1,40,73.7,26.7,37.9,29.5,26.3,6.3,27.9,
Canha, Mark,592192,2021,.378,.332,.358,87.3,13.5,36.1,7.1,5.9,35.4,61.4,20.7,42.2,24.4,26,7.4,27.8,
Castellanos, Nick,592206,2021,.535,.374,.350,89.8,14,44,10.6,11.5,46.9,78.9,36.2,38,29.1,29.3,3.6,27.6,
Judge, Aaron,592450,2021,.594,.418,.394,95.8,11.6,38.5,17.6,9.1,58.4,66.1,23.7,42.1,28,27.2,2.8,27.6,
Machado, Manny,592518,2021,.526,.376,.363,93.1,14,33.8,13.3,7,52.2,70.2,28.9,39.5,25.4,26.4,8.7,26.4,
Realmuto, J.T.,592663,2021,.416,.329,.335,89.6,11.5,31.2,8.6,6,44.7,69.9,30.7,46.7,24.4,23.2,5.7,28.8,
Renfroe, Hunter,592669,2021,.506,.354,.320,90.1,15.6,32.7,14.4,6.3,44.3,66.7,31.8,38.5,27,22.9,11.6,27.3,
Merrifield, Whit,593160,2021,.383,.301,.306,86.9,14.1,40,3.5,7.2,28.8,71.3,29,41.7,25.8,26.7,5.8,28.6,
Bogaerts, Xander,593428,2021,.468,.359,.359,89.6,12.5,36.4,9.7,5.9,43,62.4,31,40.2,23.9,28.8,7.1,27.7,
Polanco, Jorge,593871,2021,.488,.348,.323,89.4,19.3,36.1,10.1,5.9,37.4,70.5,29.7,33,32.8,27.1,7.1,28.0,
Sano, Miguel,593934,2021,.439,.322,.306,93.4,17.6,32.3,17.7,5.2,55.9,66.1,26.5,39.2,29.9,22.6,8.3,26.5,
Duvall, Adam,594807,2021,.499,.330,.281,89.8,23.6,33.3,16.1,5,43.9,67,34,30.7,40.1,17.8,11.4,28.6,
Baez, Javier,595879,2021,.455,.325,.299,90.1,10.6,32.7,13.4,7.2,45.2,75.8,44.6,46.7,24.9,20.6,7.8,28.6,
Lindor, Francisco,596019,2021,.453,.345,.345,90.7,14.4,35.6,8.2,7.7,44.1,70.8,26.2,41.6,29.9,21.9,6.6,27.8,
Story, Trevor,596115,2021,.450,.335,.326,90.6,17.5,34.2,9.9,6.6,42.6,73.6,30.5,36.5,30.9,24.2,8.4,28.7,
Candelario, Jeimer,600869,2021,.462,.356,.358,88.7,12.6,38.6,9,6.6,39.1,68.6,29.2,40.8,25.6,28.9,4.7,27.2,
Bell, Josh,605137,2021,.488,.367,.363,92.5,4.9,28.5,8.8,6.8,52,74.1,23.8,54.3,21.3,22,2.5,26.2,
Betts, Mookie,605141,2021,.445,.357,.369,90.3,18.9,34,7.8,7.5,41,63.9,18.1,34.8,33,23.6,8.6,27.1,
Tapia, Raimel,606132,2021,.308,.273,.298,85.7,-4.4,19.9,2.1,1.4,31.5,69,33,68,12.3,16.8,2.8,28.3,
Hernandez, Teoscar,606192,2021,.536,.370,.336,91.8,13.1,37.4,13.9,7.7,49,75.8,30.7,39.4,27.5,27.7,5.4,28.5,
Turner, Trea,607208,2021,.485,.364,.355,89.6,11.4,34.6,7.4,5.3,46.2,72.4,26.4,45.6,23.5,24.5,6.3,30.7,
Ramirez, Jose,608070,2021,.508,.376,.373,90,18.2,33.4,11.1,4.9,42.4,64.5,24.1,36.2,27,24,12.8,28.2,
Gallo, Joey,608336,2021,.464,.354,.354,91.5,22.7,29.4,18.5,3.8,45.8,64.4,19,36.4,35.7,15.7,12.2,27.4,
Swanson, Dansby,621020,2021,.455,.332,.316,89.3,14.1,36.8,11.4,6.1,42.7,72.4,24.1,40.1,28.9,24.5,6.5,28.4,
Newman, Kevin,621028,2021,.330,.275,.293,85.3,9.9,32,1.6,3.5,26,63.3,26.5,45.8,21.4,25.2,7.6,28.4,
Taylor, Chris,621035,2021,.422,.329,.330,88.2,17.4,38.1,10.2,6.4,38.1,69.3,20.8,36.9,32.3,24.7,6.1,28.8,
Correa, Carlos,621043,2021,.482,.373,.380,90.2,12.1,33.5,9.4,7.4,42.7,62,24.1,42.5,23.4,26.1,8.1,26.9,
Olson, Matt,621566,2021,.507,.378,.374,91.6,16.2,32.4,12.7,7.8,48.8,72.2,23.7,40.4,30.2,19.7,9.7,25.9,
Alonso, Pete,624413,2021,.542,.377,.352,91,14.7,34.5,14.8,8.2,47.3,70.9,30.8,39,30.8,22.8,7.3,26.0,
Frazier, Adam,624428,2021,.376,.324,.353,85.4,12.6,38.9,1,4.7,25.2,67.9,26.1,42.4,20.3,31.3,6.1,27.1,
Soler, Jorge,624585,2021,.494,.359,.341,91.2,15.7,30.9,12.7,7.4,47,70.1,23,41.4,29.6,20.1,8.7,26.9,
Cronenworth, Jake,630105,2021,.443,.344,.351,88.6,12.5,35.8,7.2,3.9,35,62.5,23.5,43.1,23.6,26.1,7.2,28.5,
Meadows, Austin,640457,2021,.425,.326,.325,89.3,21.7,36.1,8.7,7.9,37.9,70.9,25.1,28.7,36.9,23.8,10.6,27.5,
Anderson, Tim,641313,2021,.448,.329,.314,89.6,4.3,32.5,7.8,5.9,42.3,79.1,36.9,56,19.3,23,1.7,28.0,
Crawford, J.P.,641487,2021,.339,.298,.325,86.3,9.8,34.3,2.4,3.7,30.6,64,21.7,46.7,17.8,28.6,6.9,27.5,
Dozier, Hunter,641531,2021,.388,.299,.295,89.9,15.8,33,8.8,9.1,42.2,70.4,29.8,38.3,27.7,24.8,9.1,28.2,
Mancini III, Trey,641820,2021,.452,.341,.337,88.9,9.7,36,10.4,8,42,65.8,30.8,49,22.7,23.2,5.1,26.6,
McMahon, Ryan,641857,2021,.426,.325,.323,90.5,14.3,40.2,7.3,9.8,43.5,73.2,24.4,39.4,28,27.7,4.9,26.2,
O'Neill, Tyler,641933,2021,.582,.392,.347,93,17.8,39.9,17.9,7.2,52.2,73.8,27.6,36.2,31.4,24.8,7.5,29.7,
Rosario, Amed,642708,2021,.368,.300,.310,88.8,5.5,32,2.8,4.6,43.5,64,34.7,51.4,18.9,25.1,4.6,29.5,
Adames, Willy,642715,2021,.438,.325,.314,89.5,16.8,35.1,11.4,7.6,44.7,72.2,27.5,37.1,36,21.6,5.3,28.0,
Benintendi, Andrew,643217,2021,.456,.331,.313,89.6,15.4,38.5,8.9,6.7,43.2,73.9,30.1,39.5,34.5,21.8,4.2,27.6,
Kiner-Falefa, Isiah,643396,2021,.349,.292,.309,85.5,5.4,31.6,1.8,3.5,28.8,62.6,30.7,54.4,15.5,25.9,4.2,28.0,
Albies, Ozzie,645277,2021,.465,.332,.312,89.6,21.1,37,9.3,7.3,37.2,82.4,34.1,31.5,38,22.8,7.7,28.4,
Devers, Rafael,646240,2021,.567,.394,.366,92.9,13.1,35.2,15,7.3,51.8,77.7,32.4,42.3,26.3,23.9,7.5,26.8,
Urias, Luis,649966,2021,.427,.333,.338,87.9,14.2,34.9,9.3,7.4,40.5,67.9,25.3,41.8,26.2,21.2,10.8,26.5,
Torres, Gleyber,650402,2021,.423,.331,.336,87.1,14.2,37.1,7.8,5.8,35.7,70.8,22.7,41.8,26.3,25.8,6.1,27.0,
Diaz, Yandy,650490,2021,.399,.332,.353,89.9,6.6,28.9,7,5.2,40.6,67,18.9,52.1,22.7,19.5,5.7,26.5,
Chapman, Matt,656305,2021,.423,.321,.315,89.7,18.6,32.1,13.7,4.8,41.7,66.5,22.9,33.6,37.8,18.8,9.8,28.1,
Mullins II, Cedric,656775,2021,.447,.344,.344,89.4,14.8,35.7,8.1,4.1,39.4,64.8,27.7,40.7,27.8,23.9,7.7,28.5,
Smith, Pavin,656976,2021,.402,.317,.321,87.2,9,33.6,5.1,8.4,42.7,59.5,23.8,47.8,22.4,23.4,6.4,26.5,
Verdugo, Alex,657077,2021,.446,.342,.348,90,7.7,34.9,7.3,5.3,43.3,62.3,26.4,50.3,21,24.3,4.4,27.0,
Moncada, Yoan,660162,2021,.426,.353,.374,90.1,11.3,40,8.2,6.3,41.2,63.6,23.6,44.1,20.3,31,4.7,27.7,
Ohtani, Shohei,660271,2021,.616,.411,.385,93.6,16.6,35.4,22.3,6.6,53.6,69.7,27.3,39.7,34.6,20.9,4.9,28.8,
Riley, Austin,663586,2021,.511,.366,.348,90.1,14.2,36.5,13.3,8.6,45.6,72.2,31.1,38.8,24.9,28.6,7.7,27.8,
Mountcastle, Ryan,663624,2021,.457,.326,.303,89.1,16.3,38.9,11.8,6.1,39.7,76,38.2,35.5,33.9,24.7,5.8,28.1,
Tucker, Kyle,663656,2021,.576,.396,.369,91.4,17.6,42,11.6,11.6,47.5,80.9,26.4,34,33.5,27.1,5.5,27.4,
India, Jonathan,663697,2021,.436,.352,.364,87.6,13.1,33.6,9.6,5.1,38.6,56.9,21.9,44.9,26.3,22.7,6.1,28.5,
Grisham, Trent,663757,2021,.368,.309,.328,88.8,12.3,31,5.2,6,36.8,63.6,16.8,42,23.3,26.4,8.3,28.8,
Lowe, Nathaniel,663993,2021,.401,.323,.333,90.8,5,31.4,9.5,4.5,45.5,66.4,22.9,54.5,23.4,20.9,1.3,27.3,
Happ, Ian,664023,2021,.396,.317,.320,89.5,9.9,30.8,10.9,5.1,41.3,65.7,23.1,47.1,28.2,20.2,4.5,27.7,
France, Ty,664034,2021,.435,.346,.353,88.5,11,35.9,6.8,5.3,38.9,72.1,30,46.7,21.2,26.5,5.5,25.3,
Lowe, Brandon,664040,2021,.499,.360,.343,89.3,16.9,37.2,14,6.7,43.1,78.4,29.8,34.8,32.9,24.8,7.5,27.6,
Fletcher, David,664058,2021,.320,.280,.307,82.3,8.2,30.4,0,1,15.7,61.2,29.2,49.4,16.2,27.1,7.3,27.7,
Straw, Myles,664702,2021,.333,.303,.336,87.1,11.9,42.6,1.3,2.9,26.2,59.6,19.1,41.1,24.6,31.5,2.9,29.3,
Walsh, Jared,665120,2021,.434,.326,.322,89.6,7.6,33.6,11.3,5,41.3,68.5,31.6,49.6,19.7,24.9,5.8,27.0,
Tatis Jr., Fernando,665487,2021,.617,.407,.363,93.9,13.8,33.1,21.3,7.3,55.6,80.1,29,41,29.8,21.6,7.6,29.3,
Guerrero Jr., Vladimir,665489,2021,.590,.417,.399,95.1,9.4,33.7,15.1,8.9,55.2,73.8,24.5,45.6,25.2,24.4,4.8,26.8,
Soto, Juan,665742,2021,.545,.429,.463,93,5.8,29.7,13.3,5.3,52.7,60,12.2,52.9,20.8,22.5,3.9,27.0,
Chisholm Jr., Jazz,665862,2021,.409,.307,.295,90.2,9,29,9,6.5,42,64.8,31,49.4,24.4,21.9,4.3,29.1,
Bichette, Bo,666182,2021,.489,.355,.337,91.4,7.3,33.5,9.9,4.3,47.5,79.6,38.1,49.3,22.3,23.9,4.5,28.0,
Carlson, Dylan,666185,2021,.407,.322,.328,88.2,15.1,40.6,7,7,31.1,67.2,23.9,40.1,31.1,24.3,4.3,28.0,
Garcia, Adolis,666969,2021,.422,.299,.267,91,14.7,29.4,11.5,6.1,45.5,74.7,35.7,43,30.7,19.7,6.6,28.4,
Gurriel Jr., Lourdes,666971,2021,.462,.339,.319,89.7,10.5,35.8,9.6,7.2,43,68.3,34.3,45.4,25.2,24.4,4.9,26.6,
Arozarena, Randy,668227,2021,.369,.304,.313,89.9,7.6,29.7,8.2,5.8,42.3,66.4,24.8,49.2,20.6,22.8,7.4,28.8,
Reynolds, Bryan,668804,2021,.523,.386,.384,89.4,13.4,39.9,10.4,6.8,40.8,75.4,24.8,39.9,28.6,26.8,4.5,28.7,
Rojas, Josh,668942,2021,.357,.299,.318,88.2,8.4,40.7,4.8,4.6,31.1,62.9,21.2,49.6,20.8,27.6,2,27.6,
Edman, Tommy,669242,2021,.401,.316,.320,87.5,9.5,31.5,4.2,5.8,35.1,65.6,28.2,46.9,23.7,24.5,4.9,28.9,
Solak, Nick,669256,2021,.361,.299,.310,86.9,7,29.3,6.5,4.2,33.5,64.2,30,54.6,19.7,20,5.6,29.0,
Hays, Austin,669720,2021,.432,.316,.298,88.8,12.5,32.2,9.1,5.2,39.2,64.4,29.5,43.4,26.8,22.6,7.3,27.4,
Lopez, Nicky,670032,2021,.305,.283,.313,86.8,2.8,27.6,0.7,3.9,26.9,65.1,24.5,58,16.9,22.1,3,28.2,
Alvarez, Yordan,670541,2021,.570,.389,.351,93.2,14.1,37.2,15.9,7.6,54.2,61.9,26.3,38,30.1,27.6,4.3,26.3,