last_name, first_name,player_id,year,player_age,xslg,xwoba,xobp,exit_velocity_avg,launch_angle_avg,sweet_spot_percent,barrel_batted_rate,solidcontact_percent,hard_hit_percent,z_swing_percent,oz_swing_percent,groundballs_percent,flyballs_percent,linedrives_percent,popups_percent,sprint_speed,
Pujols, Albert,405395,2022,42,.499,.365,.343,91.2,16.4,34.5,12,7,47.3,63.5,34.9,38,29.5,20.5,12,22.6,
Cabrera, Miguel,408234,2022,39,.331,.275,.290,89.9,5,35.2,4.7,3.7,38.2,71.3,31.5,52.5,19.6,25.9,2,23.1,
Molina, Yadier,425877,2022,39,.328,.254,.251,84.7,16.9,34.1,3.1,4.9,26,75.2,41.3,39,29.6,20.2,11.2,21.8,
Cano, Robinson,429664,2022,39,.299,.237,.239,88.2,5.8,29.3,4,4,41.3,77.3,40,54.7,18.7,20,6.7,24.3,
Suzuki, Kurt,435559,2022,38,.281,.255,.276,85.2,24.1,31,3.5,7.1,26.5,68.1,27.4,30.1,30.1,21.2,18.6,24.2,
Cruz Jr., Nelson,443558,2022,41,.399,.320,.323,90.9,7.2,28,9.3,4.5,46.1,72.4,31.1,53,19.3,22.9,4.8,25.5,
Peralta, David,444482,2022,34,.399,.313,.318,90.3,15.1,35,8.5,9.1,44.4,69.2,32.9,36.3,28.4,26.3,9.1,27.6,
Escobar, Alcides,444876,2022,35,.264,.233,.252,81.8,15.7,39.1,1.1,1.1,17.4,70.8,36.6,38,20.7,30.4,10.9,28.2,
Longoria, Evan,446334,2022,36,.437,.324,.309,91.1,18.2,33.3,12.4,10.2,46.8,62.7,26.1,37.1,29,24.2,9.7,25.2,
Blackmon, Charlie,453568,2022,35,.376,.301,.308,86.2,12.4,36.7,4.4,4,30.6,70.1,32,44.4,23.8,25.7,6.1,27.9,
Maldonado, Martin,455117,2022,35,.325,.253,.245,88.4,14.7,31.6,8.1,6,40.2,69.1,31,43.6,29.5,20.9,6,22.4,
Chirinos, Robinson,455139,2022,38,.281,.245,.255,84.8,17.6,30.8,6.9,5.4,33.1,72,31.1,40.8,25.4,20.8,13.1,23.7,
Cain, Lorenzo,456715,2022,36,.253,.230,.250,87.9,3.8,21.8,0,8.2,36.4,73.7,32.2,59.1,15.5,20,5.5,28.3,
Solano, Donovan,456781,2022,34,.393,.315,.325,88.3,10.7,36.1,5.9,6.8,41.2,66.5,32.2,45.2,23.3,27.4,4.1,25.8,
McCutchen, Andrew,457705,2022,35,.406,.325,.329,89.1,13.2,36.2,8.6,5.8,40,68.5,20.8,41.8,28.1,24.1,6.1,28.9,
Turner, Justin,457759,2022,37,.427,.339,.343,89.5,18.4,40.6,8,6.2,40.6,70.4,26.7,32.8,33.3,27.9,5.9,25.0,
Votto, Joey,458015,2022,38,.390,.322,.331,89.7,14.2,32.9,11.1,3.1,41.3,70.8,23,44.9,31.1,20,4,25.3,
Andrus, Elvis,462101,2022,33,.360,.293,.300,87.9,11.9,29.1,4.5,3.6,34.8,62.3,29.4,46.5,22.1,22.8,8.6,26.0,
Santana, Carlos,467793,2022,36,.438,.352,.361,90.7,15.4,31.6,9.3,7.2,44.9,63.9,21.7,39.1,28.4,22.6,9.9,25.7,
Belt, Brandon,474832,2022,34,.412,.326,.328,88.4,23.4,38.5,12.6,6.3,38.5,75.5,21.2,29.3,37.9,22.4,10.3,24.4,
Lowrie, Jed,476704,2022,38,.281,.247,.264,86.2,16.3,26.9,3.1,3.8,30.8,72.9,23.6,41.5,29.2,21.5,7.7,25.0,
Brantley Jr., Michael,488726,2022,35,.467,.374,.390,89.8,10.7,39.5,6,6.5,45.1,62.3,21.9,44.2,22.8,30.7,2.3,25.3,
Gurriel, Yuli,493329,2022,38,.319,.271,.286,88.2,14.6,30.3,1.9,4.4,35.6,63.1,34.9,41.7,24.6,23.8,9.9,26.9,
Rojas, Miguel,500743,2022,33,.347,.293,.310,86.1,10.1,33.1,1.9,5.6,27.1,66.2,30.4,47.1,19.6,26.8,6.5,26.4,
Escobar, Eduardo,500871,2022,33,.427,.314,.300,88.3,20.6,38.7,9.4,8.9,37.6,73.5,34,30.9,32.8,26.9,9.4,27.9,
Adrianza, Ehire,501303,2022,32,.288,.274,.306,84.6,12.6,30.1,1.4,1.4,21.9,62.5,26.2,50.7,17.8,20.5,11,26.5,
Pham, Tommy,502054,2022,34,.383,.311,.315,92.2,7.7,33.2,7.9,8.2,48.5,60.8,21.6,48.2,22.4,24.7,4.6,27.9,
Martinez, J.D.,502110,2022,34,.471,.349,.330,89.1,14.1,42,12.5,8.9,41.7,74.9,31.9,38.2,30.8,26.7,4.3,26.1,
Goldschmidt, Paul,502671,2022,34,.482,.367,.357,90.8,15.7,31.8,11.6,9.9,47.4,59.8,25.1,40.8,28.8,22.9,7.5,26.2,
Gonzalez, Marwin,503556,2022,33,.345,.282,.286,88,19.4,34.1,5.9,5.9,37.3,63.1,37.6,37.8,24.4,24.4,13.3,26.3,
Altuve, Jose,514888,2022,32,.440,.354,.362,85.9,16.1,35.4,7.7,6.6,29.7,64,28.6,41,25.6,23.6,9.8,28.1,
Hernandez, Cesar,514917,2022,32,.329,.290,.312,84.8,9.3,33.3,2.4,4.9,29.7,68.7,25.9,48.6,19.3,26.4,5.8,28.3,
Segura, Jean,516416,2022,32,.363,.303,.316,87.6,4.3,28.3,4.4,4,38.4,64.4,34.7,56.2,15.8,20.9,7.1,27.7,
Marte, Starling,516782,2022,33,.428,.336,.332,86.8,7.5,38.5,6.8,7,33.9,67.5,32.8,50.1,20.1,26,3.8,28.0,
Culberson, Charlie,518586,2022,33,.303,.251,.258,85.3,5.9,28.4,1.1,9.1,27.3,76.4,42.2,58,17,19.3,5.7,27.9,
d'Arnaud, Travis,518595,2022,33,.412,.313,.300,88.5,11.8,35,8.5,6.2,38.9,70.1,35.5,45.4,25.2,22.9,6.5,26.1,
Donaldson, Josh,518626,2022,36,.370,.299,.303,90.7,12,34.8,9.8,6.3,43.3,66.6,29.3,43.5,25.9,24.1,6.5,25.7,
Freeman, Freddie,518692,2022,32,.538,.403,.400,91.3,13.6,42.9,9.9,8.5,47.8,73.9,27.3,38.9,28.4,29.8,2.9,26.9,
Grandal, Yasmani,518735,2022,33,.319,.290,.317,90,12.1,30,4.8,6.4,40,58.6,20.8,43.6,22,27.2,7.2,22.0,
Heyward, Jason,518792,2022,32,.322,.278,.290,87.6,13.1,26.7,4.8,3.8,38.1,66.5,31.2,45.7,21,21,12.4,27.1,
LeMahieu, DJ,518934,2022,33,.403,.344,.369,89.2,3,32.8,5.3,6.8,41.1,53.9,24.5,54.6,17,25.6,2.8,26.4,
Moustakas, Mike,519058,2022,33,.307,.270,.281,87.6,19.4,36.1,6.1,5.6,33.9,74.2,37.4,35,25.6,23.3,16.1,25.0,
Rizzo, Anthony,519203,2022,32,.454,.349,.350,89.4,19.3,34.2,10.9,7.7,41,64.1,29.7,33.3,35,21.6,10.1,25.5,
Romine, Austin,519222,2022,33,.248,.195,.190,87.2,9.5,22.4,4.7,2.4,33.3,71.1,38,55.3,21.2,14.1,9.4,24.8,
Stanton, Giancarlo,519317,2022,32,.477,.351,.328,95,10.8,26.9,19.3,4.5,52.3,62.1,26.8,47,24.6,20.8,7.6,24.5,
Vogt, Stephen,519390,2022,37,.350,.282,.287,87,21,38.9,7.9,4,27.8,65.4,30.5,31,35.7,23.8,9.5,25.7,
Perez, Salvador,521692,2022,32,.473,.326,.285,91.4,17.8,34.8,11.2,8,49,77.1,43.2,36.9,34.2,21.2,7.7,25.3,
Flores, Wilmer,527038,2022,30,.370,.310,.322,87.8,20.7,35.7,6.3,5.4,35.4,66.5,26.6,34.7,31.5,24.2,9.6,25.2,
Garcia, Avisail,541645,2022,31,.366,.281,.273,88.7,2.8,27.6,6.4,8.8,44.8,82.1,40.7,56,22,19.6,2.4,28.3,
Bethancourt, Christian,542194,2022,30,.449,.318,.286,90.1,9.4,31.4,11.7,6.3,44.8,81,44.3,46.4,23.8,23.8,5.9,28.1,
Ozuna, Marcell,542303,2022,31,.478,.337,.303,89.4,16.5,31.8,13.1,4,43.8,68.2,33.4,38.4,30.7,20.7,10.2,26.6,
Villar, Jonathan,542340,2022,31,.283,.247,.262,89.6,-0.7,24.7,2.7,6.2,40.4,75.1,29.1,61.6,17.8,19.2,1.4,26.8,
Ortega, Rafael,542364,2022,31,.346,.307,.334,87.2,17.1,37.6,4.8,5.2,33.7,67.5,25.8,34.4,33.2,24.8,7.6,27.0,
Aguilar, Jesus,542583,2022,32,.393,.298,.288,87.7,19.1,39.7,6.9,7.7,36,64.7,36.3,32.9,30.9,26.9,9.7,23.9,
Berti, Jon,542932,2022,32,.358,.306,.322,88,4.7,30.7,5.9,5.2,37,65.5,22.3,53,21.5,22.2,3.3,29.6,
Crawford, Brandon,543063,2022,35,.339,.287,.300,88.1,12.3,31,6.7,5.4,35.1,76.2,26.2,47.3,23.6,21.7,7.3,25.3,
Cron, C.J.,543068,2022,32,.438,.321,.306,88.7,14.2,36.8,10.8,5.5,42.3,62.9,33.2,39.2,27.9,26,7,25.2,
Gomes, Yan,543228,2022,34,.379,.287,.278,85.3,9.4,37.9,3.4,6,28.9,70.5,39.1,46.4,21.3,26.8,5.5,26.3,
Grossman, Robbie,543257,2022,32,.305,.281,.307,86.7,21.1,38.5,3.5,7.7,30.4,62.9,19.3,31.8,32.2,27.6,8.4,27.9,
Harrison, Josh,543281,2022,34,.335,.284,.297,87.4,14.7,32,3.8,5.3,32.3,72.9,35.1,43.9,28.2,21.6,6.3,27.1,
Hicks, Aaron,543305,2022,32,.336,.303,.333,87.9,14.8,25.2,5.8,2.9,33.1,62.4,20.6,44.6,23.7,20.5,11.2,27.9,
Higashioka, Kyle,543309,2022,32,.444,.317,.291,90.9,17.2,36.6,9.8,4.9,48.1,72.2,28.5,36.1,28.4,25.1,10.4,25.9,
Hosmer, Eric,543333,2022,32,.379,.311,.327,88.4,3.1,29.3,5.7,5.7,39.7,67,33.8,57.1,15.1,21.5,6.3,25.8,
McCann, James,543510,2022,32,.414,.311,.298,90.2,16.3,33.8,6.9,9.2,40.8,68.9,35,36.9,30.8,26.2,6.2,26.1,
Miller, Brad,543543,2022,32,.344,.269,.264,91.1,14.1,27.5,7.8,4.6,39.9,71.7,30.1,42.5,28.1,19.6,9.8,27.1,
Nola, Austin,543592,2022,32,.351,.305,.330,89.4,12,35.4,2.4,6.7,39.7,63,20.6,42.4,24.2,27.3,6.1,26.4,
Rendon, Anthony,543685,2022,32,.392,.331,.343,89.6,18.7,42.1,8.3,6.8,37.6,68.2,18.6,35.3,30.1,26.3,8.3,26.2,
Semien, Marcus,543760,2022,31,.394,.306,.301,87.3,19.9,32.4,6.8,6.2,34.9,71.1,24.8,33.6,34,21.8,10.6,28.9,
Springer III, George,543807,2022,32,.438,.342,.342,88.7,13.9,31.8,8.4,7.2,42.3,77.4,25.6,44.3,24.4,21.8,9.6,28.3,
Vazquez, Christian,543877,2022,31,.375,.301,.306,87.9,10.7,36.1,5.1,3.6,36.4,66.5,31.9,45.2,22.6,25.9,6.3,25.5,
Wong, Kolten,543939,2022,31,.353,.305,.327,87,14,33.5,5.4,6.3,35.5,64.2,22,43.6,23.5,25.2,7.7,26.0,
Gregorius, Didi,544369,2022,32,.327,.275,.288,84.5,15.8,33.3,2.8,5,22.8,81.6,41.1,41.7,26.7,22.8,8.9,27.3,
Garcia, Leury,544725,2022,31,.325,.258,.258,87,6.2,30,4.2,3.3,35.6,75.9,35.9,53.3,21.7,20.8,4.2,28.4,
Vargas, Ildemaro,545121,2022,30,.305,.255,.265,87,7.4,28.2,2.1,4.3,29.3,64.7,30.7,48.9,22.9,22.3,5.9,27.1,
Grichuk, Randal,545341,2022,30,.370,.281,.271,90,8.7,27.3,6.8,6.6,43.6,69.4,32.7,50.4,26,18.1,5.5,28.0,
Stassi, Max,545358,2022,31,.325,.266,.268,88.6,9.5,26,9.4,4.9,39.5,66.2,21.1,52,25.6,14.8,7.6,25.6,
Trout, Mike,545361,2022,30,.583,.395,.354,91.6,24.6,37.7,19.7,7,51,64.8,22.6,25,44.7,21.3,9,29.4,
Herrera, Odubel,546318,2022,30,.348,.272,.268,86.9,4,24.3,4.9,3.5,37.5,68.6,38.5,57.6,17.4,17.4,7.6,26.9,
Almora Jr., Albert,546991,2022,28,.307,.270,.292,84,6.7,29.8,1.8,4.1,25.4,67.8,36.5,50.9,18.1,23.4,7.6,27.6,
Harper, Bryce,547180,2022,29,.527,.380,.369,92.1,11.8,37.2,12.8,6.2,47.9,82.1,35.7,42.1,25.9,29.7,2.4,27.6,
Abreu, Jose,547989,2022,35,.486,.373,.372,92.2,8,34.5,9.5,7.7,51.8,66.1,29.8,47.7,24,25.1,3.2,26.0,
Diaz, Elias,553869,2022,31,.339,.274,.278,88.4,11.1,28.3,5.9,5.1,39.3,72.4,33.2,47.8,22.8,21,8.5,26.1,
Narvaez, Omar,553882,2022,30,.293,.268,.294,84.7,17.7,36.7,2.4,4.8,18.4,73.5,27.8,36.2,34.8,24.2,4.8,24.1,
Suarez, Eugenio,553993,2022,30,.454,.339,.321,89.8,19.9,36.4,14.8,7.4,43.5,63.6,21.5,34.1,39.2,20.7,6,25.7,
Urshela, Gio,570482,2022,30,.416,.323,.324,88.9,11.8,38.6,7,6.6,37.6,71.2,36.1,41.7,23.8,30.1,4.4,25.8,
Schoop, Jonathan,570731,2022,30,.338,.268,.267,87,9.7,29.1,4.8,6.6,38.6,75.2,36.8,45.2,20.6,24.3,9.8,27.0,
Arenado, Nolan,571448,2022,31,.445,.339,.335,88.7,21.7,35.4,8.2,7.8,38.9,66.9,32.6,30.5,29,26.2,14.3,25.5,
Barnhart, Tucker,571466,2022,31,.264,.244,.269,84.5,10.1,30.3,1.9,2.9,26,65.7,25.4,54.3,17.3,21.6,6.7,23.8,
Farmer, Kyle,571657,2022,31,.380,.311,.320,85.5,12.7,37.7,4.4,6.9,33.8,64.7,36.3,45.3,23.4,25.5,5.7,26.8,
Haniger, Mitch,571745,2022,31,.450,.328,.309,91.9,18.2,31.1,11.8,8.1,47.2,65.7,26.4,37.3,29.2,23,10.6,26.9,
Hernandez, Enrique,571771,2022,30,.356,.296,.308,87.8,17.1,33.3,5.8,3.4,35,70.7,27.2,39.8,22.1,23.5,14.6,26.9,
Lamb, Jake,571875,2022,31,.390,.314,.314,91.5,15,35.6,11.9,6.8,44.1,63.5,23.8,37.3,33.9,22,6.8,26.1,
Maile, Luke,571912,2022,31,.301,.263,.278,84.5,17,33.8,5.4,6.9,25.4,65,24.3,37.7,32.3,20.8,9.2,25.5,
Muncy, Max,571970,2022,31,.417,.339,.342,90.3,20.9,34.3,13.4,10.3,45.6,60.4,16.5,32.5,39.5,20.1,7.9,27.2,
Myers, Wil,571976,2022,31,.373,.288,.285,88.5,13,37.6,7.3,7.9,37.6,61.5,29.7,41.6,26.4,26.4,5.6,28.2,
Naquin, Tyler,571980,2022,31,.433,.317,.299,90.3,14.4,39.9,9.6,6.9,40.8,79.4,37.8,40.4,29.4,24.3,6,27.7,
Piscotty, Stephen,572039,2022,31,.353,.275,.278,90.4,10.4,42.5,6.3,7.5,46.3,75.2,39,45,20,31.3,3.8,25.0,
Pollock, AJ,572041,2022,34,.419,.317,.305,88.8,11.6,32.9,9.4,5.8,42,74.1,34,45.3,22,23,9.6,27.8,
Taylor, Michael A.,572191,2022,31,.358,.289,.288,86.3,12.1,33.5,6.8,4.8,32.9,73.1,31.4,42.3,28.1,21,8.7,28.7,
Thompson, Trayce,572204,2022,31,.496,.366,.350,92.2,16.4,45.3,16.4,7.8,46.9,66,23.3,31.3,32,31.3,5.5,27.8,
Voit III, Luke,572228,2022,31,.434,.322,.306,89.8,18.4,34.6,14.7,8.3,44.3,78.1,30.6,34.9,34.9,24.8,5.5,24.7,
Walker, Christian,572233,2022,31,.484,.359,.343,90,17,33.3,11.5,6.5,44,67.9,23.1,39.2,30.9,21.4,8.5,26.6,
Zunino, Mike,572287,2022,31,.329,.252,.232,91.8,20.8,34.3,8.6,12.9,41.4,67.3,37.1,28.6,37.1,25.7,8.6,25.5,
Carpenter, Matt,572761,2022,36,.485,.362,.351,89.8,22.4,41.1,13.7,9.5,42.1,63.2,16.6,27.4,40,25.3,7.4,26.1,
Dickerson, Corey,572816,2022,33,.371,.292,.297,87.7,10.6,33.2,3.8,3.8,32.8,76.3,40.8,46.8,20.9,25.1,7.2,27.0,
Ruf, Darin,573131,2022,35,.371,.310,.321,89.2,14.8,34.5,8.6,8.2,40.5,56.8,24.1,41.8,29.7,20.7,7.8,25.7,
Yastrzemski, Mike,573262,2022,31,.392,.314,.313,89.9,19.9,36.2,11.1,5.1,42.5,63.4,22.2,34.8,31.9,23.6,9.7,27.0,
Contreras, Willson,575929,2022,30,.463,.364,.362,90.4,8.5,30.2,10.5,8.3,48.6,73.1,31.8,51.1,22.9,20.3,5.7,27.6,
Iglesias, Jose,578428,2022,32,.323,.281,.304,83.8,6,30.6,0.5,2.3,27.7,63.4,41.3,53.4,16.8,25.4,4.4,28.4,
Bryant, Kris,592178,2022,30,.426,.344,.352,85,13.5,31.9,6.7,3.7,29.6,72.7,24.2,38.5,34.1,22.2,5.2,27.3,
Canha, Mark,592192,2022,33,.362,.323,.351,87.7,10.9,32.2,4.9,6.8,36.6,61,24.3,46.1,24.7,23.3,6,27.5,
Casali, Curt,592200,2022,33,.325,.289,.309,87.1,25.4,35,6,6,39,71.2,23.2,28,36,23,13,24.6,
Castellanos, Nick,592206,2022,30,.395,.302,.293,87.5,14.6,36.9,6.6,6.1,35.1,76.8,39.6,42.9,28.5,22,6.6,27.7,
Drury, Brandon,592273,2022,29,.420,.316,.303,89.1,13.8,34.8,10.4,7.3,42.2,62.5,30.1,40.9,28.3,24,6.8,27.0,
Gamel, Ben,592325,2022,30,.372,.316,.335,88.8,11.3,38,6.2,6.2,37.6,64.9,23.7,43.4,25.9,26.3,4.4,27.9,
Judge, Aaron,592450,2022,30,.706,.463,.422,95.9,15,39,26.5,7.2,61.8,66.1,22.9,37,38.3,22.3,2.5,27.3,
Machado, Manny,592518,2022,29,.447,.338,.338,91.5,16,36.7,9.8,9.8,49,74.4,30.7,37.6,23.7,29.1,9.6,26.3,
Moran, Colin,592567,2022,29,.383,.318,.328,90.4,10.3,30.5,8.5,7.3,39,73.6,30.8,50,28,20.7,1.2,24.0,
Pederson, Joc,592626,2022,30,.502,.367,.348,93.2,14.8,34.2,15.1,5.6,52.1,65,29.6,37.3,33.8,22.9,6,26.0,
Realmuto, J.T.,592663,2022,31,.463,.351,.342,90.3,13.1,35.6,11.3,6.7,47.2,67.7,31,44.6,25.6,24.1,5.6,28.8,
Renfroe, Hunter,592669,2022,30,.438,.323,.303,90.5,17.7,32.7,10.9,6.4,43.6,66.2,31.8,37.4,30.2,21.5,10.9,27.1,
Rosario, Eddie,592696,2022,30,.318,.250,.249,87.7,15.2,32.4,5.4,5.9,33,70.2,40.4,39.5,30.3,23.8,6.5,27.6,
Yelich, Christian,592885,2022,30,.404,.339,.360,91.5,3.6,30.3,8.2,6.7,48.6,65.4,23.2,59.1,18,19.7,3.1,28.1,
Merrifield, Whit,593160,2022,33,.356,.288,.292,87.1,15.1,37.9,4.2,7.3,31.1,71.4,29.8,41.2,28.8,22.2,7.7,28.7,
Bogaerts, Xander,593428,2022,29,.383,.323,.338,88.1,10.2,30.3,6.5,4.9,39.5,63.5,29.2,46.6,21.1,25.8,6.5,27.9,
Alberto, Hanser,593643,2022,29,.304,.234,.231,82.9,10.8,30.5,1.5,6.9,18.3,76.4,47.6,50.4,26,19.8,3.8,26.0,
Polanco, Jorge,593871,2022,28,.451,.358,.361,89,21.7,37.7,10.2,6.3,38.7,61.1,25.2,30.6,34.9,25.4,9.2,28.2,
Calhoun, Kole,594777,2022,34,.382,.294,.284,90.8,15.4,40.4,9.8,8.6,48.2,78.4,32.3,38,26.3,27.1,8.6,25.3,
Duvall, Adam,594807,2022,33,.395,.293,.274,88.3,23.4,36.2,12.8,7.4,41,67.4,34.3,29.3,38.8,20.7,11.2,27.9,
Kiermaier, Kevin,595281,2022,32,.388,.305,.301,87.9,5.3,33.8,6.9,4.8,38.6,75.2,27.9,52.4,23.4,20.7,3.4,29.2,
Alfaro, Jorge,595751,2022,29,.397,.295,.278,89.4,8,38.5,11.2,4.3,38.5,80.8,46,47.2,23,26.7,3.1,28.7,
Profar, Jurickson,595777,2022,29,.359,.315,.340,87.5,12.9,34.7,4,4.6,34.3,64.2,23.7,44.8,22.8,25.7,6.7,26.6,
Baez, Javier,595879,2022,29,.378,.285,.272,87.9,9.6,29.7,8,4.9,38,67.9,47.5,50.6,22.9,20.4,6.1,27.9,
Cave, Jake,595909,2022,29,.395,.285,.261,90.7,14.4,38.5,10.3,9.4,42.7,73,30.6,36.8,39.3,22.2,1.7,28.0,
Hedges, Austin,595978,2022,29,.264,.240,.260,84.2,16.7,31.9,3.1,4.4,22.3,68.4,28.5,40.6,24,23.6,11.8,24.5,
Lindor, Francisco,596019,2022,28,.427,.331,.326,89.3,13.8,29.2,8.3,6.2,41.3,68.1,29.9,43.5,27.6,20.4,8.5,27.5,
Odor, Rougned,596059,2022,28,.339,.277,.279,87.8,21.5,30.5,6.5,5.6,33.3,72.9,30.9,32.4,29,22.7,15.9,27.0,
Slater, Austin,596103,2022,29,.429,.351,.363,89,6.6,43.2,10.5,6.8,39.5,67.3,26.5,53.7,19.5,25.3,1.6,28.2,
Story, Trevor,596115,2022,29,.397,.301,.290,88.9,17.8,36,11.3,7.1,40.6,69,33.1,35.1,28.9,24.3,11.7,28.5,
Stubbs, Garrett,596117,2022,29,.299,.275,.300,85.2,15.2,33.8,5.2,5.2,27.3,51.9,28,46.8,20.8,22.1,10.4,27.3,
Vogelbach, Daniel,596129,2022,29,.428,.350,.360,89.4,15.8,38.1,10.6,7.7,39.9,45.5,20.5,38.1,29.7,24.9,7.3,23.9,
Sanchez, Gary,596142,2022,29,.439,.321,.298,90.5,14,29.2,13.5,5.9,49.3,60.7,28.7,43.8,29.9,18.4,8,25.1,
Kepler, Max,596146,2022,29,.412,.338,.353,89.1,11.2,31.9,7.1,5.2,39.9,70.5,23.5,46.6,24.5,23.3,5.5,27.9,
Franco, Maikel,596748,2022,29,.351,.272,.270,87,11.5,33.1,4.7,5.7,34.4,68.3,38.5,44.5,21.1,24.1,10.4,25.5,
Choi, Ji-Man,596847,2022,31,.413,.337,.347,92.2,10.6,37.3,11.9,8.1,47.5,67.5,19.9,46.6,25,23.7,4.7,25.0,
Bradley Jr., Jackie,598265,2022,32,.330,.268,.273,87.6,7.4,29.4,4.8,7.4,37.2,69.7,28.6,51.3,21.2,21.2,6.3,27.0,
La Stella, Tommy,600303,2022,33,.329,.267,.276,87.9,14.6,37.3,2,6.5,32,53.1,27.6,39.2,24.8,28.1,7.8,24.9,
Candelario, Jeimer,600869,2022,28,.379,.292,.284,87.2,13.5,37,8.3,4,34.6,74.5,33.6,42.6,24.1,24.4,9,27.3,
Daza, Yonathan,602074,2022,28,.351,.308,.333,84.8,4.6,34.1,1.9,2.5,25,66.1,35.7,55.6,17.8,24.4,2.2,28.2,
Urias, Ramon,602104,2022,28,.420,.320,.309,89.4,11,32.1,9.6,5.4,46.5,70.8,29,47.8,24.4,20.5,7.4,26.7,
Anderson, Brian,605119,2022,29,.379,.309,.317,88.7,7.7,31.1,9.7,4.2,42,73.9,29,51.3,22.3,21.4,5,27.5,
Barnes, Austin,605131,2022,32,.329,.298,.323,87.4,13.6,31,4.8,5.5,35.2,65.9,15.3,43.4,29,20,7.6,26.6,
Bell, Josh,605137,2022,29,.424,.349,.369,88.9,8.4,30.7,7.2,3.7,40.8,68.8,24.9,50.7,19.7,24.1,5.7,26.2,
Betts, Mookie,605141,2022,29,.465,.344,.327,90.5,18.6,36.2,9.7,8.7,44.9,66.9,22.2,33.7,35.6,23.1,7.6,27.3,
Caratini, Victor,605170,2022,28,.350,.309,.332,89.4,6.6,30,6.3,5.3,43.5,60.9,23.8,50.2,19.8,25.1,4.8,24.9,
Davis, J.D.,605204,2022,29,.471,.353,.338,92.4,12.3,34.8,16.2,5.6,56.1,76.8,25.4,46,22.7,25.3,6.1,26.5,
Garcia, Aramis,605244,2022,29,.314,.247,.246,87.5,19.6,35.5,2.6,6.6,36.8,73.2,31.1,36.8,22.4,28.9,11.8,26.0,
Machin, Vimael,605353,2022,28,.343,.301,.323,89.3,10.2,36.3,3.9,7.3,39.1,65.5,26.5,44.7,27.4,25.7,2.2,25.5,
Perez, Michael,605421,2022,29,.359,.276,.266,88.8,18.3,35.6,7.8,8.9,36.7,59.7,28,35.6,33.3,21.1,10,24.4,
Zimmer, Bradley,605548,2022,29,.268,.225,.220,87,10.5,21.3,11.5,1.6,34.4,68.9,33.2,54.1,27.9,13.1,4.9,29.2,
Castro, Harold,605612,2022,28,.423,.316,.305,87,11.4,41.6,6.1,7.8,33.3,69.3,39.8,44.2,25.7,27.5,2.6,26.2,
Arcia, Orlando,606115,2022,27,.421,.329,.327,90.7,11.7,30,7.5,8.1,42.5,63.7,27,47.5,28.1,18.8,5.6,26.5,
Tapia, Raimel,606132,2022,28,.366,.286,.284,87.6,4,27.5,5.1,3.3,38,70.3,42.3,54.2,18,24.3,3.6,28.2,
Aquino, Aristides,606157,2022,28,.317,.243,.231,85.6,17.4,27.2,8.2,1.9,34.6,76.4,39.3,39.9,27.2,17.1,15.8,28.8,
Hernandez, Teoscar,606192,2022,29,.501,.351,.314,92.6,11.6,36.3,15,7.5,53.3,69,30.3,44.4,25.6,24.8,5.2,28.6,
Marte, Ketel,606466,2022,28,.377,.315,.333,90.1,13.5,31.6,6.1,5.8,41.9,65.7,28.1,43.2,25.3,24.5,7.1,27.0,
Haase, Eric,606992,2022,29,.399,.302,.292,87.7,17,32.3,8.7,7.9,42.4,70.3,35.4,39.7,24.5,25.8,10,27.9,
Nimmo, Brandon,607043,2022,29,.409,.342,.357,89.4,6.1,28.1,7,3.6,39.8,64.8,21.2,51.7,20.6,21.7,6,28.7,
Peterson, Jace,607054,2022,32,.366,.303,.316,88.6,9.7,33.7,7.2,5.3,36.1,57.8,23.4,46.6,26,24.5,2.9,28.5,
Turner, Trea,607208,2022,29,.432,.335,.327,88.9,10.2,35.3,7.6,6.5,41.6,72.4,33.1,43.5,26.2,24.7,5.7,30.3,
Stallings, Jacob,607732,2022,32,.312,.274,.292,86.7,12.9,33.5,3.4,6,32.3,62,26,42.9,27.4,21.4,8.3,23.7,
Ramirez, Jose,608070,2022,29,.408,.320,.337,87.7,20.7,33.7,6.6,6.4,36.9,66.4,28.7,32.6,28.6,24.6,14.2,28.5,
Bregman, Alex,608324,2022,28,.416,.350,.369,88.9,19.5,36.2,7.3,9.4,37.8,65.8,17.8,33.5,32.6,24.5,9.4,26.6,
Gallo, Joey,608336,2022,28,.373,.295,.288,89.6,23.8,29.3,17.6,8,50.5,70.1,27.5,28.2,39.4,20.2,12.2,27.1,
Kelly, Carson,608348,2022,27,.345,.288,.298,87.7,14.7,33.2,5.2,7.2,36.8,62.8,24.3,40.8,28.4,22.8,8,25.7,
Seager, Corey,608369,2022,28,.510,.372,.354,91.1,13.6,38.4,10.5,9.9,45.5,80.7,30.5,40.2,30.3,25.9,3.6,26.1,
Winker, Jesse,608385,2022,28,.403,.345,.369,87.7,16.8,32,7.6,3.1,34.3,68.1,18.8,38.8,28.9,22.5,9.8,25.4,
Mazara, Nomar,608577,2022,27,.357,.294,.303,86.1,17.6,35.3,4.2,8.4,32.8,65,29.7,36.1,29.4,26.9,7.6,26.3,
Plawecki, Kevin,608700,2022,31,.299,.268,.294,89.3,11.4,28.3,0,6.5,37.7,64.9,28.6,47.8,21,25.4,5.8,24.8,
Refsnyder, Rob,608701,2022,31,.472,.374,.371,89.9,13.1,49.1,10.9,11.8,44.5,58.9,25.2,37.3,24.5,34.5,3.6,27.1,
Reynolds, Matt,608703,2022,31,.305,.272,.294,90.2,5.6,36.5,3,9,42.4,58.9,25.5,51.5,20.4,26.3,1.8,27.4,
Meneses, Joey,608841,2022,30,.457,.332,.315,91.4,9.5,39,9.9,5.8,47.1,66.6,30.4,47.7,23.8,25.6,2.9,25.8,
Andujar, Miguel,609280,2022,27,.351,.281,.281,84.4,9.2,34.3,3.7,4.6,31.5,66,39.6,40.7,19.4,28.7,11.1,27.4,
Vosler, Jason,613564,2022,28,.376,.312,.326,84.7,15.2,41.4,4.3,8.6,25.7,64.3,31.4,37.1,22.9,30,10,26.7,
Cordero, Franchy,614173,2022,27,.402,.313,.310,89.7,12.7,39,12.3,10.4,45.5,69.7,30.8,39.6,27.9,26.6,5.8,28.6,
Reyes, Franmil,614177,2022,26,.358,.275,.259,92,9.9,27.8,11.3,8.5,45.8,68.4,28.4,47.9,22.9,22.2,7,26.0,
Torrens, Luis,620443,2022,26,.333,.284,.299,90.3,8.9,34,4.9,4.9,46.6,66.5,25.8,46.6,17.5,30.1,5.8,26.0,
Swanson, Dansby,621020,2022,28,.461,.337,.314,90.2,15.7,37,10.8,8,46.3,72.4,26.4,38.3,29.4,26.8,5.4,28.4,
Newman, Kevin,621028,2022,28,.332,.285,.304,85.8,13.1,31.7,1.6,3.3,27.2,64.9,31.2,44,18.9,28,9.1,27.9,
Taylor, Chris,621035,2022,31,.340,.277,.282,87.4,20.4,40.8,10.2,6.1,38,75.2,23,32.2,32.7,28.6,6.5,28.5,
Correa, Carlos,621043,2022,27,.484,.363,.353,89.9,11.6,35.3,11.4,5.7,44.7,63.3,26.9,42,25.9,25.7,6.4,27.1,
Phillips, Brett,621433,2022,28,.244,.220,.230,88.5,22.8,32.1,4.5,5.4,29.5,63.9,22.6,33.9,30.4,23.2,12.5,28.9,
Taylor, Tyrone,621438,2022,28,.412,.307,.289,88,16.9,34.7,9.9,7.3,37.6,68.8,32.3,38.3,33.2,21.5,6.9,28.5,
Buxton, Byron,621439,2022,28,.509,.358,.323,92.9,21.4,34.2,16.4,7.1,50.2,66.2,26.8,30.7,36,21.3,12,29.1,
Bolt, Skye,621450,2022,28,.321,.258,.256,89.2,9.3,29.9,5.2,3.9,35.1,67.4,27.9,48.1,24.7,22.1,5.2,27.8,
Ward, Taylor,621493,2022,28,.474,.361,.352,90,15.8,41.8,12.4,7.4,42.9,62.3,20.6,35.5,31.3,27.1,6.1,28.4,
Nido, Tomas,621512,2022,28,.377,.287,.279,86.3,8.3,40.1,6.3,8.1,33.3,81.6,42.1,53.2,19.4,24.8,2.7,25.6,
Wisdom, Patrick,621550,2022,30,.380,.295,.284,90.7,21,29.8,14.2,6.2,46.3,70.5,26.4,34.9,31.8,20.4,12.8,27.8,
Wendle, Joey,621563,2022,32,.331,.276,.289,87.5,3,27.9,1.7,5,36.2,66.6,39.8,55.1,19.3,23.3,2.3,27.3,
Olson, Matt,621566,2022,28,.467,.347,.334,92.9,16.1,33.8,13.6,7.6,50.9,73.9,28.5,39.6,28.4,22,10,26.3,
Duffy, Matt,622110,2022,31,.333,.280,.293,87.1,9.9,38.8,2.8,5.1,25.8,64.3,25.5,46.1,25.8,25.3,2.8,26.8,
Margot, Manuel,622534,2022,27,.357,.299,.316,89.5,10.2,30.9,3.7,3.7,37.9,74.4,32.6,46.1,17.5,26.8,9.7,27.9,
Camargo, Johan,622666,2022,28,.309,.267,.286,86.4,11.6,37.1,2.6,2.6,27.6,68.1,33.8,43.1,22.4,26.7,7.8,24.8,
Reyes, Victor,622682,2022,27,.368,.292,.297,87.9,10.9,35.5,5,5,36.8,71.5,42.6,45.5,19.4,28.5,6.6,27.5,
Mateo, Jorge,622761,2022,27,.344,.272,.269,86.8,14.8,35.5,6,5.7,32.7,72.6,36.6,38.6,25.9,26.7,8.8,30.1,
Heineman, Tyler,623168,2022,31,.293,.273,.305,82.7,19.9,34,0,0.7,13.2,73.5,36.5,39.6,25.7,22.2,12.5,26.7,
Velazquez, Andrew,623205,2022,27,.312,.246,.243,88,8.2,33,6.6,6.6,34,76.8,29.3,50.9,24.5,20.3,4.2,29.2,
Bote, David,623520,2022,29,.354,.289,.293,92.4,7.9,34.7,6.9,8.3,55.6,61,28,48.6,11.1,30.6,8.3,26.7,
Ramirez, Harold,623912,2022,27,.387,.314,.324,88.5,4.8,32.2,4.8,6.6,41.2,72.6,42,51.9,16.4,26.3,5.4,28.1,
Santander, Anthony,623993,2022,27,.471,.352,.335,90.1,21.4,33.5,11.6,8.1,43.3,65.5,32.5,32.2,28.7,23.4,15.8,26.4,
Alonso, Pete,624413,2022,27,.489,.354,.346,89.8,18.2,34.5,12.3,4.8,44.8,70.9,33.5,36.4,30.5,23,10,25.6,
Arroyo, Christian,624414,2022,27,.430,.330,.330,88.9,9.1,34.9,6.4,4.3,42.1,76.8,40,47.2,19.1,27.7,6,27.8,
Biggio, Cavan,624415,2022,27,.319,.288,.311,87.9,19.6,36.2,6.9,8.6,32.8,62.4,16.4,35.6,37.4,19.5,6.9,28.5,
Frazier, Adam,624428,2022,30,.339,.297,.324,85.1,13.6,37.7,1.5,4,24.5,68.4,28.8,41.8,23.8,27.8,6.5,26.8,
Trevino, Jose,624431,2022,29,.364,.281,.275,87.9,13,31,5.1,4,35,60.7,40,40.9,27.7,23.4,8,25.0,
Gordon, Nick,624503,2022,26,.464,.333,.308,90.6,12.5,36.6,9.4,8.1,44.7,78.6,39.2,42.1,29.8,25.6,2.6,27.8,
McGuire, Reese,624512,2022,27,.326,.267,.276,87,14.1,33.2,2.5,5.9,29.7,66.2,38.1,42.1,20.3,28.2,9.4,26.0,
Soler, Jorge,624585,2022,30,.421,.322,.312,91.2,13.7,33.1,12.2,6.6,43.6,69.2,25.8,43.1,27.6,21,8.3,26.9,
Sosa, Edmundo,624641,2022,26,.350,.286,.291,86.8,11.4,34.4,5.5,6.3,29.7,69.8,45.6,46.9,20.3,26.6,6.3,29.5,
Hernandez, Yadiel,628450,2022,34,.407,.310,.293,88.8,3.5,35.6,8.6,7.7,42.1,72.9,31.5,50.6,23.2,25.3,0.9,25.6,
Ibanez, Andy,628451,2022,29,.344,.272,.270,88.3,14.9,29.6,6.1,8.2,39.8,71,24.6,43.9,29.6,12.2,14.3,27.5,
Cronenworth, Jake,630105,2022,28,.356,.303,.319,87.6,18.2,32.3,5.6,6.9,34.1,60,21.6,36.2,34.1,21.1,8.6,28.2,
Meadows, Austin,640457,2022,27,.460,.380,.398,87.8,17.2,34.2,6.3,6.3,39.6,62.8,21.1,37.8,24.3,27,10.8,27.2,
Mercado, Oscar,640458,2022,27,.350,.258,.239,86.3,22.2,33.3,6.5,6.5,29,81.1,32.8,32.3,35.5,18.3,14,28.3,
Pinder, Chad,640461,2022,30,.380,.280,.263,87.5,9.7,33.3,6.5,7.3,40.7,75.4,30.1,50,20.7,22.8,6.5,25.9,
Azocar, Jose,640492,2022,26,.317,.272,.285,88.3,9.4,31.3,2.5,5,30.6,76,38.4,51.2,24.4,21.3,3.1,29.5,
Anderson, Tim,641313,2022,29,.438,.340,.340,88.2,3.3,37.5,5.8,5.4,41.2,75.8,41.6,55.2,17,27.4,0.4,28.3,
Bellinger, Cody,641355,2022,26,.354,.278,.271,89.4,20.3,34.4,8.3,5.8,38.1,68.2,31.7,35.6,32.8,22.2,9.4,28.1,
Collins, Zack,641470,2022,27,.317,.257,.256,91,20.1,35.1,8.8,5.3,40.4,64.8,18.9,28.1,40.4,24.6,7,24.2,
Crawford, J.P.,641487,2022,27,.337,.315,.353,85.1,8.9,32.4,2,4.7,29.7,61.9,20.5,46.5,18.2,27.2,8.1,26.8,
Delay, Jason,641511,2022,27,.251,.230,.253,84.9,15.7,31.1,1.9,1.9,28.3,74.6,31.4,41.5,22.6,26.4,9.4,26.1,
Dozier, Hunter,641531,2022,30,.387,.301,.297,88.5,13.1,33.1,7.7,5,38.5,71.5,33,42.9,24,25.1,8,27.9,
Engel, Adam,641553,2022,30,.287,.246,.264,87.9,15,30.8,1.8,5.3,33.1,67.7,28.1,38.5,23.7,27.8,10.1,29.1,
Fraley, Jake,641584,2022,27,.417,.333,.338,85.1,13.8,33.5,7.3,5.5,27.6,68.8,25,43.3,28,23.2,5.5,28.0,
Garver, Mitch,641598,2022,31,.405,.319,.313,88.9,18.4,37.2,8.8,11.7,38.7,61.4,21.9,34.3,38,21.2,6.6,26.3,
Guillorme, Luis,641645,2022,27,.335,.302,.335,86.2,4.3,35.6,2.4,2.8,24.9,57.4,21.3,56.9,14.6,27.3,1.2,25.9,
Hampson, Garrett,641658,2022,27,.290,.261,.282,86.5,10.2,29.8,4.3,4.3,27.7,60.2,27.9,52.5,19.9,22,5.7,29.5,
Heim, Jonah,641680,2022,27,.361,.291,.296,89.3,17,29.6,6.9,5.9,39.9,73,29.6,38.9,30.8,20.9,9.3,26.0,
Leblanc, Charles,641779,2022,26,.368,.285,.278,87.3,16.9,36.9,8.7,5.8,32,62.5,27.5,37.9,28.2,25.2,8.7,28.0,
Mancini III, Trey,641820,2022,30,.410,.327,.328,89.5,12.7,39.6,9.8,10.3,40.4,67.3,30.1,40.6,27.8,25.4,6.2,25.6,
McMahon, Ryan,641857,2022,27,.423,.330,.329,91.7,10.8,36.4,10.4,6.7,46.5,63.4,25.4,44.7,27.5,26.2,1.6,25.8,
Neuse, Sheldon,641914,2022,27,.291,.254,.272,89.1,1.5,23,3.1,2.6,38.2,70.2,31.4,62.8,15.2,20.4,1.6,26.4,
O'Neill, Tyler,641933,2022,27,.423,.331,.324,89.8,13.6,36.6,11.3,6.7,43.3,68,25.9,42.4,25.2,25.2,7.1,29.8,
Smith, Dominic,642086,2022,27,.360,.293,.299,89.6,10.9,28.3,7.1,7.1,46.5,67,26,47.5,28.3,20.2,4,26.3,
Tellez, Rowdy,642133,2022,27,.479,.349,.337,91.1,15.3,31.4,12.9,7.3,46,61.2,27,39.7,29.9,20.4,10,23.8,
VanMeter, Josh,642165,2022,27,.341,.288,.301,88.1,14.3,37.5,4.7,7,33.6,54.6,13.7,39.1,32,25,3.9,26.1,
Wade, Tyler,642180,2022,27,.278,.248,.267,83.9,11.5,37,1.7,3.4,16,67.2,25.9,49.6,20.2,24.4,5.9,29.0,
White, Eli,642201,2022,28,.293,.255,.261,86.4,21.5,30.8,4.6,9.2,29.2,67.7,23.6,41.5,29.2,18.5,10.8,30.1,
Mejia, Francisco,642336,2022,26,.329,.262,.265,86.8,15.7,39.1,2.7,5.8,28,73,51.3,36.9,26.2,28.9,8,26.9,
Siri, Jose,642350,2022,26,.323,.261,.262,87.2,15.4,35.1,6.2,5.2,33,69.3,36.4,43.3,25.8,19.6,11.3,30.4,
Rosario, Amed,642708,2022,26,.396,.310,.308,88.4,5,31.1,4.5,5.5,38.3,66.9,40,52.5,16.8,25.7,5.1,29.5,
Adames, Willy,642715,2022,26,.451,.323,.299,88.9,18.9,36.4,13,6.5,43.6,71.2,29.8,34.2,33.4,22.7,9.7,27.8,
Alcantara, Sergio,642727,2022,25,.291,.244,.254,86.6,13.5,32.5,1.9,3.9,32.5,58.8,26.4,45.5,30.5,20.8,3.2,27.6,
Estrada, Thairo,642731,2022,26,.352,.299,.312,86.2,8.1,31.6,4.4,4.7,31.1,67.2,32.3,51.4,20.5,21,7.2,28.3,
Wynns, Austin,642851,2022,31,.318,.267,.279,84.1,10.4,31.7,4,4,27,54.6,31.3,46.8,23,23.8,6.3,24.9,
Benintendi, Andrew,643217,2022,27,.407,.334,.347,89.2,12.6,39.2,5.1,6.2,38.7,73.2,22.7,43.8,26.7,25.9,3.6,27.5,
Cooper, Garrett,643265,2022,31,.436,.341,.338,89.6,8.8,39,10.7,8.3,43.7,61,30.3,45.3,25,28.7,1,26.2,
Dubon, Mauricio,643289,2022,27,.331,.272,.280,84.7,16.7,28.1,2.3,5.9,29.9,72.7,38.2,39.4,31.7,20.4,8.6,28.2,
Jansen, Danny,643376,2022,27,.514,.368,.344,90.4,22.2,34.7,13.1,6.3,46.6,67.4,21,33.5,32.4,18.8,15.3,27.5,
Kemp, Tony,643393,2022,30,.291,.267,.294,84.4,15,33.9,1.6,4.1,14.9,68.4,29.4,43.3,24.3,22.9,9.4,26.2,
Kiner-Falefa, Isiah,643396,2022,27,.333,.290,.317,86.2,4.3,29.6,1.2,4.3,30.1,58,30.8,55.8,14.8,23.6,5.7,28.4,
McNeil, Jeff,643446,2022,30,.389,.323,.341,86.9,12.8,39,2.7,5.2,30.2,77.6,29.2,41.3,22.9,30,5.9,27.4,
Schwindel, Frank,643524,2022,30,.351,.278,.281,88.1,10.2,31.6,4.7,7.9,35.5,73.8,36.8,47.4,21.9,23.3,7.4,25.6,
Chang, Yu,644374,2022,26,.357,.290,.294,88.8,14.3,35.1,9,5.4,36.9,67.6,28.3,41.4,28.8,25.2,4.5,28.4,
Albies, Ozzie,645277,2022,25,.387,.297,.290,87.1,16.9,34.8,5.4,6.9,26.5,81.2,42.6,38.7,31.9,21.1,8.3,27.5,
Robles, Victor,645302,2022,25,.280,.244,.256,84.6,15.8,29.2,3.2,3.2,23.8,73.1,33,45.8,19.9,23.1,11.2,28.7,
Herrera, Jose,645444,2022,25,.180,.186,.215,84.7,3,23.5,0,0,11.1,60.5,22.8,65.4,11.1,17.3,6.2,25.3,
Ford, Mike,645801,2022,29,.302,.278,.306,88.7,18.1,37.4,3.3,7.7,33,52.5,20.6,33,28.6,28.6,9.9,24.2,
Devers, Rafael,646240,2022,25,.497,.361,.348,93.1,11.3,33.1,11.5,7.7,50.9,76.3,36.2,42.3,23.9,26.4,7.4,25.5,
Naylor, Josh,647304,2022,25,.430,.327,.323,89.4,10.3,28.9,8.6,6.4,42.8,72.8,32.9,49.5,22.5,20.9,7.2,25.3,
Toro, Abraham,647351,2022,25,.372,.284,.277,87,16.7,31.2,6.8,4.6,29.7,64.1,30.9,38.8,35,18.3,8,28.0,
Diaz, Aledmys,649557,2022,31,.396,.308,.306,86.6,12.4,30.3,6.3,5.9,36.8,74.2,33,39.8,24.4,28.3,7.5,27.7,
Urias, Luis,649966,2022,25,.398,.326,.335,87.3,18,34.3,8.3,5.4,35.3,63.2,23.3,36.5,34,21.8,7.7,26.4,
Diaz, Lewin,650331,2022,25,.262,.219,.223,88.3,15.6,29.6,5.6,4.6,28.7,60,33.5,37,35.2,21.3,6.5,24.6,
Arraez, Luis,650333,2022,25,.408,.333,.350,88.9,12.9,38.7,3.6,5.7,30.2,63.2,24.1,41.2,25.4,29.8,3.6,26.8,
Jimenez, Eloy,650391,2022,25,.512,.365,.335,92.8,7.4,31.7,14.7,8.5,54.9,71.7,32.2,50,25.4,21.9,2.7,25.7,
Torres, Gleyber,650402,2022,25,.441,.319,.298,90.4,17.5,36.2,10.7,8.5,45.3,71.9,27.7,35.9,32.7,24.2,7.2,26.9,
Castro, Willi,650489,2022,25,.339,.290,.304,84.8,13.9,35.5,3.5,4.2,31.4,77.2,39.8,42.9,24.4,23.7,9.1,28.4,
Diaz, Yandy,650490,2022,30,.424,.365,.395,92.2,7.7,30.7,4.8,8.9,49,63.6,19.6,50,19.6,24.4,6,27.1,
De La Cruz, Bryan,650559,2022,25,.498,.355,.327,90.8,9.8,43.6,11.9,6.2,47.3,70.7,31.1,42.4,24.7,30.5,2.5,27.8,
Rengifo, Luis,650859,2022,25,.392,.296,.285,86.9,9.9,31.1,5.4,4.9,33.6,77.3,34.9,48.2,23.6,21.2,7.1,27.9,
Adams, Riley,656180,2022,26,.354,.276,.267,90.2,13.5,25,9.4,9.4,45.8,58.7,34,44.8,28.1,18.8,8.3,26.7,
Allen, Greg,656185,2022,29,.246,.229,.251,87.6,8.5,25,2.5,5,32.5,69.3,23.7,55,22.5,17.5,5,28.1,
Chapman, Matt,656305,2022,29,.440,.341,.331,92.2,19,34,12.9,8.8,51.2,64.2,19.2,34.6,30,22.3,13.1,28.4,
Chavis, Michael,656308,2022,26,.336,.261,.256,85.4,11.1,33,7.5,6.1,38.7,76.7,39.1,44.8,21.9,24.4,9,28.9,
Fairchild, Stuart,656413,2022,26,.396,.317,.313,88.9,13.3,31.7,9.5,7.9,41.3,75.3,18,44.4,33.3,15.9,6.3,29.0,
Hilliard, Sam,656541,2022,28,.361,.303,.312,92,13.4,27.7,9.2,9.2,48.7,67.5,20.1,44.5,26.1,21,8.4,28.7,
Hoskins, Rhys,656555,2022,29,.445,.338,.327,90.1,18.1,37.3,11.1,5.9,44.3,60.7,23.2,36.3,33,22.9,7.8,25.9,
Joe, Connor,656582,2022,29,.340,.311,.342,85.3,10.6,35.1,4.5,3.9,33.8,58.5,21.7,47.1,19.5,26.3,7.1,26.8,
Luplow, Jordan,656669,2022,28,.351,.288,.293,87.2,17.7,24,7.5,4.8,32.9,72.2,24.3,41.1,32.9,14.4,11.6,27.8,
McKinstry, Zach,656716,2022,27,.342,.288,.300,86.4,12.9,41.4,4.3,6,30.2,66.2,28.4,39.7,25,31,4.3,28.3,
Mullins II, Cedric,656775,2022,27,.349,.288,.297,88.8,17.4,29.3,4.9,5.9,37.3,71.2,29.9,41,26.4,21.1,11.5,28.4,
O'Hearn, Ryan,656811,2022,28,.425,.327,.321,92.1,13.4,38,7,11,48,67.9,30.4,46,21,28,5,27.3,
Rivera, Emmanuel,656896,2022,26,.410,.310,.296,90.4,9.8,32.3,9.3,6,38.3,72.6,28.1,49.2,26.2,20.6,4,26.9,
Schwarber, Kyle,656941,2022,29,.535,.375,.341,93.3,19.2,35.4,20.1,8.7,54.4,60.6,21.7,34.3,33.8,20.6,11.3,26.4,
Smith, Pavin,656976,2022,26,.379,.304,.300,87.9,15.2,28.7,9.9,3.3,35.9,55.9,24.1,43.6,29.8,17.7,8.8,26.5,
Thomas, Lane,657041,2022,26,.357,.286,.286,86.4,12.5,32.6,6.5,5.7,34.5,61.4,26.1,45.3,21.3,21,12.4,29.4,
Verdugo, Alex,657077,2022,26,.428,.329,.327,89.1,8.4,37.8,6,7.6,38.2,64,24.9,46.2,23,26.5,4.3,26.8,
DeJong, Paul,657557,2022,28,.327,.267,.267,87.6,21.7,25.6,9.8,5.3,37.6,70.7,27.9,32.3,34.6,21.8,11.3,27.8,
Laureano, Ramon,657656,2022,27,.402,.307,.294,88.7,14.9,28.9,11.6,4.1,38.4,64.2,28.8,43.4,30.2,18.6,7.9,27.6,
Papierski, Michael,657709,2022,26,.204,.217,.253,77.4,12.2,28.4,0,3,9,56.1,29.7,47.8,19.4,19.4,13.4,24.8,
Sheets, Gavin,657757,2022,26,.359,.283,.281,88.6,14.8,32.3,6.5,6.1,36.1,63.7,33.2,41.2,24.8,23.5,10.5,26.6,
Olivares, Edward,658668,2022,26,.433,.339,.339,89.2,6.6,34.9,6.3,5.6,38.9,70.1,33.3,47.6,19.8,28.6,4,28.6,
Moncada, Yoan,660162,2022,27,.375,.289,.282,88.7,15.7,35.1,9.8,6.3,37.5,66,28.1,39.3,32.6,21.1,7,27.4,
Ohtani, Shohei,660271,2022,27,.552,.385,.361,92.9,12.1,35,16.8,5.6,49.8,72.1,28.4,43,30.1,23.6,3.3,28.3,
Tsutsugo, Yoshi,660294,2022,30,.285,.254,.275,88.8,10.1,32.3,5.6,3.2,36.3,64.8,25.5,47.6,23.4,22.6,6.5,26.0,
Castillo, Diego,660636,2022,24,.389,.292,.273,89.1,14.6,37.7,9.9,8.4,38.7,57.1,30.4,41.4,34,20.4,4.2,27.3,
Brujan, Vidal,660644,2022,24,.256,.236,.256,86.1,14.2,30.4,2.7,2.7,27.7,71.3,31.9,46.4,22.3,21.4,9.8,28.5,
Garcia, Dermis,660650,2022,24,.324,.244,.227,86.5,12.2,27.9,13.1,1.6,42.6,77.7,29.4,45.9,26.2,18,9.8,27.4,
Acuna Jr., Ronald,660670,2022,24,.486,.366,.358,91.2,10.8,32.8,12.8,6.1,49.7,73.5,24.3,47.7,24.7,21.2,6.4,28.5,
Ruiz, Keibert,660688,2022,23,.403,.328,.338,88,14.9,36.3,3.7,7.5,32.3,72.1,31.4,40.6,25.1,28.2,6.1,25.3,
Montero, Elehuris,660707,2022,23,.338,.260,.251,89.8,13.2,34.5,8.6,6.9,39.7,70,35.9,36.2,28.4,28.4,6.9,26.9,
Gonzalez, Oscar,660757,2022,24,.422,.320,.313,88.6,5.4,32.5,7.3,4.8,40.1,74.3,46.6,49.8,18.3,26.6,5.2,28.9,
Yepez, Juan,660766,2022,24,.394,.286,.263,86.5,17.1,33.2,9.2,5.6,33.7,73.6,37.1,37.8,31.1,19.9,11.2,26.8,
Sanchez, Jesus,660821,2022,24,.383,.298,.290,89.5,11,25.7,9.9,3.2,40.5,66.6,32.7,46.8,26.6,19.4,7.2,27.3,
Contreras, William,661388,2022,24,.479,.347,.323,90.4,6.1,31.9,13.4,4.7,46.6,62.8,28.8,53.4,24.6,18.5,3.4,27.0,
Serven, Brian,661531,2022,27,.291,.254,.271,84.5,12.5,32.9,2.7,4.1,29.5,72.9,36.8,45.2,18.5,26,10.3,26.5,
Varsho, Daulton,662139,2022,25,.389,.298,.285,87.7,14.9,33.6,10.2,8.4,35.6,69.1,30.5,42.7,29.8,19.6,7.9,28.0,
Nootbaar, Lars,663457,2022,24,.414,.346,.360,91.7,10.7,30.4,12.1,4.9,46,58.6,21,46,25,23.7,5.4,28.2,
Nevin, Tyler,663527,2022,25,.326,.293,.316,87.3,17.7,34.2,3.5,5.3,37.7,69,23.7,39.5,28.1,25.4,7,25.6,
Hoerner, Nico,663538,2022,25,.366,.301,.318,87.2,10.7,32.6,2.6,4.7,33.5,65.1,33.7,46.5,24.2,23.5,5.9,29.1,
Riley, Austin,663586,2022,25,.531,.378,.349,92.5,12.9,37.7,15.7,8.4,50.8,75.3,30.1,39,28.8,26.2,6,27.8,
Madrigal, Nick,663611,2022,25,.312,.283,.313,85.9,-0.2,26.6,0,1.6,24.6,59.7,28.5,62.5,9.8,23.9,3.8,27.4,
Larnach, Trevor,663616,2022,25,.442,.322,.303,90.1,13.1,36.2,11.4,10.5,43.8,59.5,25.1,41.9,36.2,18.1,3.8,27.0,
Mountcastle, Ryan,663624,2022,25,.509,.362,.332,91.3,15.9,39.5,15,4.7,46.3,79.1,37.8,37.3,32.1,25.7,4.9,27.5,
McKenna, Ryan,663630,2022,25,.331,.267,.271,86.7,15.4,37.5,9.6,3.8,30.1,72.3,28.8,43.3,25,25,6.7,29.4,
Hayes, Ke'Bryan,663647,2022,25,.354,.303,.321,91,5.2,30.6,3.9,6.2,46.8,61.2,27.1,49.6,17.7,27,5.7,27.9,
Tucker, Kyle,663656,2022,25,.482,.353,.336,90,19,34.4,10.2,10.2,42.4,80.2,26.1,34.4,37.7,22,6,26.6,
India, Jonathan,663697,2022,25,.353,.301,.318,85.1,14.5,36,4.8,4.5,28.8,56.9,24.5,41.8,25.7,23.6,8.9,27.7,
Bart, Joey,663698,2022,25,.370,.296,.292,87.3,16.3,32.2,10.1,6,43,63.4,31,44.3,24.2,22.1,9.4,27.1,
Raleigh, Cal,663728,2022,25,.461,.324,.290,90.9,22.5,36,15.4,8.7,43.5,77.6,31.1,29.2,41.5,20.2,9.1,26.8,
Fortes, Nick,663743,2022,25,.398,.319,.322,89.3,15.4,30.2,7,5.2,37.8,64.7,25.3,39.5,29.1,20.3,11,27.9,
Grisham, Trent,663757,2022,25,.354,.295,.302,88.3,15.1,25.5,8.1,5.8,35.5,56.1,20.7,46.1,30,14.8,9,28.8,
Vierling, Matt,663837,2022,25,.408,.327,.331,91.2,12,35.2,5,7.7,47.1,59.9,28.3,41.4,23.4,27.6,7.7,29.6,
Rivas III, Alfonso,663845,2022,25,.308,.281,.309,86.9,4.9,34.7,4.2,3,35.3,62,22.5,52.1,19.2,26.3,2.4,26.2,
Gonzalez, Romy,663853,2022,25,.359,.265,.248,91.2,3.3,29.9,9,4.5,49.3,70.2,35.6,58.2,26.9,13.4,1.5,28.5,
Stephenson, Tyler,663886,2022,25,.394,.318,.323,87.1,11.1,46.3,6.6,7.4,34.7,62,25.1,40.5,18.2,36.4,5,26.5,
Williams, Luke,663897,2022,25,.272,.233,.251,83.3,16.7,36.1,3.6,4.8,22.9,71.1,30,41,21.7,24.1,13.3,28.8,
Rodgers, Brendan,663898,2022,25,.404,.326,.330,90,4.6,31.3,7.2,5.6,45.9,72.1,27.2,52,19.7,25.5,2.8,26.7,
Lowe, Nathaniel,663993,2022,26,.459,.344,.333,90.2,8.2,34.1,9.9,5.2,44.8,74,29.2,48.2,21.5,26,4.3,27.1,
Happ, Ian,664023,2022,27,.379,.306,.315,89.7,10.9,29.2,6.5,6.5,40.4,71.8,26.6,47.4,24.8,22,5.8,27.9,
France, Ty,664034,2022,27,.398,.321,.330,87.6,10.1,34.8,5.4,5,36.7,75.8,31.9,47.8,21.2,25.5,5.4,24.7,
Lowe, Brandon,664040,2022,27,.401,.320,.322,89.4,16.6,35.4,10.3,4.6,38.9,77.9,29.9,38.3,26.3,24.6,10.9,27.5,
Bader, Harrison,664056,2022,28,.321,.270,.279,83.4,16.7,28.4,3.4,5.6,26.3,64.6,34.5,41.4,25,20.7,12.9,29.1,
Fletcher, David,664058,2022,28,.344,.295,.317,82.1,15,41.1,0,0.5,7.4,60.3,32.5,37.1,20.3,31.7,10.9,26.1,
Haggerty, Sam,664059,2022,28,.330,.285,.313,86,13.6,32.5,4,2.4,24.6,71.7,27.5,46,20.6,24.6,8.7,28.9,
Moore, Dylan,664238,2022,29,.360,.322,.350,87.2,20.7,39.4,12.9,7.6,36.4,59.2,18.8,32.6,32.6,22,12.9,28.3,
Garlick, Kyle,664247,2022,30,.423,.305,.279,90.2,15.1,36.9,9.7,8.7,47.6,64.4,33.6,41.7,29.1,22.3,6.8,26.6,
Lopez, Alejo,664670,2022,26,.329,.280,.303,83.8,9.3,37.9,0.8,4.8,20.2,72.4,29.2,47.6,18.5,30.6,3.2,26.6,
Straw, Myles,664702,2022,27,.301,.275,.306,87,9.8,34.1,0.7,4.8,26.5,57.9,19.6,47.6,22.5,26.2,3.7,29.3,
Isbel, Kyle,664728,2022,25,.323,.266,.273,89.7,10.6,30.4,4.9,7.1,44.6,65.1,28.2,44,20.1,25.5,10.3,28.0,
Higgins, P.J.,664731,2022,29,.287,.264,.290,86,8.7,34.7,3.4,4.1,25.5,61.9,25.7,44.9,21.1,27.2,6.8,26.4,
Bohm, Alec,664761,2022,25,.436,.333,.327,90.2,10.4,37.7,6.8,6,43,72,31.4,46.3,21,27.2,5.6,27.1,
Wade Jr., LaMonte,664774,2022,28,.407,.321,.317,87.7,21.1,33.7,9.5,5.9,34.3,67.2,23.7,34.3,38.5,17.8,9.5,26.0,
Zavala, Seby,664874,2022,28,.326,.283,.295,88.8,22.7,41.2,9.2,6.7,37,77.3,31.7,29.4,33.6,29.4,7.6,25.8,
Mendick, Danny,664901,2022,28,.327,.273,.287,86.8,10.3,38.7,4,2.7,20,64.2,19.3,45.3,24,28,2.7,26.0,
Brown, Seth,664913,2022,29,.454,.338,.324,89.2,15.8,34.9,13,5.4,41.4,69.7,29.1,36.6,30.4,24.5,8.5,27.9,
McCarthy, Jake,664983,2022,24,.357,.298,.310,87.4,8,32.5,4.8,3.2,33.7,74.7,29.7,51.8,21.7,23.3,3.2,30.1,
Clemens, Kody,665019,2022,26,.325,.249,.242,89.4,17.4,26.7,5.8,5.8,37.2,71.5,33.3,38.4,36,17.4,8.1,27.3,
Walsh, Jared,665120,2022,28,.368,.280,.274,90.1,10.7,34,9.5,6,42.5,66,30.8,46.3,24.2,23.5,6,25.9,
Pena, Jeremy,665161,2022,24,.397,.300,.285,88.1,8.7,32.9,9.7,5.4,36.7,75.3,37.8,47.7,22.4,25.3,4.6,29.4,
Celestino, Gilberto,665482,2022,23,.294,.270,.297,87.3,-1.9,27.1,2.5,4.2,34.3,65.7,21.8,60.6,14.4,22,3,27.9,
Guerrero Jr., Vladimir,665489,2022,23,.462,.348,.342,92.8,4.3,27.9,11.2,6.8,50.4,71.5,30.5,52.3,17.1,24.5,6.1,26.6,
Pache, Cristian,665506,2022,23,.300,.259,.276,89.4,3.8,25.3,3.4,3.4,40.8,73.5,27.4,58,16.7,19.5,5.7,28.6,
Soto, Juan,665742,2022,23,.501,.401,.420,91,9.1,28.5,12.4,7.2,47.4,56.3,17.2,47.4,27.1,19.2,6.3,26.6,
Taveras, Leody,665750,2022,23,.322,.270,.281,89.3,12,28.7,4.3,3,36.1,68.1,31.7,44.8,22.6,24.3,8.3,29.5,
Cabrera, Oswaldo,665828,2022,23,.361,.287,.288,86.8,21.5,41.1,6.3,8.9,34.8,73.1,33.9,30.4,36.6,25,8,27.5,
Cruz, Oneil,665833,2022,23,.410,.304,.286,91.9,8.3,30.6,15.5,2.9,46.1,52.9,30.5,49.5,22.8,21.4,6.3,29.9,
Chisholm Jr., Jazz,665862,2022,24,.473,.345,.320,90.4,15.5,37.3,16.7,4.7,46.7,67.6,27,39.3,34.7,20.7,5.3,29.2,
Gimenez, Andres,665926,2022,23,.400,.326,.336,87.8,11.7,31.3,6.2,6.5,37.8,70.9,38.4,48.2,19.4,24.4,8,29.3,
Kirilloff, Alex,666135,2022,24,.369,.282,.274,89.3,6.1,28.2,6.4,5.5,45.5,71.3,30.3,55.5,26.4,15.5,2.7,27.6,
Lowe, Josh,666139,2022,24,.339,.272,.276,88.3,11.4,47.4,5.2,10.3,37.1,66.5,25.4,36.2,29.3,31,3.4,28.8,
Lux, Gavin,666158,2022,24,.372,.314,.325,88,6.8,34,6.1,6.1,39.8,62.5,23.7,49.5,21.9,24,4.6,28.8,
Moniak, Mickey,666160,2022,24,.262,.203,.193,84.9,19.1,22.2,7.9,1.6,31.7,73.8,45.3,38.1,30.2,19,12.7,28.2,
Adell, Jo,666176,2022,23,.315,.251,.245,87.4,16.7,33.3,9.9,3.1,37.7,69.9,34.7,40.7,22.8,25.3,11.1,29.8,
Beer, Seth,666179,2022,25,.315,.276,.302,85.9,10.7,33.3,3.7,9.9,29.6,69.4,26.7,46.9,19.8,29.6,3.7,24.7,
Bichette, Bo,666182,2022,24,.444,.334,.322,91.9,8.5,33.3,9.6,7.2,50.3,77.6,35.2,49.1,22,24.6,4.2,27.5,
Carlson, Dylan,666185,2022,23,.355,.301,.316,86.1,12.9,35.7,4.4,7.3,27.2,67.8,24.8,43,27.5,25.1,4.4,28.1,
Trammell, Taylor,666211,2022,24,.357,.292,.294,88.3,20.5,29.6,9.9,5.6,28.2,69.5,26.3,39.4,33.8,16.9,9.9,27.0,
Morel, Christopher,666624,2022,23,.435,.324,.307,89.6,9.1,30,13.4,5.7,40.3,71.8,28.6,51,24.3,18.2,6.5,28.8,
Castro, Rodolfo,666801,2022,23,.354,.280,.276,87.3,11.7,25.6,6.7,7.2,35,67.7,27.5,51.1,24.4,17.2,7.2,27.3,
Dalbec, Bobby,666915,2022,27,.379,.296,.287,90.3,15.2,32,11.8,6.4,45.8,66.3,29.1,38.9,33.5,21.2,6.4,28.3,
Garcia, Adolis,666969,2022,29,.447,.322,.296,92.1,13.2,36.9,12.9,9.3,47.4,73.5,37.3,41.1,25,24.5,9.3,27.9,
Gurriel Jr., Lourdes,666971,2022,28,.400,.321,.328,90.6,10.9,34.7,3.8,8.9,45.7,68.4,29.6,45.7,22,26.3,5.9,27.3,
Arozarena, Randy,668227,2022,27,.382,.301,.301,89.9,8.8,28.2,7.9,5.8,41,64,30.9,50.2,19.7,20.8,9.3,28.8,
Pratto, Nick,668472,2022,23,.322,.267,.266,86,19.7,34.4,12.5,7.3,36.5,65.1,26.2,33.3,40.6,17.7,8.3,27.2,
Bleday, JJ,668709,2022,24,.315,.280,.297,86.3,25,37.4,8.6,5,33.8,71.1,24.3,25.2,38.1,25.2,11.5,27.8,
Steer, Spencer,668715,2022,24,.304,.278,.302,84.7,13.6,30.4,5.8,1.4,31.9,59.5,24.8,43.5,24.6,21.7,10.1,27.4,
Baddoo, Akil,668731,2022,23,.270,.253,.278,85,14.2,29.9,3.6,2.2,27,70.8,26.9,42.3,24.8,21.2,11.7,28.9,
Mitchell, Cal,668751,2022,23,.358,.292,.297,89.9,7.5,34,4.9,5.6,40.7,69,32.2,46.3,21.6,30.2,1.9,26.1,
Knizner, Andrew,668800,2022,27,.306,.280,.305,86,15.6,28.6,3.5,3.5,33.2,65.4,32.9,45.7,23.6,17.6,13.1,25.8,
Reynolds, Bryan,668804,2022,27,.416,.329,.334,90.2,12,35.5,7.9,6,42.9,73,31.5,43.7,27.8,24.6,4,28.3,
Rutschman, Adley,668939,2022,24,.411,.342,.358,87.9,15.6,35.6,7.9,6.7,36.8,61.1,23.1,40,26.7,25.1,8.3,27.2,
Rojas, Josh,668942,2022,28,.365,.308,.327,88.8,11.9,33.5,4.5,4.8,36.1,62.5,19.9,43.9,26.2,26.2,3.7,27.3,
Melendez Jr., MJ,669004,2022,23,.410,.332,.334,90.7,15.1,31,10.4,6.8,43.5,66,24.1,39.6,32.7,20.8,6.8,27.8,
Marsh, Brandon,669016,2022,24,.372,.287,.279,89.2,10.9,40.8,7.4,7,38.2,64.7,31.8,43.4,27.9,26.1,2.6,28.9,
Huff, Sam,669087,2022,24,.385,.294,.290,88.9,9.7,35.4,10.1,2.5,36.7,75.8,34.7,44.3,24.1,26.6,5.1,27.0,
Langeliers, Shea,669127,2022,24,.345,.261,.247,87.3,16.9,42.9,9.9,6.6,38.5,73.4,35.4,37.4,24.2,25.3,13.2,28.7,
Murphy, Sean,669221,2022,27,.439,.344,.340,88.7,11.5,34.7,10.5,6.5,41.4,71.1,29.5,42.1,23.4,27,7.4,26.1,
Senzel, Nick,669222,2022,27,.355,.299,.313,87.2,11.7,35,3.3,5,33.9,68.2,27.7,46.3,24.3,23.7,5.7,28.7,
Edman, Tommy,669242,2022,27,.380,.308,.318,88.6,8.7,31.6,6.2,5.1,37.8,64,30.6,49.4,20.5,23.5,6.6,28.8,
Smith, Will,669257,2022,27,.473,.352,.341,89.9,18.4,36.8,10.3,7.2,43,63.7,21.3,31.5,37.3,25.5,5.8,27.5,
Suwinski, Jack,669261,2022,23,.393,.307,.300,88.3,14.3,26.3,12.2,7.5,40.4,61.1,24.5,43.2,31.9,16,8.9,28.7,
Espinal, Santiago,669289,2022,27,.348,.298,.319,86.1,14.1,33.8,3.4,3.6,31.7,67.1,25.6,43.6,19.2,26.8,10.4,27.0,
Miranda, Jose,669304,2022,24,.410,.317,.312,89.3,13.8,34.2,6.2,7.9,42.4,72.5,32.7,42.4,25.4,24,8.2,26.2,
Thompson, Bubba,669352,2022,24,.234,.203,.212,84.8,5.3,21.6,1.7,4.3,21.6,79,38.4,58.6,19,14.7,7.8,30.4,
Gorman, Nolan,669357,2022,22,.476,.341,.312,89.2,20,46.7,14.4,11.7,43.3,74.9,31.1,27.2,38.3,27.8,6.7,26.9,
Hiura, Keston,669374,2022,25,.425,.317,.297,91.7,16.1,41.1,15.3,11.3,45.2,70.3,29,36.3,33.9,24.2,5.6,27.5,
Burger, Jake,669394,2022,26,.460,.318,.281,90.7,12.3,33.3,14.9,6.1,43,73.4,36.6,43,30.7,21.1,5.3,27.8,
Allen, Nick,669397,2022,23,.266,.238,.259,83.9,7.6,26,1.2,3.3,22.3,73.7,32.3,53.7,19.8,20.7,5.8,27.7,
Hummel, Cooper,669450,2022,27,.332,.292,.307,87.6,7.7,30.1,7.1,7.1,35.4,61.7,18.7,47.8,24.8,20.4,7.1,28.8,
Smith, Josh H.,669701,2022,24,.313,.296,.330,87,19.2,34.5,2.4,5.4,28.6,61.4,21.1,36.3,26.2,25.6,11.9,28.2,
Hays, Austin,669720,2022,26,.372,.298,.298,87.7,11.3,32.3,5.2,7.1,37.7,67.7,36.2,43.6,22.4,23.6,10.4,27.8,
Hall, Darick,669742,2022,26,.462,.312,.264,91.4,18.6,37,17.4,6.5,44.6,72.2,32.6,34.8,35.9,23.9,5.4,26.3,
Call, Alex,669743,2022,27,.290,.279,.311,86.3,18.4,29.8,1.2,6,31,62.4,26.1,38.1,31,22.6,8.3,28.4,
Toglia, Michael,669911,2022,23,.305,.261,.276,87.4,17,32.8,7.5,3,40.3,66,28.1,38.8,26.9,26.9,7.5,28.3,
Lopez, Nicky,670032,2022,27,.312,.273,.296,84.9,4.9,31.3,1.6,2.9,22.9,67.8,30,55.2,15.4,24.7,4.7,27.7,
Alvarez, Yordan,670541,2022,25,.672,.462,.430,95.2,12.3,40.7,21,7.5,59.8,63.7,24.8,39.9,30.5,27,2.7,26.5,
Paredes, Isaac,670623,2022,23,.348,.297,.310,87.4,15.8,27.4,6.4,6.4,38.7,60.7,20.5,42.1,28.2,17.7,12,26.2,
Brosseau, Mike,670712,2022,28,.359,.300,.307,89.1,14.6,34.4,8.6,9.7,41.9,66.6,27.9,40.9,34.4,22.6,2.2,27.7,
Walls, Taylor,670764,2022,25,.304,.270,.290,86.3,16.6,32.6,6.2,4.8,28.5,64.9,19.8,37.8,26.8,26.8,8.6,28.8,
Gonzalez, Luis,670768,2022,26,.306,.268,.289,86.9,10.9,27,2.9,7.5,32,68,26,47.3,27,20.3,5.4,28.2,
Friedl Jr., TJ,670770,2022,26,.335,.283,.295,87.2,19.8,30.9,4.7,6.8,29.8,63.1,24,35.1,32.5,20.4,12,28.2,
Waters, Drew,671221,2022,23,.376,.293,.285,84.1,10.4,41.1,12.5,3.6,28.6,69.9,25.9,48.2,28.6,21.4,1.8,28.4,
Garcia, Luis,671277,2022,22,.409,.305,.285,87.3,5.5,37.4,7.5,7.1,36.7,67.6,40.8,52.7,20.3,25.6,1.4,27.0,
Harris II, Michael,671739,2022,21,.460,.335,.312,89.5,4.5,32.8,10.1,6.8,45.1,67.2,39,55.8,17.9,22.4,3.9,29.4,
Kelenic, Jarred,672284,2022,22,.351,.269,.252,86,18,27.2,13.6,5.8,35,67.4,28.2,36.9,31.1,16.5,15.5,27.2,
Kirk, Alejandro,672386,2022,23,.431,.351,.367,90.5,8.1,32,6.7,6.5,45.4,59.6,23.3,50,20.4,24.5,5,24.1,
Perdomo, Geraldo,672695,2022,22,.282,.269,.302,85,12.1,28.1,2,2,25.1,59.6,21.5,50.6,19.9,21.1,8.5,27.2,
Marcano, Tucupita,672779,2022,22,.243,.213,.228,84.7,11.1,30.3,1.6,6.6,17.2,64.3,25.6,47.5,23.8,20.5,8.2,28.8,
Robert Jr., Luis,673357,2022,24,.449,.327,.307,89.3,10,32.6,8.9,4.9,42.8,83.6,43.2,45.1,23,26.3,5.6,27.9,
Kim, Ha-Seong,673490,2022,26,.368,.309,.324,86.7,16.1,34,4.2,6.1,32.4,60.4,24.9,40.8,22.9,25.9,10.4,28.4,
Suzuki, Seiya,673548,2022,27,.419,.327,.325,89.6,11.2,36.9,11,5.5,41.3,56.8,21.3,40.7,25.5,27.2,6.6,28.3,
Jung, Josh,673962,2022,24,.403,.287,.255,85.5,14.3,40.7,10.2,6.8,32.2,61.9,34.3,42.4,25.4,25.4,6.8,26.9,
Smith, Kevin,675656,2022,25,.322,.239,.225,87,16.4,32.4,7.8,5.9,33.3,70.7,35.2,43.1,32.4,16.7,7.8,27.6,
Velazquez, Nelson,676369,2022,23,.399,.305,.291,89.2,12.3,35,13.3,9.2,43.6,74.2,23.6,43.3,29.2,20,7.5,28.2,
Clement, Ernie,676391,2022,26,.328,.277,.290,85,11.8,27.1,3.6,3.6,25.7,63.4,34.9,47.1,28.6,18.6,5.7,28.3,
Barrero, Jose ,676480,2022,24,.211,.180,.185,87.5,17.7,33.7,2.2,6.7,35.2,76.1,40.2,40.4,29.2,21.3,9,27.9,
Madris, Bligh,676632,2022,26,.309,.262,.275,88.9,10.5,30.5,4.9,7.3,41.5,66.9,24.9,51.2,23.2,19.5,6.1,27.9,
Meyers, Jake,676694,2022,26,.292,.251,.254,87.3,7.2,30.9,5.2,5.2,37.1,65.7,30.4,53.6,16.5,25.8,4.1,28.9,
Trejo, Alan,676701,2022,26,.375,.291,.285,86.2,13.6,37.9,4.6,8,31.4,68.3,36.5,39.1,32.2,25.3,3.4,26.7,
McCormick, Chas,676801,2022,27,.414,.325,.321,88.1,12.8,33.5,10.2,4.7,39,69.7,29.6,44.1,31.9,22,2,28.7,
Franco, Wander,677551,2022,21,.408,.331,.340,87.3,8.2,35.1,4.6,4.9,35.8,73.1,30.1,44.2,18.2,29.1,8.4,27.8,
Rodriguez, Julio,677594,2022,21,.460,.337,.319,92,10.1,32.7,13.1,8.4,50.7,70.5,33.5,46.3,24,22.3,7.4,29.8,
Duran, Ezequiel,677649,2022,23,.317,.256,.259,85.9,9.5,24.7,4.5,6.5,31.8,72.4,39.2,50,12.3,20.8,16.9,29.1,
Thomas, Alek,677950,2022,22,.335,.277,.285,87.4,2.6,27.9,3.8,6.4,34.6,63.8,33.4,57.7,15.7,21.8,4.8,29.4,
Witt Jr., Bobby,677951,2022,22,.427,.313,.294,89.7,16.8,32.5,8.7,4.6,38.6,70.4,34.7,36.2,33.4,22.6,7.8,30.4,
Torkelson, Spencer,679529,2022,22,.378,.305,.307,90.5,15,35.4,8.4,8,41.8,67,24.7,40.7,25.9,25.9,7.6,27.8,
Vavra, Terrin,679631,2022,25,.353,.318,.348,87.5,10.7,37.5,1.4,6.9,23.6,74.7,24.9,41.7,23.6,31.9,2.8,27.1,
Palacios, Richie,680700,2022,25,.310,.277,.308,85,13.5,26.9,1.1,2.2,21.5,68.9,26.1,45.2,17.2,24.7,12.9,27.9,
Kwan, Steven,680757,2022,24,.341,.312,.348,85.1,11.8,34.6,1.4,2.6,20.8,55.1,20.2,42.6,23.6,27.9,5.9,28.4,
Duran, Jarren,680776,2022,25,.353,.282,.281,89.3,7.6,27.5,7.7,5.6,38,68.9,31.5,54.2,24.6,16.9,4.2,29.2,
Jeffers, Ryan,680777,2022,25,.424,.315,.295,88.2,18.2,35.8,13.2,11.9,42.4,66.8,25.9,37.7,33.8,21.9,6.6,26.0,
Burdick, Peyton,680814,2022,25,.387,.296,.283,90,18,35.1,10.5,8.8,38.6,77.9,29.9,31.6,33.3,22.8,12.3,28.1,
Miller, Owen,680911,2022,25,.341,.291,.307,85.8,10.1,35,3.5,5.6,31.2,62.5,34.7,43.8,22.9,26.8,6.5,29.0,
Donovan, Brendan,680977,2022,25,.365,.339,.381,87.7,6,32.7,3.4,4.9,37.7,55.7,21.4,54.3,19.1,24.4,2.2,27.2,
Stott, Bryson,681082,2022,24,.340,.284,.297,88.1,13.1,29.4,4.4,4.4,36.8,60.8,28.2,46.5,23.5,21.2,8.8,29.1,
Bride, Jonah,681146,2022,26,.300,.282,.314,86.9,11.5,31.8,1.5,9.1,31.1,47.3,25,46.2,21.2,26.5,6.1,26.9,
Carpenter, Kerry,681481,2022,24,.394,.292,.271,87.2,14.5,37.5,11.1,8.3,36.1,71.4,33,40.3,30.6,22.2,6.9,27.3,
Villar, David,681584,2022,25,.327,.285,.296,86.8,17.8,33.3,9.1,2,36.4,67,20.8,38.4,40.4,19.2,2,26.7,
Eaton, Nate,681987,2022,25,.352,.297,.307,85.8,13.6,43.8,5,7.5,27.5,73,28.4,35,27.5,31.3,6.3,29.7,
Abrams, CJ,682928,2022,21,.316,.266,.277,86.5,6.8,28.6,2.1,4.2,30.7,72.9,41.2,52.5,21,18.5,8,29.0,
Greene, Riley,682985,2022,21,.388,.316,.318,89.5,2.8,32,9.3,5,45.2,64.3,27.6,56.8,19.3,22.4,1.5,27.7,
Carroll, Corbin,682998,2022,21,.359,.293,.295,85.8,9.1,34.2,5.5,8.2,32.9,62.8,26.4,47.9,19.2,27.4,5.5,30.7,
Henderson, Gunnar,683002,2022,21,.432,.338,.341,92.4,2,25.6,9.8,6.1,53.7,66.4,17.9,57.3,15.9,23.2,3.7,29.1,
Vaughn, Andrew,683734,2022,24,.415,.319,.311,90.8,7.5,34.1,7.9,10,48.6,61.4,32.8,48,22.2,25.1,4.8,26.2,
Pasquantino, Vinnie,686469,2022,24,.476,.374,.380,91.2,12.1,34.1,8.8,7.5,46.9,68,26.5,40.7,25.2,29.2,4.9,25.6,
Massey, Michael,686681,2022,24,.450,.332,.310,89.3,16.4,35.1,13,4.6,38.2,73.5,35.6,38.9,31.3,22.9,6.9,27.1,
Grissom, Vaughn,687093,2022,21,.412,.326,.328,84.6,9,35.2,7.4,2.8,34.3,70.6,35,44.4,24.1,27.8,3.7,27.7,