player,year,player_age,xslg,xwoba,xobp,exit_velocity_avg,launch_angle_avg,sweet_spot_percent,barrel_batted_rate,solidcontact_percent,hard_hit_percent,z_swing_percent,oz_swing_percent,groundballs_percent,flyballs_percent,linedrives_percent,popups_percent,sprint_speed
"Pujols, Albert",2022,42,0.499,0.365,0.343,91.2,16.4,34.5,12,7,47.3,63.5,34.9,38,29.5,20.5,12,22.6
"Cabrera, Miguel",2022,39,0.331,0.275,0.29,89.9,5,35.2,4.7,3.7,38.2,71.3,31.5,52.5,19.6,25.9,2,23.1
"Molina, Yadier",2022,39,0.328,0.254,0.251,84.7,16.9,34.1,3.1,4.9,26,75.2,41.3,39,29.6,20.2,11.2,21.8
"Cano, Robinson",2022,39,0.299,0.237,0.239,88.2,5.8,29.3,4,4,41.3,77.3,40,54.7,18.7,20,6.7,24.3
"Suzuki, Kurt",2022,38,0.281,0.255,0.276,85.2,24.1,31,3.5,7.1,26.5,68.1,27.4,30.1,30.1,21.2,18.6,24.2
"Cruz Jr., Nelson",2022,41,0.399,0.32,0.323,90.9,7.2,28,9.3,4.5,46.1,72.4,31.1,53,19.3,22.9,4.8,25.5
"Peralta, David",2022,34,0.399,0.313,0.318,90.3,15.1,35,8.5,9.1,44.4,69.2,32.9,36.3,28.4,26.3,9.1,27.6
"Escobar, Alcides",2022,35,0.264,0.233,0.252,81.8,15.7,39.1,1.1,1.1,17.4,70.8,36.6,38,20.7,30.4,10.9,28.2
"Longoria, Evan",2022,36,0.437,0.324,0.309,91.1,18.2,33.3,12.4,10.2,46.8,62.7,26.1,37.1,29,24.2,9.7,25.2
"Blackmon, Charlie",2022,35,0.376,0.301,0.308,86.2,12.4,36.7,4.4,4,30.6,70.1,32,44.4,23.8,25.7,6.1,27.9
"Maldonado, Martin",2022,35,0.325,0.253,0.245,88.4,14.7,31.6,8.1,6,40.2,69.1,31,43.6,29.5,20.9,6,22.4
"Chirinos, Robinson",2022,38,0.281,0.245,0.255,84.8,17.6,30.8,6.9,5.4,33.1,72,31.1,40.8,25.4,20.8,13.1,23.7
"Cain, Lorenzo",2022,36,0.253,0.23,0.25,87.9,3.8,21.8,0,8.2,36.4,73.7,32.2,59.1,15.5,20,5.5,28.3
"Solano, Donovan",2022,34,0.393,0.315,0.325,88.3,10.7,36.1,5.9,6.8,41.2,66.5,32.2,45.2,23.3,27.4,4.1,25.8
"McCutchen, Andrew",2022,35,0.406,0.325,0.329,89.1,13.2,36.2,8.6,5.8,40,68.5,20.8,41.8,28.1,24.1,6.1,28.9
"Turner, Justin",2022,37,0.427,0.339,0.343,89.5,18.4,40.6,8,6.2,40.6,70.4,26.7,32.8,33.3,27.9,5.9,25
"Votto, Joey",2022,38,0.39,0.322,0.331,89.7,14.2,32.9,11.1,3.1,41.3,70.8,23,44.9,31.1,20,4,25.3
"Andrus, Elvis",2022,33,0.36,0.293,0.3,87.9,11.9,29.1,4.5,3.6,34.8,62.3,29.4,46.5,22.1,22.8,8.6,26
"Santana, Carlos",2022,36,0.438,0.352,0.361,90.7,15.4,31.6,9.3,7.2,44.9,63.9,21.7,39.1,28.4,22.6,9.9,25.7
"Belt, Brandon",2022,34,0.412,0.326,0.328,88.4,23.4,38.5,12.6,6.3,38.5,75.5,21.2,29.3,37.9,22.4,10.3,24.4
"Lowrie, Jed",2022,38,0.281,0.247,0.264,86.2,16.3,26.9,3.1,3.8,30.8,72.9,23.6,41.5,29.2,21.5,7.7,25
"Brantley Jr., Michael",2022,35,0.467,0.374,0.39,89.8,10.7,39.5,6,6.5,45.1,62.3,21.9,44.2,22.8,30.7,2.3,25.3
"Gurriel, Yuli",2022,38,0.319,0.271,0.286,88.2,14.6,30.3,1.9,4.4,35.6,63.1,34.9,41.7,24.6,23.8,9.9,26.9
"Rojas, Miguel",2022,33,0.347,0.293,0.31,86.1,10.1,33.1,1.9,5.6,27.1,66.2,30.4,47.1,19.6,26.8,6.5,26.4
"Escobar, Eduardo",2022,33,0.427,0.314,0.3,88.3,20.6,38.7,9.4,8.9,37.6,73.5,34,30.9,32.8,26.9,9.4,27.9
"Adrianza, Ehire",2022,32,0.288,0.274,0.306,84.6,12.6,30.1,1.4,1.4,21.9,62.5,26.2,50.7,17.8,20.5,11,26.5
"Pham, Tommy",2022,34,0.383,0.311,0.315,92.2,7.7,33.2,7.9,8.2,48.5,60.8,21.6,48.2,22.4,24.7,4.6,27.9
"Martinez, J.D.",2022,34,0.471,0.349,0.33,89.1,14.1,42,12.5,8.9,41.7,74.9,31.9,38.2,30.8,26.7,4.3,26.1
"Goldschmidt, Paul",2022,34,0.482,0.367,0.357,90.8,15.7,31.8,11.6,9.9,47.4,59.8,25.1,40.8,28.8,22.9,7.5,26.2
"Gonzalez, Marwin",2022,33,0.345,0.282,0.286,88,19.4,34.1,5.9,5.9,37.3,63.1,37.6,37.8,24.4,24.4,13.3,26.3
"Altuve, Jose",2022,32,0.44,0.354,0.362,85.9,16.1,35.4,7.7,6.6,29.7,64,28.6,41,25.6,23.6,9.8,28.1
"Hernandez, Cesar",2022,32,0.329,0.29,0.312,84.8,9.3,33.3,2.4,4.9,29.7,68.7,25.9,48.6,19.3,26.4,5.8,28.3
"Segura, Jean",2022,32,0.363,0.303,0.316,87.6,4.3,28.3,4.4,4,38.4,64.4,34.7,56.2,15.8,20.9,7.1,27.7
"Marte, Starling",2022,33,0.428,0.336,0.332,86.8,7.5,38.5,6.8,7,33.9,67.5,32.8,50.1,20.1,26,3.8,28
"Culberson, Charlie",2022,33,0.303,0.251,0.258,85.3,5.9,28.4,1.1,9.1,27.3,76.4,42.2,58,17,19.3,5.7,27.9
"d'Arnaud, Travis",2022,33,0.412,0.313,0.3,88.5,11.8,35,8.5,6.2,38.9,70.1,35.5,45.4,25.2,22.9,6.5,26.1
"Donaldson, Josh",2022,36,0.37,0.299,0.303,90.7,12,34.8,9.8,6.3,43.3,66.6,29.3,43.5,25.9,24.1,6.5,25.7
"Freeman, Freddie",2022,32,0.538,0.403,0.4,91.3,13.6,42.9,9.9,8.5,47.8,73.9,27.3,38.9,28.4,29.8,2.9,26.9
"Grandal, Yasmani",2022,33,0.319,0.29,0.317,90,12.1,30,4.8,6.4,40,58.6,20.8,43.6,22,27.2,7.2,22
"Heyward, Jason",2022,32,0.322,0.278,0.29,87.6,13.1,26.7,4.8,3.8,38.1,66.5,31.2,45.7,21,21,12.4,27.1
"LeMahieu, DJ",2022,33,0.403,0.344,0.369,89.2,3,32.8,5.3,6.8,41.1,53.9,24.5,54.6,17,25.6,2.8,26.4
"Moustakas, Mike",2022,33,0.307,0.27,0.281,87.6,19.4,36.1,6.1,5.6,33.9,74.2,37.4,35,25.6,23.3,16.1,25
"Rizzo, Anthony",2022,32,0.454,0.349,0.35,89.4,19.3,34.2,10.9,7.7,41,64.1,29.7,33.3,35,21.6,10.1,25.5
"Romine, Austin",2022,33,0.248,0.195,0.19,87.2,9.5,22.4,4.7,2.4,33.3,71.1,38,55.3,21.2,14.1,9.4,24.8
"Stanton, Giancarlo",2022,32,0.477,0.351,0.328,95,10.8,26.9,19.3,4.5,52.3,62.1,26.8,47,24.6,20.8,7.6,24.5
"Vogt, Stephen",2022,37,0.35,0.282,0.287,87,21,38.9,7.9,4,27.8,65.4,30.5,31,35.7,23.8,9.5,25.7
"Perez, Salvador",2022,32,0.473,0.326,0.285,91.4,17.8,34.8,11.2,8,49,77.1,43.2,36.9,34.2,21.2,7.7,25.3
"Flores, Wilmer",2022,30,0.37,0.31,0.322,87.8,20.7,35.7,6.3,5.4,35.4,66.5,26.6,34.7,31.5,24.2,9.6,25.2
"Garcia, Avisail",2022,31,0.366,0.281,0.273,88.7,2.8,27.6,6.4,8.8,44.8,82.1,40.7,56,22,19.6,2.4,28.3
"Bethancourt, Christian",2022,30,0.449,0.318,0.286,90.1,9.4,31.4,11.7,6.3,44.8,81,44.3,46.4,23.8,23.8,5.9,28.1
"Ozuna, Marcell",2022,31,0.478,0.337,0.303,89.4,16.5,31.8,13.1,4,43.8,68.2,33.4,38.4,30.7,20.7,10.2,26.6
"Villar, Jonathan",2022,31,0.283,0.247,0.262,89.6,-0.7,24.7,2.7,6.2,40.4,75.1,29.1,61.6,17.8,19.2,1.4,26.8
"Ortega, Rafael",2022,31,0.346,0.307,0.334,87.2,17.1,37.6,4.8,5.2,33.7,67.5,25.8,34.4,33.2,24.8,7.6,27
"Aguilar, Jesus",2022,32,0.393,0.298,0.288,87.7,19.1,39.7,6.9,7.7,36,64.7,36.3,32.9,30.9,26.9,9.7,23.9
"Berti, Jon",2022,32,0.358,0.306,0.322,88,4.7,30.7,5.9,5.2,37,65.5,22.3,53,21.5,22.2,3.3,29.6
"Crawford, Brandon",2022,35,0.339,0.287,0.3,88.1,12.3,31,6.7,5.4,35.1,76.2,26.2,47.3,23.6,21.7,7.3,25.3
"Cron, C.J.",2022,32,0.438,0.321,0.306,88.7,14.2,36.8,10.8,5.5,42.3,62.9,33.2,39.2,27.9,26,7,25.2
"Gomes, Yan",2022,34,0.379,0.287,0.278,85.3,9.4,37.9,3.4,6,28.9,70.5,39.1,46.4,21.3,26.8,5.5,26.3
"Grossman, Robbie",2022,32,0.305,0.281,0.307,86.7,21.1,38.5,3.5,7.7,30.4,62.9,19.3,31.8,32.2,27.6,8.4,27.9
"Harrison, Josh",2022,34,0.335,0.284,0.297,87.4,14.7,32,3.8,5.3,32.3,72.9,35.1,43.9,28.2,21.6,6.3,27.1
"Hicks, Aaron",2022,32,0.336,0.303,0.333,87.9,14.8,25.2,5.8,2.9,33.1,62.4,20.6,44.6,23.7,20.5,11.2,27.9
"Higashioka, Kyle",2022,32,0.444,0.317,0.291,90.9,17.2,36.6,9.8,4.9,48.1,72.2,28.5,36.1,28.4,25.1,10.4,25.9
"Hosmer, Eric",2022,32,0.379,0.311,0.327,88.4,3.1,29.3,5.7,5.7,39.7,67,33.8,57.1,15.1,21.5,6.3,25.8
"McCann, James",2022,32,0.414,0.311,0.298,90.2,16.3,33.8,6.9,9.2,40.8,68.9,35,36.9,30.8,26.2,6.2,26.1
"Miller, Brad",2022,32,0.344,0.269,0.264,91.1,14.1,27.5,7.8,4.6,39.9,71.7,30.1,42.5,28.1,19.6,9.8,27.1
"Nola, Austin",2022,32,0.351,0.305,0.33,89.4,12,35.4,2.4,6.7,39.7,63,20.6,42.4,24.2,27.3,6.1,26.4
"Rendon, Anthony",2022,32,0.392,0.331,0.343,89.6,18.7,42.1,8.3,6.8,37.6,68.2,18.6,35.3,30.1,26.3,8.3,26.2
"Semien, Marcus",2022,31,0.394,0.306,0.301,87.3,19.9,32.4,6.8,6.2,34.9,71.1,24.8,33.6,34,21.8,10.6,28.9
"Springer III, George",2022,32,0.438,0.342,0.342,88.7,13.9,31.8,8.4,7.2,42.3,77.4,25.6,44.3,24.4,21.8,9.6,28.3
"Vazquez, Christian",2022,31,0.375,0.301,0.306,87.9,10.7,36.1,5.1,3.6,36.4,66.5,31.9,45.2,22.6,25.9,6.3,25.5
"Wong, Kolten",2022,31,0.353,0.305,0.327,87,14,33.5,5.4,6.3,35.5,64.2,22,43.6,23.5,25.2,7.7,26
"Gregorius, Didi",2022,32,0.327,0.275,0.288,84.5,15.8,33.3,2.8,5,22.8,81.6,41.1,41.7,26.7,22.8,8.9,27.3
"Garcia, Leury",2022,31,0.325,0.258,0.258,87,6.2,30,4.2,3.3,35.6,75.9,35.9,53.3,21.7,20.8,4.2,28.4
"Vargas, Ildemaro",2022,30,0.305,0.255,0.265,87,7.4,28.2,2.1,4.3,29.3,64.7,30.7,48.9,22.9,22.3,5.9,27.1
"Grichuk, Randal",2022,30,0.37,0.281,0.271,90,8.7,27.3,6.8,6.6,43.6,69.4,32.7,50.4,26,18.1,5.5,28
"Stassi, Max",2022,31,0.325,0.266,0.268,88.6,9.5,26,9.4,4.9,39.5,66.2,21.1,52,25.6,14.8,7.6,25.6
"Trout, Mike",2022,30,0.583,0.395,0.354,91.6,24.6,37.7,19.7,7,51,64.8,22.6,25,44.7,21.3,9,29.4
"Herrera, Odubel",2022,30,0.348,0.272,0.268,86.9,4,24.3,4.9,3.5,37.5,68.6,38.5,57.6,17.4,17.4,7.6,26.9
"Almora Jr., Albert",2022,28,0.307,0.27,0.292,84,6.7,29.8,1.8,4.1,25.4,67.8,36.5,50.9,18.1,23.4,7.6,27.6
"Harper, Bryce",2022,29,0.527,0.38,0.369,92.1,11.8,37.2,12.8,6.2,47.9,82.1,35.7,42.1,25.9,29.7,2.4,27.6
"Abreu, Jose",2022,35,0.486,0.373,0.372,92.2,8,34.5,9.5,7.7,51.8,66.1,29.8,47.7,24,25.1,3.2,26
"Diaz, Elias",2022,31,0.339,0.274,0.278,88.4,11.1,28.3,5.9,5.1,39.3,72.4,33.2,47.8,22.8,21,8.5,26.1
"Narvaez, Omar",2022,30,0.293,0.268,0.294,84.7,17.7,36.7,2.4,4.8,18.4,73.5,27.8,36.2,34.8,24.2,4.8,24.1
"Suarez, Eugenio",2022,30,0.454,0.339,0.321,89.8,19.9,36.4,14.8,7.4,43.5,63.6,21.5,34.1,39.2,20.7,6,25.7
"Urshela, Gio",2022,30,0.416,0.323,0.324,88.9,11.8,38.6,7,6.6,37.6,71.2,36.1,41.7,23.8,30.1,4.4,25.8
"Schoop, Jonathan",2022,30,0.338,0.268,0.267,87,9.7,29.1,4.8,6.6,38.6,75.2,36.8,45.2,20.6,24.3,9.8,27
"Arenado, Nolan",2022,31,0.445,0.339,0.335,88.7,21.7,35.4,8.2,7.8,38.9,66.9,32.6,30.5,29,26.2,14.3,25.5
"Barnhart, Tucker",2022,31,0.264,0.244,0.269,84.5,10.1,30.3,1.9,2.9,26,65.7,25.4,54.3,17.3,21.6,6.7,23.8
"Farmer, Kyle",2022,31,0.38,0.311,0.32,85.5,12.7,37.7,4.4,6.9,33.8,64.7,36.3,45.3,23.4,25.5,5.7,26.8
"Haniger, Mitch",2022,31,0.45,0.328,0.309,91.9,18.2,31.1,11.8,8.1,47.2,65.7,26.4,37.3,29.2,23,10.6,26.9
"Hernandez, Enrique",2022,30,0.356,0.296,0.308,87.8,17.1,33.3,5.8,3.4,35,70.7,27.2,39.8,22.1,23.5,14.6,26.9
"Lamb, Jake",2022,31,0.39,0.314,0.314,91.5,15,35.6,11.9,6.8,44.1,63.5,23.8,37.3,33.9,22,6.8,26.1
"Maile, Luke",2022,31,0.301,0.263,0.278,84.5,17,33.8,5.4,6.9,25.4,65,24.3,37.7,32.3,20.8,9.2,25.5
"Muncy, Max",2022,31,0.417,0.339,0.342,90.3,20.9,34.3,13.4,10.3,45.6,60.4,16.5,32.5,39.5,20.1,7.9,27.2
"Myers, Wil",2022,31,0.373,0.288,0.285,88.5,13,37.6,7.3,7.9,37.6,61.5,29.7,41.6,26.4,26.4,5.6,28.2
"Naquin, Tyler",2022,31,0.433,0.317,0.299,90.3,14.4,39.9,9.6,6.9,40.8,79.4,37.8,40.4,29.4,24.3,6,27.7
"Piscotty, Stephen",2022,31,0.353,0.275,0.278,90.4,10.4,42.5,6.3,7.5,46.3,75.2,39,45,20,31.3,3.8,25
"Pollock, AJ",2022,34,0.419,0.317,0.305,88.8,11.6,32.9,9.4,5.8,42,74.1,34,45.3,22,23,9.6,27.8
"Taylor, Michael A.",2022,31,0.358,0.289,0.288,86.3,12.1,33.5,6.8,4.8,32.9,73.1,31.4,42.3,28.1,21,8.7,28.7
"Thompson, Trayce",2022,31,0.496,0.366,0.35,92.2,16.4,45.3,16.4,7.8,46.9,66,23.3,31.3,32,31.3,5.5,27.8
"Voit III, Luke",2022,31,0.434,0.322,0.306,89.8,18.4,34.6,14.7,8.3,44.3,78.1,30.6,34.9,34.9,24.8,5.5,24.7
"Walker, Christian",2022,31,0.484,0.359,0.343,90,17,33.3,11.5,6.5,44,67.9,23.1,39.2,30.9,21.4,8.5,26.6
"Zunino, Mike",2022,31,0.329,0.252,0.232,91.8,20.8,34.3,8.6,12.9,41.4,67.3,37.1,28.6,37.1,25.7,8.6,25.5
"Carpenter, Matt",2022,36,0.485,0.362,0.351,89.8,22.4,41.1,13.7,9.5,42.1,63.2,16.6,27.4,40,25.3,7.4,26.1
"Dickerson, Corey",2022,33,0.371,0.292,0.297,87.7,10.6,33.2,3.8,3.8,32.8,76.3,40.8,46.8,20.9,25.1,7.2,27
"Ruf, Darin",2022,35,0.371,0.31,0.321,89.2,14.8,34.5,8.6,8.2,40.5,56.8,24.1,41.8,29.7,20.7,7.8,25.7
"Yastrzemski, Mike",2022,31,0.392,0.314,0.313,89.9,19.9,36.2,11.1,5.1,42.5,63.4,22.2,34.8,31.9,23.6,9.7,27
"Contreras, Willson",2022,30,0.463,0.364,0.362,90.4,8.5,30.2,10.5,8.3,48.6,73.1,31.8,51.1,22.9,20.3,5.7,27.6
"Iglesias, Jose",2022,32,0.323,0.281,0.304,83.8,6,30.6,0.5,2.3,27.7,63.4,41.3,53.4,16.8,25.4,4.4,28.4
"Bryant, Kris",2022,30,0.426,0.344,0.352,85,13.5,31.9,6.7,3.7,29.6,72.7,24.2,38.5,34.1,22.2,5.2,27.3
"Canha, Mark",2022,33,0.362,0.323,0.351,87.7,10.9,32.2,4.9,6.8,36.6,61,24.3,46.1,24.7,23.3,6,27.5
"Casali, Curt",2022,33,0.325,0.289,0.309,87.1,25.4,35,6,6,39,71.2,23.2,28,36,23,13,24.6
"Castellanos, Nick",2022,30,0.395,0.302,0.293,87.5,14.6,36.9,6.6,6.1,35.1,76.8,39.6,42.9,28.5,22,6.6,27.7
"Drury, Brandon",2022,29,0.42,0.316,0.303,89.1,13.8,34.8,10.4,7.3,42.2,62.5,30.1,40.9,28.3,24,6.8,27
"Gamel, Ben",2022,30,0.372,0.316,0.335,88.8,11.3,38,6.2,6.2,37.6,64.9,23.7,43.4,25.9,26.3,4.4,27.9
"Judge, Aaron",2022,30,0.706,0.463,0.422,95.9,15,39,26.5,7.2,61.8,66.1,22.9,37,38.3,22.3,2.5,27.3
"Machado, Manny",2022,29,0.447,0.338,0.338,91.5,16,36.7,9.8,9.8,49,74.4,30.7,37.6,23.7,29.1,9.6,26.3
"Moran, Colin",2022,29,0.383,0.318,0.328,90.4,10.3,30.5,8.5,7.3,39,73.6,30.8,50,28,20.7,1.2,24
"Pederson, Joc",2022,30,0.502,0.367,0.348,93.2,14.8,34.2,15.1,5.6,52.1,65,29.6,37.3,33.8,22.9,6,26
"Realmuto, J.T.",2022,31,0.463,0.351,0.342,90.3,13.1,35.6,11.3,6.7,47.2,67.7,31,44.6,25.6,24.1,5.6,28.8
"Renfroe, Hunter",2022,30,0.438,0.323,0.303,90.5,17.7,32.7,10.9,6.4,43.6,66.2,31.8,37.4,30.2,21.5,10.9,27.1
"Rosario, Eddie",2022,30,0.318,0.25,0.249,87.7,15.2,32.4,5.4,5.9,33,70.2,40.4,39.5,30.3,23.8,6.5,27.6
"Yelich, Christian",2022,30,0.404,0.339,0.36,91.5,3.6,30.3,8.2,6.7,48.6,65.4,23.2,59.1,18,19.7,3.1,28.1
"Merrifield, Whit",2022,33,0.356,0.288,0.292,87.1,15.1,37.9,4.2,7.3,31.1,71.4,29.8,41.2,28.8,22.2,7.7,28.7
"Bogaerts, Xander",2022,29,0.383,0.323,0.338,88.1,10.2,30.3,6.5,4.9,39.5,63.5,29.2,46.6,21.1,25.8,6.5,27.9
"Alberto, Hanser",2022,29,0.304,0.234,0.231,82.9,10.8,30.5,1.5,6.9,18.3,76.4,47.6,50.4,26,19.8,3.8,26
"Polanco, Jorge",2022,28,0.451,0.358,0.361,89,21.7,37.7,10.2,6.3,38.7,61.1,25.2,30.6,34.9,25.4,9.2,28.2
"Calhoun, Kole",2022,34,0.382,0.294,0.284,90.8,15.4,40.4,9.8,8.6,48.2,78.4,32.3,38,26.3,27.1,8.6,25.3
"Duvall, Adam",2022,33,0.395,0.293,0.274,88.3,23.4,36.2,12.8,7.4,41,67.4,34.3,29.3,38.8,20.7,11.2,27.9
"Kiermaier, Kevin",2022,32,0.388,0.305,0.301,87.9,5.3,33.8,6.9,4.8,38.6,75.2,27.9,52.4,23.4,20.7,3.4,29.2
"Alfaro, Jorge",2022,29,0.397,0.295,0.278,89.4,8,38.5,11.2,4.3,38.5,80.8,46,47.2,23,26.7,3.1,28.7
"Profar, Jurickson",2022,29,0.359,0.315,0.34,87.5,12.9,34.7,4,4.6,34.3,64.2,23.7,44.8,22.8,25.7,6.7,26.6
"Baez, Javier",2022,29,0.378,0.285,0.272,87.9,9.6,29.7,8,4.9,38,67.9,47.5,50.6,22.9,20.4,6.1,27.9
"Cave, Jake",2022,29,0.395,0.285,0.261,90.7,14.4,38.5,10.3,9.4,42.7,73,30.6,36.8,39.3,22.2,1.7,28
"Hedges, Austin",2022,29,0.264,0.24,0.26,84.2,16.7,31.9,3.1,4.4,22.3,68.4,28.5,40.6,24,23.6,11.8,24.5
"Lindor, Francisco",2022,28,0.427,0.331,0.326,89.3,13.8,29.2,8.3,6.2,41.3,68.1,29.9,43.5,27.6,20.4,8.5,27.5
"Odor, Rougned",2022,28,0.339,0.277,0.279,87.8,21.5,30.5,6.5,5.6,33.3,72.9,30.9,32.4,29,22.7,15.9,27
"Slater, Austin",2022,29,0.429,0.351,0.363,89,6.6,43.2,10.5,6.8,39.5,67.3,26.5,53.7,19.5,25.3,1.6,28.2
"Story, Trevor",2022,29,0.397,0.301,0.29,88.9,17.8,36,11.3,7.1,40.6,69,33.1,35.1,28.9,24.3,11.7,28.5
"Stubbs, Garrett",2022,29,0.299,0.275,0.3,85.2,15.2,33.8,5.2,5.2,27.3,51.9,28,46.8,20.8,22.1,10.4,27.3
"Vogelbach, Daniel",2022,29,0.428,0.35,0.36,89.4,15.8,38.1,10.6,7.7,39.9,45.5,20.5,38.1,29.7,24.9,7.3,23.9
"Sanchez, Gary",2022,29,0.439,0.321,0.298,90.5,14,29.2,13.5,5.9,49.3,60.7,28.7,43.8,29.9,18.4,8,25.1
"Kepler, Max",2022,29,0.412,0.338,0.353,89.1,11.2,31.9,7.1,5.2,39.9,70.5,23.5,46.6,24.5,23.3,5.5,27.9
"Franco, Maikel",2022,29,0.351,0.272,0.27,87,11.5,33.1,4.7,5.7,34.4,68.3,38.5,44.5,21.1,24.1,10.4,25.5
"Choi, Ji-Man",2022,31,0.413,0.337,0.347,92.2,10.6,37.3,11.9,8.1,47.5,67.5,19.9,46.6,25,23.7,4.7,25
"Bradley Jr., Jackie",2022,32,0.33,0.268,0.273,87.6,7.4,29.4,4.8,7.4,37.2,69.7,28.6,51.3,21.2,21.2,6.3,27
"La Stella, Tommy",2022,33,0.329,0.267,0.276,87.9,14.6,37.3,2,6.5,32,53.1,27.6,39.2,24.8,28.1,7.8,24.9
"Candelario, Jeimer",2022,28,0.379,0.292,0.284,87.2,13.5,37,8.3,4,34.6,74.5,33.6,42.6,24.1,24.4,9,27.3
"Daza, Yonathan",2022,28,0.351,0.308,0.333,84.8,4.6,34.1,1.9,2.5,25,66.1,35.7,55.6,17.8,24.4,2.2,28.2
"Urias, Ramon",2022,28,0.42,0.32,0.309,89.4,11,32.1,9.6,5.4,46.5,70.8,29,47.8,24.4,20.5,7.4,26.7
"Anderson, Brian",2022,29,0.379,0.309,0.317,88.7,7.7,31.1,9.7,4.2,42,73.9,29,51.3,22.3,21.4,5,27.5
"Barnes, Austin",2022,32,0.329,0.298,0.323,87.4,13.6,31,4.8,5.5,35.2,65.9,15.3,43.4,29,20,7.6,26.6
"Bell, Josh",2022,29,0.424,0.349,0.369,88.9,8.4,30.7,7.2,3.7,40.8,68.8,24.9,50.7,19.7,24.1,5.7,26.2
"Betts, Mookie",2022,29,0.465,0.344,0.327,90.5,18.6,36.2,9.7,8.7,44.9,66.9,22.2,33.7,35.6,23.1,7.6,27.3
"Caratini, Victor",2022,28,0.35,0.309,0.332,89.4,6.6,30,6.3,5.3,43.5,60.9,23.8,50.2,19.8,25.1,4.8,24.9
"Davis, J.D.",2022,29,0.471,0.353,0.338,92.4,12.3,34.8,16.2,5.6,56.1,76.8,25.4,46,22.7,25.3,6.1,26.5
"Garcia, Aramis",2022,29,0.314,0.247,0.246,87.5,19.6,35.5,2.6,6.6,36.8,73.2,31.1,36.8,22.4,28.9,11.8,26
"Machin, Vimael",2022,28,0.343,0.301,0.323,89.3,10.2,36.3,3.9,7.3,39.1,65.5,26.5,44.7,27.4,25.7,2.2,25.5
"Perez, Michael",2022,29,0.359,0.276,0.266,88.8,18.3,35.6,7.8,8.9,36.7,59.7,28,35.6,33.3,21.1,10,24.4
"Zimmer, Bradley",2022,29,0.268,0.225,0.22,87,10.5,21.3,11.5,1.6,34.4,68.9,33.2,54.1,27.9,13.1,4.9,29.2
"Castro, Harold",2022,28,0.423,0.316,0.305,87,11.4,41.6,6.1,7.8,33.3,69.3,39.8,44.2,25.7,27.5,2.6,26.2
"Arcia, Orlando",2022,27,0.421,0.329,0.327,90.7,11.7,30,7.5,8.1,42.5,63.7,27,47.5,28.1,18.8,5.6,26.5
"Tapia, Raimel",2022,28,0.366,0.286,0.284,87.6,4,27.5,5.1,3.3,38,70.3,42.3,54.2,18,24.3,3.6,28.2
"Aquino, Aristides",2022,28,0.317,0.243,0.231,85.6,17.4,27.2,8.2,1.9,34.6,76.4,39.3,39.9,27.2,17.1,15.8,28.8
"Hernandez, Teoscar",2022,29,0.501,0.351,0.314,92.6,11.6,36.3,15,7.5,53.3,69,30.3,44.4,25.6,24.8,5.2,28.6
"Marte, Ketel",2022,28,0.377,0.315,0.333,90.1,13.5,31.6,6.1,5.8,41.9,65.7,28.1,43.2,25.3,24.5,7.1,27
"Haase, Eric",2022,29,0.399,0.302,0.292,87.7,17,32.3,8.7,7.9,42.4,70.3,35.4,39.7,24.5,25.8,10,27.9
"Nimmo, Brandon",2022,29,0.409,0.342,0.357,89.4,6.1,28.1,7,3.6,39.8,64.8,21.2,51.7,20.6,21.7,6,28.7
"Peterson, Jace",2022,32,0.366,0.303,0.316,88.6,9.7,33.7,7.2,5.3,36.1,57.8,23.4,46.6,26,24.5,2.9,28.5
"Turner, Trea",2022,29,0.432,0.335,0.327,88.9,10.2,35.3,7.6,6.5,41.6,72.4,33.1,43.5,26.2,24.7,5.7,30.3
"Stallings, Jacob",2022,32,0.312,0.274,0.292,86.7,12.9,33.5,3.4,6,32.3,62,26,42.9,27.4,21.4,8.3,23.7
"Ramirez, Jose",2022,29,0.408,0.32,0.337,87.7,20.7,33.7,6.6,6.4,36.9,66.4,28.7,32.6,28.6,24.6,14.2,28.5
"Bregman, Alex",2022,28,0.416,0.35,0.369,88.9,19.5,36.2,7.3,9.4,37.8,65.8,17.8,33.5,32.6,24.5,9.4,26.6
"Gallo, Joey",2022,28,0.373,0.295,0.288,89.6,23.8,29.3,17.6,8,50.5,70.1,27.5,28.2,39.4,20.2,12.2,27.1
"Kelly, Carson",2022,27,0.345,0.288,0.298,87.7,14.7,33.2,5.2,7.2,36.8,62.8,24.3,40.8,28.4,22.8,8,25.7
"Seager, Corey",2022,28,0.51,0.372,0.354,91.1,13.6,38.4,10.5,9.9,45.5,80.7,30.5,40.2,30.3,25.9,3.6,26.1
"Winker, Jesse",2022,28,0.403,0.345,0.369,87.7,16.8,32,7.6,3.1,34.3,68.1,18.8,38.8,28.9,22.5,9.8,25.4
"Mazara, Nomar",2022,27,0.357,0.294,0.303,86.1,17.6,35.3,4.2,8.4,32.8,65,29.7,36.1,29.4,26.9,7.6,26.3
"Plawecki, Kevin",2022,31,0.299,0.268,0.294,89.3,11.4,28.3,0,6.5,37.7,64.9,28.6,47.8,21,25.4,5.8,24.8
"Refsnyder, Rob",2022,31,0.472,0.374,0.371,89.9,13.1,49.1,10.9,11.8,44.5,58.9,25.2,37.3,24.5,34.5,3.6,27.1
"Reynolds, Matt",2022,31,0.305,0.272,0.294,90.2,5.6,36.5,3,9,42.4,58.9,25.5,51.5,20.4,26.3,1.8,27.4
"Meneses, Joey",2022,30,0.457,0.332,0.315,91.4,9.5,39,9.9,5.8,47.1,66.6,30.4,47.7,23.8,25.6,2.9,25.8
"Andujar, Miguel",2022,27,0.351,0.281,0.281,84.4,9.2,34.3,3.7,4.6,31.5,66,39.6,40.7,19.4,28.7,11.1,27.4
"Vosler, Jason",2022,28,0.376,0.312,0.326,84.7,15.2,41.4,4.3,8.6,25.7,64.3,31.4,37.1,22.9,30,10,26.7
"Cordero, Franchy",2022,27,0.402,0.313,0.31,89.7,12.7,39,12.3,10.4,45.5,69.7,30.8,39.6,27.9,26.6,5.8,28.6
"Reyes, Franmil",2022,26,0.358,0.275,0.259,92,9.9,27.8,11.3,8.5,45.8,68.4,28.4,47.9,22.9,22.2,7,26
"Torrens, Luis",2022,26,0.333,0.284,0.299,90.3,8.9,34,4.9,4.9,46.6,66.5,25.8,46.6,17.5,30.1,5.8,26
"Swanson, Dansby",2022,28,0.461,0.337,0.314,90.2,15.7,37,10.8,8,46.3,72.4,26.4,38.3,29.4,26.8,5.4,28.4
"Newman, Kevin",2022,28,0.332,0.285,0.304,85.8,13.1,31.7,1.6,3.3,27.2,64.9,31.2,44,18.9,28,9.1,27.9
"Taylor, Chris",2022,31,0.34,0.277,0.282,87.4,20.4,40.8,10.2,6.1,38,75.2,23,32.2,32.7,28.6,6.5,28.5
"Correa, Carlos",2022,27,0.484,0.363,0.353,89.9,11.6,35.3,11.4,5.7,44.7,63.3,26.9,42,25.9,25.7,6.4,27.1
"Phillips, Brett",2022,28,0.244,0.22,0.23,88.5,22.8,32.1,4.5,5.4,29.5,63.9,22.6,33.9,30.4,23.2,12.5,28.9
"Taylor, Tyrone",2022,28,0.412,0.307,0.289,88,16.9,34.7,9.9,7.3,37.6,68.8,32.3,38.3,33.2,21.5,6.9,28.5
"Buxton, Byron",2022,28,0.509,0.358,0.323,92.9,21.4,34.2,16.4,7.1,50.2,66.2,26.8,30.7,36,21.3,12,29.1
"Bolt, Skye",2022,28,0.321,0.258,0.256,89.2,9.3,29.9,5.2,3.9,35.1,67.4,27.9,48.1,24.7,22.1,5.2,27.8
"Ward, Taylor",2022,28,0.474,0.361,0.352,90,15.8,41.8,12.4,7.4,42.9,62.3,20.6,35.5,31.3,27.1,6.1,28.4
"Nido, Tomas",2022,28,0.377,0.287,0.279,86.3,8.3,40.1,6.3,8.1,33.3,81.6,42.1,53.2,19.4,24.8,2.7,25.6
"Wisdom, Patrick",2022,30,0.38,0.295,0.284,90.7,21,29.8,14.2,6.2,46.3,70.5,26.4,34.9,31.8,20.4,12.8,27.8
"Wendle, Joey",2022,32,0.331,0.276,0.289,87.5,3,27.9,1.7,5,36.2,66.6,39.8,55.1,19.3,23.3,2.3,27.3
"Olson, Matt",2022,28,0.467,0.347,0.334,92.9,16.1,33.8,13.6,7.6,50.9,73.9,28.5,39.6,28.4,22,10,26.3
"Duffy, Matt",2022,31,0.333,0.28,0.293,87.1,9.9,38.8,2.8,5.1,25.8,64.3,25.5,46.1,25.8,25.3,2.8,26.8
"Margot, Manuel",2022,27,0.357,0.299,0.316,89.5,10.2,30.9,3.7,3.7,37.9,74.4,32.6,46.1,17.5,26.8,9.7,27.9
"Camargo, Johan",2022,28,0.309,0.267,0.286,86.4,11.6,37.1,2.6,2.6,27.6,68.1,33.8,43.1,22.4,26.7,7.8,24.8
"Reyes, Victor",2022,27,0.368,0.292,0.297,87.9,10.9,35.5,5,5,36.8,71.5,42.6,45.5,19.4,28.5,6.6,27.5
"Mateo, Jorge",2022,27,0.344,0.272,0.269,86.8,14.8,35.5,6,5.7,32.7,72.6,36.6,38.6,25.9,26.7,8.8,30.1
"Heineman, Tyler",2022,31,0.293,0.273,0.305,82.7,19.9,34,0,0.7,13.2,73.5,36.5,39.6,25.7,22.2,12.5,26.7
"Velazquez, Andrew",2022,27,0.312,0.246,0.243,88,8.2,33,6.6,6.6,34,76.8,29.3,50.9,24.5,20.3,4.2,29.2
"Bote, David",2022,29,0.354,0.289,0.293,92.4,7.9,34.7,6.9,8.3,55.6,61,28,48.6,11.1,30.6,8.3,26.7
"Ramirez, Harold",2022,27,0.387,0.314,0.324,88.5,4.8,32.2,4.8,6.6,41.2,72.6,42,51.9,16.4,26.3,5.4,28.1
"Santander, Anthony",2022,27,0.471,0.352,0.335,90.1,21.4,33.5,11.6,8.1,43.3,65.5,32.5,32.2,28.7,23.4,15.8,26.4
"Alonso, Pete",2022,27,0.489,0.354,0.346,89.8,18.2,34.5,12.3,4.8,44.8,70.9,33.5,36.4,30.5,23,10,25.6
"Arroyo, Christian",2022,27,0.43,0.33,0.33,88.9,9.1,34.9,6.4,4.3,42.1,76.8,40,47.2,19.1,27.7,6,27.8
"Biggio, Cavan",2022,27,0.319,0.288,0.311,87.9,19.6,36.2,6.9,8.6,32.8,62.4,16.4,35.6,37.4,19.5,6.9,28.5
"Frazier, Adam",2022,30,0.339,0.297,0.324,85.1,13.6,37.7,1.5,4,24.5,68.4,28.8,41.8,23.8,27.8,6.5,26.8
"Trevino, Jose",2022,29,0.364,0.281,0.275,87.9,13,31,5.1,4,35,60.7,40,40.9,27.7,23.4,8,25
"Gordon, Nick",2022,26,0.464,0.333,0.308,90.6,12.5,36.6,9.4,8.1,44.7,78.6,39.2,42.1,29.8,25.6,2.6,27.8
"McGuire, Reese",2022,27,0.326,0.267,0.276,87,14.1,33.2,2.5,5.9,29.7,66.2,38.1,42.1,20.3,28.2,9.4,26
"Soler, Jorge",2022,30,0.421,0.322,0.312,91.2,13.7,33.1,12.2,6.6,43.6,69.2,25.8,43.1,27.6,21,8.3,26.9
"Sosa, Edmundo",2022,26,0.35,0.286,0.291,86.8,11.4,34.4,5.5,6.3,29.7,69.8,45.6,46.9,20.3,26.6,6.3,29.5
"Hernandez, Yadiel",2022,34,0.407,0.31,0.293,88.8,3.5,35.6,8.6,7.7,42.1,72.9,31.5,50.6,23.2,25.3,0.9,25.6
"Ibanez, Andy",2022,29,0.344,0.272,0.27,88.3,14.9,29.6,6.1,8.2,39.8,71,24.6,43.9,29.6,12.2,14.3,27.5
"Cronenworth, Jake",2022,28,0.356,0.303,0.319,87.6,18.2,32.3,5.6,6.9,34.1,60,21.6,36.2,34.1,21.1,8.6,28.2
"Meadows, Austin",2022,27,0.46,0.38,0.398,87.8,17.2,34.2,6.3,6.3,39.6,62.8,21.1,37.8,24.3,27,10.8,27.2
"Mercado, Oscar",2022,27,0.35,0.258,0.239,86.3,22.2,33.3,6.5,6.5,29,81.1,32.8,32.3,35.5,18.3,14,28.3
"Pinder, Chad",2022,30,0.38,0.28,0.263,87.5,9.7,33.3,6.5,7.3,40.7,75.4,30.1,50,20.7,22.8,6.5,25.9
"Azocar, Jose",2022,26,0.317,0.272,0.285,88.3,9.4,31.3,2.5,5,30.6,76,38.4,51.2,24.4,21.3,3.1,29.5
"Anderson, Tim",2022,29,0.438,0.34,0.34,88.2,3.3,37.5,5.8,5.4,41.2,75.8,41.6,55.2,17,27.4,0.4,28.3
"Bellinger, Cody",2022,26,0.354,0.278,0.271,89.4,20.3,34.4,8.3,5.8,38.1,68.2,31.7,35.6,32.8,22.2,9.4,28.1
"Collins, Zack",2022,27,0.317,0.257,0.256,91,20.1,35.1,8.8,5.3,40.4,64.8,18.9,28.1,40.4,24.6,7,24.2
"Crawford, J.P.",2022,27,0.337,0.315,0.353,85.1,8.9,32.4,2,4.7,29.7,61.9,20.5,46.5,18.2,27.2,8.1,26.8
"Delay, Jason",2022,27,0.251,0.23,0.253,84.9,15.7,31.1,1.9,1.9,28.3,74.6,31.4,41.5,22.6,26.4,9.4,26.1
"Dozier, Hunter",2022,30,0.387,0.301,0.297,88.5,13.1,33.1,7.7,5,38.5,71.5,33,42.9,24,25.1,8,27.9
"Engel, Adam",2022,30,0.287,0.246,0.264,87.9,15,30.8,1.8,5.3,33.1,67.7,28.1,38.5,23.7,27.8,10.1,29.1
"Fraley, Jake",2022,27,0.417,0.333,0.338,85.1,13.8,33.5,7.3,5.5,27.6,68.8,25,43.3,28,23.2,5.5,28
"Garver, Mitch",2022,31,0.405,0.319,0.313,88.9,18.4,37.2,8.8,11.7,38.7,61.4,21.9,34.3,38,21.2,6.6,26.3
"Guillorme, Luis",2022,27,0.335,0.302,0.335,86.2,4.3,35.6,2.4,2.8,24.9,57.4,21.3,56.9,14.6,27.3,1.2,25.9
"Hampson, Garrett",2022,27,0.29,0.261,0.282,86.5,10.2,29.8,4.3,4.3,27.7,60.2,27.9,52.5,19.9,22,5.7,29.5
"Heim, Jonah",2022,27,0.361,0.291,0.296,89.3,17,29.6,6.9,5.9,39.9,73,29.6,38.9,30.8,20.9,9.3,26
"Leblanc, Charles",2022,26,0.368,0.285,0.278,87.3,16.9,36.9,8.7,5.8,32,62.5,27.5,37.9,28.2,25.2,8.7,28
"Mancini III, Trey",2022,30,0.41,0.327,0.328,89.5,12.7,39.6,9.8,10.3,40.4,67.3,30.1,40.6,27.8,25.4,6.2,25.6
"McMahon, Ryan",2022,27,0.423,0.33,0.329,91.7,10.8,36.4,10.4,6.7,46.5,63.4,25.4,44.7,27.5,26.2,1.6,25.8
"Neuse, Sheldon",2022,27,0.291,0.254,0.272,89.1,1.5,23,3.1,2.6,38.2,70.2,31.4,62.8,15.2,20.4,1.6,26.4
"O'Neill, Tyler",2022,27,0.423,0.331,0.324,89.8,13.6,36.6,11.3,6.7,43.3,68,25.9,42.4,25.2,25.2,7.1,29.8
"Smith, Dominic",2022,27,0.36,0.293,0.299,89.6,10.9,28.3,7.1,7.1,46.5,67,26,47.5,28.3,20.2,4,26.3
"Tellez, Rowdy",2022,27,0.479,0.349,0.337,91.1,15.3,31.4,12.9,7.3,46,61.2,27,39.7,29.9,20.4,10,23.8
"VanMeter, Josh",2022,27,0.341,0.288,0.301,88.1,14.3,37.5,4.7,7,33.6,54.6,13.7,39.1,32,25,3.9,26.1
"Wade, Tyler",2022,27,0.278,0.248,0.267,83.9,11.5,37,1.7,3.4,16,67.2,25.9,49.6,20.2,24.4,5.9,29
"White, Eli",2022,28,0.293,0.255,0.261,86.4,21.5,30.8,4.6,9.2,29.2,67.7,23.6,41.5,29.2,18.5,10.8,30.1
"Mejia, Francisco",2022,26,0.329,0.262,0.265,86.8,15.7,39.1,2.7,5.8,28,73,51.3,36.9,26.2,28.9,8,26.9
"Siri, Jose",2022,26,0.323,0.261,0.262,87.2,15.4,35.1,6.2,5.2,33,69.3,36.4,43.3,25.8,19.6,11.3,30.4
"Rosario, Amed",2022,26,0.396,0.31,0.308,88.4,5,31.1,4.5,5.5,38.3,66.9,40,52.5,16.8,25.7,5.1,29.5
"Adames, Willy",2022,26,0.451,0.323,0.299,88.9,18.9,36.4,13,6.5,43.6,71.2,29.8,34.2,33.4,22.7,9.7,27.8
"Alcantara, Sergio",2022,25,0.291,0.244,0.254,86.6,13.5,32.5,1.9,3.9,32.5,58.8,26.4,45.5,30.5,20.8,3.2,27.6
"Estrada, Thairo",2022,26,0.352,0.299,0.312,86.2,8.1,31.6,4.4,4.7,31.1,67.2,32.3,51.4,20.5,21,7.2,28.3
"Wynns, Austin",2022,31,0.318,0.267,0.279,84.1,10.4,31.7,4,4,27,54.6,31.3,46.8,23,23.8,6.3,24.9
"Benintendi, Andrew",2022,27,0.407,0.334,0.347,89.2,12.6,39.2,5.1,6.2,38.7,73.2,22.7,43.8,26.7,25.9,3.6,27.5
"Cooper, Garrett",2022,31,0.436,0.341,0.338,89.6,8.8,39,10.7,8.3,43.7,61,30.3,45.3,25,28.7,1,26.2
"Dubon, Mauricio",2022,27,0.331,0.272,0.28,84.7,16.7,28.1,2.3,5.9,29.9,72.7,38.2,39.4,31.7,20.4,8.6,28.2
"Jansen, Danny",2022,27,0.514,0.368,0.344,90.4,22.2,34.7,13.1,6.3,46.6,67.4,21,33.5,32.4,18.8,15.3,27.5
"Kemp, Tony",2022,30,0.291,0.267,0.294,84.4,15,33.9,1.6,4.1,14.9,68.4,29.4,43.3,24.3,22.9,9.4,26.2
"Kiner-Falefa, Isiah",2022,27,0.333,0.29,0.317,86.2,4.3,29.6,1.2,4.3,30.1,58,30.8,55.8,14.8,23.6,5.7,28.4
"McNeil, Jeff",2022,30,0.389,0.323,0.341,86.9,12.8,39,2.7,5.2,30.2,77.6,29.2,41.3,22.9,30,5.9,27.4
"Schwindel, Frank",2022,30,0.351,0.278,0.281,88.1,10.2,31.6,4.7,7.9,35.5,73.8,36.8,47.4,21.9,23.3,7.4,25.6
"Chang, Yu",2022,26,0.357,0.29,0.294,88.8,14.3,35.1,9,5.4,36.9,67.6,28.3,41.4,28.8,25.2,4.5,28.4
"Albies, Ozzie",2022,25,0.387,0.297,0.29,87.1,16.9,34.8,5.4,6.9,26.5,81.2,42.6,38.7,31.9,21.1,8.3,27.5
"Robles, Victor",2022,25,0.28,0.244,0.256,84.6,15.8,29.2,3.2,3.2,23.8,73.1,33,45.8,19.9,23.1,11.2,28.7
"Herrera, Jose",2022,25,0.18,0.186,0.215,84.7,3,23.5,0,0,11.1,60.5,22.8,65.4,11.1,17.3,6.2,25.3
"Ford, Mike",2022,29,0.302,0.278,0.306,88.7,18.1,37.4,3.3,7.7,33,52.5,20.6,33,28.6,28.6,9.9,24.2
"Devers, Rafael",2022,25,0.497,0.361,0.348,93.1,11.3,33.1,11.5,7.7,50.9,76.3,36.2,42.3,23.9,26.4,7.4,25.5
"Naylor, Josh",2022,25,0.43,0.327,0.323,89.4,10.3,28.9,8.6,6.4,42.8,72.8,32.9,49.5,22.5,20.9,7.2,25.3
"Toro, Abraham",2022,25,0.372,0.284,0.277,87,16.7,31.2,6.8,4.6,29.7,64.1,30.9,38.8,35,18.3,8,28
"Diaz, Aledmys",2022,31,0.396,0.308,0.306,86.6,12.4,30.3,6.3,5.9,36.8,74.2,33,39.8,24.4,28.3,7.5,27.7
"Urias, Luis",2022,25,0.398,0.326,0.335,87.3,18,34.3,8.3,5.4,35.3,63.2,23.3,36.5,34,21.8,7.7,26.4
"Diaz, Lewin",2022,25,0.262,0.219,0.223,88.3,15.6,29.6,5.6,4.6,28.7,60,33.5,37,35.2,21.3,6.5,24.6
"Arraez, Luis",2022,25,0.408,0.333,0.35,88.9,12.9,38.7,3.6,5.7,30.2,63.2,24.1,41.2,25.4,29.8,3.6,26.8
"Jimenez, Eloy",2022,25,0.512,0.365,0.335,92.8,7.4,31.7,14.7,8.5,54.9,71.7,32.2,50,25.4,21.9,2.7,25.7
"Torres, Gleyber",2022,25,0.441,0.319,0.298,90.4,17.5,36.2,10.7,8.5,45.3,71.9,27.7,35.9,32.7,24.2,7.2,26.9
"Castro, Willi",2022,25,0.339,0.29,0.304,84.8,13.9,35.5,3.5,4.2,31.4,77.2,39.8,42.9,24.4,23.7,9.1,28.4
"Diaz, Yandy",2022,30,0.424,0.365,0.395,92.2,7.7,30.7,4.8,8.9,49,63.6,19.6,50,19.6,24.4,6,27.1
"De La Cruz, Bryan",2022,25,0.498,0.355,0.327,90.8,9.8,43.6,11.9,6.2,47.3,70.7,31.1,42.4,24.7,30.5,2.5,27.8
"Rengifo, Luis",2022,25,0.392,0.296,0.285,86.9,9.9,31.1,5.4,4.9,33.6,77.3,34.9,48.2,23.6,21.2,7.1,27.9
"Adams, Riley",2022,26,0.354,0.276,0.267,90.2,13.5,25,9.4,9.4,45.8,58.7,34,44.8,28.1,18.8,8.3,26.7
"Allen, Greg",2022,29,0.246,0.229,0.251,87.6,8.5,25,2.5,5,32.5,69.3,23.7,55,22.5,17.5,5,28.1
"Chapman, Matt",2022,29,0.44,0.341,0.331,92.2,19,34,12.9,8.8,51.2,64.2,19.2,34.6,30,22.3,13.1,28.4
"Chavis, Michael",2022,26,0.336,0.261,0.256,85.4,11.1,33,7.5,6.1,38.7,76.7,39.1,44.8,21.9,24.4,9,28.9
"Fairchild, Stuart",2022,26,0.396,0.317,0.313,88.9,13.3,31.7,9.5,7.9,41.3,75.3,18,44.4,33.3,15.9,6.3,29
"Hilliard, Sam",2022,28,0.361,0.303,0.312,92,13.4,27.7,9.2,9.2,48.7,67.5,20.1,44.5,26.1,21,8.4,28.7
"Hoskins, Rhys",2022,29,0.445,0.338,0.327,90.1,18.1,37.3,11.1,5.9,44.3,60.7,23.2,36.3,33,22.9,7.8,25.9
"Joe, Connor",2022,29,0.34,0.311,0.342,85.3,10.6,35.1,4.5,3.9,33.8,58.5,21.7,47.1,19.5,26.3,7.1,26.8
"Luplow, Jordan",2022,28,0.351,0.288,0.293,87.2,17.7,24,7.5,4.8,32.9,72.2,24.3,41.1,32.9,14.4,11.6,27.8
"McKinstry, Zach",2022,27,0.342,0.288,0.3,86.4,12.9,41.4,4.3,6,30.2,66.2,28.4,39.7,25,31,4.3,28.3
"Mullins II, Cedric",2022,27,0.349,0.288,0.297,88.8,17.4,29.3,4.9,5.9,37.3,71.2,29.9,41,26.4,21.1,11.5,28.4
"O'Hearn, Ryan",2022,28,0.425,0.327,0.321,92.1,13.4,38,7,11,48,67.9,30.4,46,21,28,5,27.3
"Rivera, Emmanuel",2022,26,0.41,0.31,0.296,90.4,9.8,32.3,9.3,6,38.3,72.6,28.1,49.2,26.2,20.6,4,26.9
"Schwarber, Kyle",2022,29,0.535,0.375,0.341,93.3,19.2,35.4,20.1,8.7,54.4,60.6,21.7,34.3,33.8,20.6,11.3,26.4
"Smith, Pavin",2022,26,0.379,0.304,0.3,87.9,15.2,28.7,9.9,3.3,35.9,55.9,24.1,43.6,29.8,17.7,8.8,26.5
"Thomas, Lane",2022,26,0.357,0.286,0.286,86.4,12.5,32.6,6.5,5.7,34.5,61.4,26.1,45.3,21.3,21,12.4,29.4
"Verdugo, Alex",2022,26,0.428,0.329,0.327,89.1,8.4,37.8,6,7.6,38.2,64,24.9,46.2,23,26.5,4.3,26.8
"DeJong, Paul",2022,28,0.327,0.267,0.267,87.6,21.7,25.6,9.8,5.3,37.6,70.7,27.9,32.3,34.6,21.8,11.3,27.8
"Laureano, Ramon",2022,27,0.402,0.307,0.294,88.7,14.9,28.9,11.6,4.1,38.4,64.2,28.8,43.4,30.2,18.6,7.9,27.6
"Papierski, Michael",2022,26,0.204,0.217,0.253,77.4,12.2,28.4,0,3,9,56.1,29.7,47.8,19.4,19.4,13.4,24.8
"Sheets, Gavin",2022,26,0.359,0.283,0.281,88.6,14.8,32.3,6.5,6.1,36.1,63.7,33.2,41.2,24.8,23.5,10.5,26.6
"Olivares, Edward",2022,26,0.433,0.339,0.339,89.2,6.6,34.9,6.3,5.6,38.9,70.1,33.3,47.6,19.8,28.6,4,28.6
"Moncada, Yoan",2022,27,0.375,0.289,0.282,88.7,15.7,35.1,9.8,6.3,37.5,66,28.1,39.3,32.6,21.1,7,27.4
"Ohtani, Shohei",2022,27,0.552,0.385,0.361,92.9,12.1,35,16.8,5.6,49.8,72.1,28.4,43,30.1,23.6,3.3,28.3
"Tsutsugo, Yoshi",2022,30,0.285,0.254,0.275,88.8,10.1,32.3,5.6,3.2,36.3,64.8,25.5,47.6,23.4,22.6,6.5,26
"Castillo, Diego",2022,24,0.389,0.292,0.273,89.1,14.6,37.7,9.9,8.4,38.7,57.1,30.4,41.4,34,20.4,4.2,27.3
"Brujan, Vidal",2022,24,0.256,0.236,0.256,86.1,14.2,30.4,2.7,2.7,27.7,71.3,31.9,46.4,22.3,21.4,9.8,28.5
"Garcia, Dermis",2022,24,0.324,0.244,0.227,86.5,12.2,27.9,13.1,1.6,42.6,77.7,29.4,45.9,26.2,18,9.8,27.4
"Acuna Jr., Ronald",2022,24,0.486,0.366,0.358,91.2,10.8,32.8,12.8,6.1,49.7,73.5,24.3,47.7,24.7,21.2,6.4,28.5
"Ruiz, Keibert",2022,23,0.403,0.328,0.338,88,14.9,36.3,3.7,7.5,32.3,72.1,31.4,40.6,25.1,28.2,6.1,25.3
"Montero, Elehuris",2022,23,0.338,0.26,0.251,89.8,13.2,34.5,8.6,6.9,39.7,70,35.9,36.2,28.4,28.4,6.9,26.9
"Gonzalez, Oscar",2022,24,0.422,0.32,0.313,88.6,5.4,32.5,7.3,4.8,40.1,74.3,46.6,49.8,18.3,26.6,5.2,28.9
"Yepez, Juan",2022,24,0.394,0.286,0.263,86.5,17.1,33.2,9.2,5.6,33.7,73.6,37.1,37.8,31.1,19.9,11.2,26.8
"Sanchez, Jesus",2022,24,0.383,0.298,0.29,89.5,11,25.7,9.9,3.2,40.5,66.6,32.7,46.8,26.6,19.4,7.2,27.3
"Contreras, William",2022,24,0.479,0.347,0.323,90.4,6.1,31.9,13.4,4.7,46.6,62.8,28.8,53.4,24.6,18.5,3.4,27
"Serven, Brian",2022,27,0.291,0.254,0.271,84.5,12.5,32.9,2.7,4.1,29.5,72.9,36.8,45.2,18.5,26,10.3,26.5
"Varsho, Daulton",2022,25,0.389,0.298,0.285,87.7,14.9,33.6,10.2,8.4,35.6,69.1,30.5,42.7,29.8,19.6,7.9,28
"Nootbaar, Lars",2022,24,0.414,0.346,0.36,91.7,10.7,30.4,12.1,4.9,46,58.6,21,46,25,23.7,5.4,28.2
"Nevin, Tyler",2022,25,0.326,0.293,0.316,87.3,17.7,34.2,3.5,5.3,37.7,69,23.7,39.5,28.1,25.4,7,25.6
"Hoerner, Nico",2022,25,0.366,0.301,0.318,87.2,10.7,32.6,2.6,4.7,33.5,65.1,33.7,46.5,24.2,23.5,5.9,29.1
"Riley, Austin",2022,25,0.531,0.378,0.349,92.5,12.9,37.7,15.7,8.4,50.8,75.3,30.1,39,28.8,26.2,6,27.8
"Madrigal, Nick",2022,25,0.312,0.283,0.313,85.9,-0.2,26.6,0,1.6,24.6,59.7,28.5,62.5,9.8,23.9,3.8,27.4
"Larnach, Trevor",2022,25,0.442,0.322,0.303,90.1,13.1,36.2,11.4,10.5,43.8,59.5,25.1,41.9,36.2,18.1,3.8,27
"Mountcastle, Ryan",2022,25,0.509,0.362,0.332,91.3,15.9,39.5,15,4.7,46.3,79.1,37.8,37.3,32.1,25.7,4.9,27.5
"McKenna, Ryan",2022,25,0.331,0.267,0.271,86.7,15.4,37.5,9.6,3.8,30.1,72.3,28.8,43.3,25,25,6.7,29.4
"Hayes, Ke'Bryan",2022,25,0.354,0.303,0.321,91,5.2,30.6,3.9,6.2,46.8,61.2,27.1,49.6,17.7,27,5.7,27.9
"Tucker, Kyle",2022,25,0.482,0.353,0.336,90,19,34.4,10.2,10.2,42.4,80.2,26.1,34.4,37.7,22,6,26.6
"India, Jonathan",2022,25,0.353,0.301,0.318,85.1,14.5,36,4.8,4.5,28.8,56.9,24.5,41.8,25.7,23.6,8.9,27.7
"Bart, Joey",2022,25,0.37,0.296,0.292,87.3,16.3,32.2,10.1,6,43,63.4,31,44.3,24.2,22.1,9.4,27.1
"Raleigh, Cal",2022,25,0.461,0.324,0.29,90.9,22.5,36,15.4,8.7,43.5,77.6,31.1,29.2,41.5,20.2,9.1,26.8
"Fortes, Nick",2022,25,0.398,0.319,0.322,89.3,15.4,30.2,7,5.2,37.8,64.7,25.3,39.5,29.1,20.3,11,27.9
"Grisham, Trent",2022,25,0.354,0.295,0.302,88.3,15.1,25.5,8.1,5.8,35.5,56.1,20.7,46.1,30,14.8,9,28.8
"Vierling, Matt",2022,25,0.408,0.327,0.331,91.2,12,35.2,5,7.7,47.1,59.9,28.3,41.4,23.4,27.6,7.7,29.6
"Rivas III, Alfonso",2022,25,0.308,0.281,0.309,86.9,4.9,34.7,4.2,3,35.3,62,22.5,52.1,19.2,26.3,2.4,26.2
"Gonzalez, Romy",2022,25,0.359,0.265,0.248,91.2,3.3,29.9,9,4.5,49.3,70.2,35.6,58.2,26.9,13.4,1.5,28.5
"Stephenson, Tyler",2022,25,0.394,0.318,0.323,87.1,11.1,46.3,6.6,7.4,34.7,62,25.1,40.5,18.2,36.4,5,26.5
"Williams, Luke",2022,25,0.272,0.233,0.251,83.3,16.7,36.1,3.6,4.8,22.9,71.1,30,41,21.7,24.1,13.3,28.8
"Rodgers, Brendan",2022,25,0.404,0.326,0.33,90,4.6,31.3,7.2,5.6,45.9,72.1,27.2,52,19.7,25.5,2.8,26.7
"Lowe, Nathaniel",2022,26,0.459,0.344,0.333,90.2,8.2,34.1,9.9,5.2,44.8,74,29.2,48.2,21.5,26,4.3,27.1
"Happ, Ian",2022,27,0.379,0.306,0.315,89.7,10.9,29.2,6.5,6.5,40.4,71.8,26.6,47.4,24.8,22,5.8,27.9
"France, Ty",2022,27,0.398,0.321,0.33,87.6,10.1,34.8,5.4,5,36.7,75.8,31.9,47.8,21.2,25.5,5.4,24.7
"Lowe, Brandon",2022,27,0.401,0.32,0.322,89.4,16.6,35.4,10.3,4.6,38.9,77.9,29.9,38.3,26.3,24.6,10.9,27.5
"Bader, Harrison",2022,28,0.321,0.27,0.279,83.4,16.7,28.4,3.4,5.6,26.3,64.6,34.5,41.4,25,20.7,12.9,29.1
"Fletcher, David",2022,28,0.344,0.295,0.317,82.1,15,41.1,0,0.5,7.4,60.3,32.5,37.1,20.3,31.7,10.9,26.1
"Haggerty, Sam",2022,28,0.33,0.285,0.313,86,13.6,32.5,4,2.4,24.6,71.7,27.5,46,20.6,24.6,8.7,28.9
"Moore, Dylan",2022,29,0.36,0.322,0.35,87.2,20.7,39.4,12.9,7.6,36.4,59.2,18.8,32.6,32.6,22,12.9,28.3
"Garlick, Kyle",2022,30,0.423,0.305,0.279,90.2,15.1,36.9,9.7,8.7,47.6,64.4,33.6,41.7,29.1,22.3,6.8,26.6
"Lopez, Alejo",2022,26,0.329,0.28,0.303,83.8,9.3,37.9,0.8,4.8,20.2,72.4,29.2,47.6,18.5,30.6,3.2,26.6
"Straw, Myles",2022,27,0.301,0.275,0.306,87,9.8,34.1,0.7,4.8,26.5,57.9,19.6,47.6,22.5,26.2,3.7,29.3
"Isbel, Kyle",2022,25,0.323,0.266,0.273,89.7,10.6,30.4,4.9,7.1,44.6,65.1,28.2,44,20.1,25.5,10.3,28
"Higgins, P.J.",2022,29,0.287,0.264,0.29,86,8.7,34.7,3.4,4.1,25.5,61.9,25.7,44.9,21.1,27.2,6.8,26.4
"Bohm, Alec",2022,25,0.436,0.333,0.327,90.2,10.4,37.7,6.8,6,43,72,31.4,46.3,21,27.2,5.6,27.1
"Wade Jr., LaMonte",2022,28,0.407,0.321,0.317,87.7,21.1,33.7,9.5,5.9,34.3,67.2,23.7,34.3,38.5,17.8,9.5,26
"Zavala, Seby",2022,28,0.326,0.283,0.295,88.8,22.7,41.2,9.2,6.7,37,77.3,31.7,29.4,33.6,29.4,7.6,25.8
"Mendick, Danny",2022,28,0.327,0.273,0.287,86.8,10.3,38.7,4,2.7,20,64.2,19.3,45.3,24,28,2.7,26
"Brown, Seth",2022,29,0.454,0.338,0.324,89.2,15.8,34.9,13,5.4,41.4,69.7,29.1,36.6,30.4,24.5,8.5,27.9
"McCarthy, Jake",2022,24,0.357,0.298,0.31,87.4,8,32.5,4.8,3.2,33.7,74.7,29.7,51.8,21.7,23.3,3.2,30.1
"Clemens, Kody",2022,26,0.325,0.249,0.242,89.4,17.4,26.7,5.8,5.8,37.2,71.5,33.3,38.4,36,17.4,8.1,27.3
"Walsh, Jared",2022,28,0.368,0.28,0.274,90.1,10.7,34,9.5,6,42.5,66,30.8,46.3,24.2,23.5,6,25.9
"Pena, Jeremy",2022,24,0.397,0.3,0.285,88.1,8.7,32.9,9.7,5.4,36.7,75.3,37.8,47.7,22.4,25.3,4.6,29.4
"Celestino, Gilberto",2022,23,0.294,0.27,0.297,87.3,-1.9,27.1,2.5,4.2,34.3,65.7,21.8,60.6,14.4,22,3,27.9
"Guerrero Jr., Vladimir",2022,23,0.462,0.348,0.342,92.8,4.3,27.9,11.2,6.8,50.4,71.5,30.5,52.3,17.1,24.5,6.1,26.6
"Pache, Cristian",2022,23,0.3,0.259,0.276,89.4,3.8,25.3,3.4,3.4,40.8,73.5,27.4,58,16.7,19.5,5.7,28.6
"Soto, Juan",2022,23,0.501,0.401,0.42,91,9.1,28.5,12.4,7.2,47.4,56.3,17.2,47.4,27.1,19.2,6.3,26.6
"Taveras, Leody",2022,23,0.322,0.27,0.281,89.3,12,28.7,4.3,3,36.1,68.1,31.7,44.8,22.6,24.3,8.3,29.5
"Cabrera, Oswaldo",2022,23,0.361,0.287,0.288,86.8,21.5,41.1,6.3,8.9,34.8,73.1,33.9,30.4,36.6,25,8,27.5
"Cruz, Oneil",2022,23,0.41,0.304,0.286,91.9,8.3,30.6,15.5,2.9,46.1,52.9,30.5,49.5,22.8,21.4,6.3,29.9
"Chisholm Jr., Jazz",2022,24,0.473,0.345,0.32,90.4,15.5,37.3,16.7,4.7,46.7,67.6,27,39.3,34.7,20.7,5.3,29.2
"Gimenez, Andres",2022,23,0.4,0.326,0.336,87.8,11.7,31.3,6.2,6.5,37.8,70.9,38.4,48.2,19.4,24.4,8,29.3
"Kirilloff, Alex",2022,24,0.369,0.282,0.274,89.3,6.1,28.2,6.4,5.5,45.5,71.3,30.3,55.5,26.4,15.5,2.7,27.6
"Lowe, Josh",2022,24,0.339,0.272,0.276,88.3,11.4,47.4,5.2,10.3,37.1,66.5,25.4,36.2,29.3,31,3.4,28.8
"Lux, Gavin",2022,24,0.372,0.314,0.325,88,6.8,34,6.1,6.1,39.8,62.5,23.7,49.5,21.9,24,4.6,28.8
"Moniak, Mickey",2022,24,0.262,0.203,0.193,84.9,19.1,22.2,7.9,1.6,31.7,73.8,45.3,38.1,30.2,19,12.7,28.2
"Adell, Jo",2022,23,0.315,0.251,0.245,87.4,16.7,33.3,9.9,3.1,37.7,69.9,34.7,40.7,22.8,25.3,11.1,29.8
"Beer, Seth",2022,25,0.315,0.276,0.302,85.9,10.7,33.3,3.7,9.9,29.6,69.4,26.7,46.9,19.8,29.6,3.7,24.7
"Bichette, Bo",2022,24,0.444,0.334,0.322,91.9,8.5,33.3,9.6,7.2,50.3,77.6,35.2,49.1,22,24.6,4.2,27.5
"Carlson, Dylan",2022,23,0.355,0.301,0.316,86.1,12.9,35.7,4.4,7.3,27.2,67.8,24.8,43,27.5,25.1,4.4,28.1
"Trammell, Taylor",2022,24,0.357,0.292,0.294,88.3,20.5,29.6,9.9,5.6,28.2,69.5,26.3,39.4,33.8,16.9,9.9,27
"Morel, Christopher",2022,23,0.435,0.324,0.307,89.6,9.1,30,13.4,5.7,40.3,71.8,28.6,51,24.3,18.2,6.5,28.8
"Castro, Rodolfo",2022,23,0.354,0.28,0.276,87.3,11.7,25.6,6.7,7.2,35,67.7,27.5,51.1,24.4,17.2,7.2,27.3
"Dalbec, Bobby",2022,27,0.379,0.296,0.287,90.3,15.2,32,11.8,6.4,45.8,66.3,29.1,38.9,33.5,21.2,6.4,28.3
"Garcia, Adolis",2022,29,0.447,0.322,0.296,92.1,13.2,36.9,12.9,9.3,47.4,73.5,37.3,41.1,25,24.5,9.3,27.9
"Gurriel Jr., Lourdes",2022,28,0.4,0.321,0.328,90.6,10.9,34.7,3.8,8.9,45.7,68.4,29.6,45.7,22,26.3,5.9,27.3
"Arozarena, Randy",2022,27,0.382,0.301,0.301,89.9,8.8,28.2,7.9,5.8,41,64,30.9,50.2,19.7,20.8,9.3,28.8
"Pratto, Nick",2022,23,0.322,0.267,0.266,86,19.7,34.4,12.5,7.3,36.5,65.1,26.2,33.3,40.6,17.7,8.3,27.2
"Bleday, JJ",2022,24,0.315,0.28,0.297,86.3,25,37.4,8.6,5,33.8,71.1,24.3,25.2,38.1,25.2,11.5,27.8
"Steer, Spencer",2022,24,0.304,0.278,0.302,84.7,13.6,30.4,5.8,1.4,31.9,59.5,24.8,43.5,24.6,21.7,10.1,27.4
"Baddoo, Akil",2022,23,0.27,0.253,0.278,85,14.2,29.9,3.6,2.2,27,70.8,26.9,42.3,24.8,21.2,11.7,28.9
"Mitchell, Cal",2022,23,0.358,0.292,0.297,89.9,7.5,34,4.9,5.6,40.7,69,32.2,46.3,21.6,30.2,1.9,26.1
"Knizner, Andrew",2022,27,0.306,0.28,0.305,86,15.6,28.6,3.5,3.5,33.2,65.4,32.9,45.7,23.6,17.6,13.1,25.8
"Reynolds, Bryan",2022,27,0.416,0.329,0.334,90.2,12,35.5,7.9,6,42.9,73,31.5,43.7,27.8,24.6,4,28.3
"Rutschman, Adley",2022,24,0.411,0.342,0.358,87.9,15.6,35.6,7.9,6.7,36.8,61.1,23.1,40,26.7,25.1,8.3,27.2
"Rojas, Josh",2022,28,0.365,0.308,0.327,88.8,11.9,33.5,4.5,4.8,36.1,62.5,19.9,43.9,26.2,26.2,3.7,27.3
"Melendez Jr., MJ",2022,23,0.41,0.332,0.334,90.7,15.1,31,10.4,6.8,43.5,66,24.1,39.6,32.7,20.8,6.8,27.8
"Marsh, Brandon",2022,24,0.372,0.287,0.279,89.2,10.9,40.8,7.4,7,38.2,64.7,31.8,43.4,27.9,26.1,2.6,28.9
"Huff, Sam",2022,24,0.385,0.294,0.29,88.9,9.7,35.4,10.1,2.5,36.7,75.8,34.7,44.3,24.1,26.6,5.1,27
"Langeliers, Shea",2022,24,0.345,0.261,0.247,87.3,16.9,42.9,9.9,6.6,38.5,73.4,35.4,37.4,24.2,25.3,13.2,28.7
"Murphy, Sean",2022,27,0.439,0.344,0.34,88.7,11.5,34.7,10.5,6.5,41.4,71.1,29.5,42.1,23.4,27,7.4,26.1
"Senzel, Nick",2022,27,0.355,0.299,0.313,87.2,11.7,35,3.3,5,33.9,68.2,27.7,46.3,24.3,23.7,5.7,28.7
"Edman, Tommy",2022,27,0.38,0.308,0.318,88.6,8.7,31.6,6.2,5.1,37.8,64,30.6,49.4,20.5,23.5,6.6,28.8
"Smith, Will",2022,27,0.473,0.352,0.341,89.9,18.4,36.8,10.3,7.2,43,63.7,21.3,31.5,37.3,25.5,5.8,27.5
"Suwinski, Jack",2022,23,0.393,0.307,0.3,88.3,14.3,26.3,12.2,7.5,40.4,61.1,24.5,43.2,31.9,16,8.9,28.7
"Espinal, Santiago",2022,27,0.348,0.298,0.319,86.1,14.1,33.8,3.4,3.6,31.7,67.1,25.6,43.6,19.2,26.8,10.4,27
"Miranda, Jose",2022,24,0.41,0.317,0.312,89.3,13.8,34.2,6.2,7.9,42.4,72.5,32.7,42.4,25.4,24,8.2,26.2
"Thompson, Bubba",2022,24,0.234,0.203,0.212,84.8,5.3,21.6,1.7,4.3,21.6,79,38.4,58.6,19,14.7,7.8,30.4
"Gorman, Nolan",2022,22,0.476,0.341,0.312,89.2,20,46.7,14.4,11.7,43.3,74.9,31.1,27.2,38.3,27.8,6.7,26.9
"Hiura, Keston",2022,25,0.425,0.317,0.297,91.7,16.1,41.1,15.3,11.3,45.2,70.3,29,36.3,33.9,24.2,5.6,27.5
"Burger, Jake",2022,26,0.46,0.318,0.281,90.7,12.3,33.3,14.9,6.1,43,73.4,36.6,43,30.7,21.1,5.3,27.8
"Allen, Nick",2022,23,0.266,0.238,0.259,83.9,7.6,26,1.2,3.3,22.3,73.7,32.3,53.7,19.8,20.7,5.8,27.7
"Hummel, Cooper",2022,27,0.332,0.292,0.307,87.6,7.7,30.1,7.1,7.1,35.4,61.7,18.7,47.8,24.8,20.4,7.1,28.8
"Smith, Josh H.",2022,24,0.313,0.296,0.33,87,19.2,34.5,2.4,5.4,28.6,61.4,21.1,36.3,26.2,25.6,11.9,28.2
"Hays, Austin",2022,26,0.372,0.298,0.298,87.7,11.3,32.3,5.2,7.1,37.7,67.7,36.2,43.6,22.4,23.6,10.4,27.8
"Hall, Darick",2022,26,0.462,0.312,0.264,91.4,18.6,37,17.4,6.5,44.6,72.2,32.6,34.8,35.9,23.9,5.4,26.3
"Call, Alex",2022,27,0.29,0.279,0.311,86.3,18.4,29.8,1.2,6,31,62.4,26.1,38.1,31,22.6,8.3,28.4
"Toglia, Michael",2022,23,0.305,0.261,0.276,87.4,17,32.8,7.5,3,40.3,66,28.1,38.8,26.9,26.9,7.5,28.3
"Lopez, Nicky",2022,27,0.312,0.273,0.296,84.9,4.9,31.3,1.6,2.9,22.9,67.8,30,55.2,15.4,24.7,4.7,27.7
"Alvarez, Yordan",2022,25,0.672,0.462,0.43,95.2,12.3,40.7,21,7.5,59.8,63.7,24.8,39.9,30.5,27,2.7,26.5
"Paredes, Isaac",2022,23,0.348,0.297,0.31,87.4,15.8,27.4,6.4,6.4,38.7,60.7,20.5,42.1,28.2,17.7,12,26.2
"Brosseau, Mike",2022,28,0.359,0.3,0.307,89.1,14.6,34.4,8.6,9.7,41.9,66.6,27.9,40.9,34.4,22.6,2.2,27.7
"Walls, Taylor",2022,25,0.304,0.27,0.29,86.3,16.6,32.6,6.2,4.8,28.5,64.9,19.8,37.8,26.8,26.8,8.6,28.8
"Gonzalez, Luis",2022,26,0.306,0.268,0.289,86.9,10.9,27,2.9,7.5,32,68,26,47.3,27,20.3,5.4,28.2
"Friedl Jr., TJ",2022,26,0.335,0.283,0.295,87.2,19.8,30.9,4.7,6.8,29.8,63.1,24,35.1,32.5,20.4,12,28.2
"Waters, Drew",2022,23,0.376,0.293,0.285,84.1,10.4,41.1,12.5,3.6,28.6,69.9,25.9,48.2,28.6,21.4,1.8,28.4
"Garcia, Luis",2022,22,0.409,0.305,0.285,87.3,5.5,37.4,7.5,7.1,36.7,67.6,40.8,52.7,20.3,25.6,1.4,27
"Harris II, Michael",2022,21,0.46,0.335,0.312,89.5,4.5,32.8,10.1,6.8,45.1,67.2,39,55.8,17.9,22.4,3.9,29.4
"Kelenic, Jarred",2022,22,0.351,0.269,0.252,86,18,27.2,13.6,5.8,35,67.4,28.2,36.9,31.1,16.5,15.5,27.2
"Kirk, Alejandro",2022,23,0.431,0.351,0.367,90.5,8.1,32,6.7,6.5,45.4,59.6,23.3,50,20.4,24.5,5,24.1
"Perdomo, Geraldo",2022,22,0.282,0.269,0.302,85,12.1,28.1,2,2,25.1,59.6,21.5,50.6,19.9,21.1,8.5,27.2
"Marcano, Tucupita",2022,22,0.243,0.213,0.228,84.7,11.1,30.3,1.6,6.6,17.2,64.3,25.6,47.5,23.8,20.5,8.2,28.8
"Robert Jr., Luis",2022,24,0.449,0.327,0.307,89.3,10,32.6,8.9,4.9,42.8,83.6,43.2,45.1,23,26.3,5.6,27.9
"Kim, Ha-Seong",2022,26,0.368,0.309,0.324,86.7,16.1,34,4.2,6.1,32.4,60.4,24.9,40.8,22.9,25.9,10.4,28.4
"Suzuki, Seiya",2022,27,0.419,0.327,0.325,89.6,11.2,36.9,11,5.5,41.3,56.8,21.3,40.7,25.5,27.2,6.6,28.3
"Jung, Josh",2022,24,0.403,0.287,0.255,85.5,14.3,40.7,10.2,6.8,32.2,61.9,34.3,42.4,25.4,25.4,6.8,26.9
"Smith, Kevin",2022,25,0.322,0.239,0.225,87,16.4,32.4,7.8,5.9,33.3,70.7,35.2,43.1,32.4,16.7,7.8,27.6
"Velazquez, Nelson",2022,23,0.399,0.305,0.291,89.2,12.3,35,13.3,9.2,43.6,74.2,23.6,43.3,29.2,20,7.5,28.2
"Clement, Ernie",2022,26,0.328,0.277,0.29,85,11.8,27.1,3.6,3.6,25.7,63.4,34.9,47.1,28.6,18.6,5.7,28.3
"Barrero, Jose",2022,24,0.211,0.18,0.185,87.5,17.7,33.7,2.2,6.7,35.2,76.1,40.2,40.4,29.2,21.3,9,27.9
"Madris, Bligh",2022,26,0.309,0.262,0.275,88.9,10.5,30.5,4.9,7.3,41.5,66.9,24.9,51.2,23.2,19.5,6.1,27.9
"Meyers, Jake",2022,26,0.292,0.251,0.254,87.3,7.2,30.9,5.2,5.2,37.1,65.7,30.4,53.6,16.5,25.8,4.1,28.9
"Trejo, Alan",2022,26,0.375,0.291,0.285,86.2,13.6,37.9,4.6,8,31.4,68.3,36.5,39.1,32.2,25.3,3.4,26.7
"McCormick, Chas",2022,27,0.414,0.325,0.321,88.1,12.8,33.5,10.2,4.7,39,69.7,29.6,44.1,31.9,22,2,28.7
"Franco, Wander",2022,21,0.408,0.331,0.34,87.3,8.2,35.1,4.6,4.9,35.8,73.1,30.1,44.2,18.2,29.1,8.4,27.8
"Rodriguez, Julio",2022,21,0.46,0.337,0.319,92,10.1,32.7,13.1,8.4,50.7,70.5,33.5,46.3,24,22.3,7.4,29.8
"Duran, Ezequiel",2022,23,0.317,0.256,0.259,85.9,9.5,24.7,4.5,6.5,31.8,72.4,39.2,50,12.3,20.8,16.9,29.1
"Thomas, Alek",2022,22,0.335,0.277,0.285,87.4,2.6,27.9,3.8,6.4,34.6,63.8,33.4,57.7,15.7,21.8,4.8,29.4
"Witt Jr., Bobby",2022,22,0.427,0.313,0.294,89.7,16.8,32.5,8.7,4.6,38.6,70.4,34.7,36.2,33.4,22.6,7.8,30.4
"Torkelson, Spencer",2022,22,0.378,0.305,0.307,90.5,15,35.4,8.4,8,41.8,67,24.7,40.7,25.9,25.9,7.6,27.8
"Vavra, Terrin",2022,25,0.353,0.318,0.348,87.5,10.7,37.5,1.4,6.9,23.6,74.7,24.9,41.7,23.6,31.9,2.8,27.1
"Palacios, Richie",2022,25,0.31,0.277,0.308,85,13.5,26.9,1.1,2.2,21.5,68.9,26.1,45.2,17.2,24.7,12.9,27.9
"Kwan, Steven",2022,24,0.341,0.312,0.348,85.1,11.8,34.6,1.4,2.6,20.8,55.1,20.2,42.6,23.6,27.9,5.9,28.4
"Duran, Jarren",2022,25,0.353,0.282,0.281,89.3,7.6,27.5,7.7,5.6,38,68.9,31.5,54.2,24.6,16.9,4.2,29.2
"Jeffers, Ryan",2022,25,0.424,0.315,0.295,88.2,18.2,35.8,13.2,11.9,42.4,66.8,25.9,37.7,33.8,21.9,6.6,26
"Burdick, Peyton",2022,25,0.387,0.296,0.283,90,18,35.1,10.5,8.8,38.6,77.9,29.9,31.6,33.3,22.8,12.3,28.1
"Miller, Owen",2022,25,0.341,0.291,0.307,85.8,10.1,35,3.5,5.6,31.2,62.5,34.7,43.8,22.9,26.8,6.5,29
"Donovan, Brendan",2022,25,0.365,0.339,0.381,87.7,6,32.7,3.4,4.9,37.7,55.7,21.4,54.3,19.1,24.4,2.2,27.2
"Stott, Bryson",2022,24,0.34,0.284,0.297,88.1,13.1,29.4,4.4,4.4,36.8,60.8,28.2,46.5,23.5,21.2,8.8,29.1
"Bride, Jonah",2022,26,0.3,0.282,0.314,86.9,11.5,31.8,1.5,9.1,31.1,47.3,25,46.2,21.2,26.5,6.1,26.9
"Carpenter, Kerry",2022,24,0.394,0.292,0.271,87.2,14.5,37.5,11.1,8.3,36.1,71.4,33,40.3,30.6,22.2,6.9,27.3
"Villar, David",2022,25,0.327,0.285,0.296,86.8,17.8,33.3,9.1,2,36.4,67,20.8,38.4,40.4,19.2,2,26.7
"Eaton, Nate",2022,25,0.352,0.297,0.307,85.8,13.6,43.8,5,7.5,27.5,73,28.4,35,27.5,31.3,6.3,29.7
"Abrams, CJ",2022,21,0.316,0.266,0.277,86.5,6.8,28.6,2.1,4.2,30.7,72.9,41.2,52.5,21,18.5,8,29
"Greene, Riley",2022,21,0.388,0.316,0.318,89.5,2.8,32,9.3,5,45.2,64.3,27.6,56.8,19.3,22.4,1.5,27.7
"Carroll, Corbin",2022,21,0.359,0.293,0.295,85.8,9.1,34.2,5.5,8.2,32.9,62.8,26.4,47.9,19.2,27.4,5.5,30.7
"Henderson, Gunnar",2022,21,0.432,0.338,0.341,92.4,2,25.6,9.8,6.1,53.7,66.4,17.9,57.3,15.9,23.2,3.7,29.1
"Vaughn, Andrew",2022,24,0.415,0.319,0.311,90.8,7.5,34.1,7.9,10,48.6,61.4,32.8,48,22.2,25.1,4.8,26.2
"Pasquantino, Vinnie",2022,24,0.476,0.374,0.38,91.2,12.1,34.1,8.8,7.5,46.9,68,26.5,40.7,25.2,29.2,4.9,25.6
"Massey, Michael",2022,24,0.45,0.332,0.31,89.3,16.4,35.1,13,4.6,38.2,73.5,35.6,38.9,31.3,22.9,6.9,27.1
"Grissom, Vaughn",2022,21,0.412,0.326,0.328,84.6,9,35.2,7.4,2.8,34.3,70.6,35,44.4,24.1,27.8,3.7,27.7
