last_name, first_name,player_id,year,p_formatted_ip,p_total_hits,p_strikeout,p_walk,p_earned_run,p_save,p_win,p_loss,p_hold,
Wainwright, Adam,425794,2022,191.2,192,143,54,79,0,11,12,0,
Greinke, Zack,425844,2022,137.0,157,73,27,56,0,4,9,0,
Verlander, Justin,434378,2022,175.0,116,185,29,34,0,18,4,0,
Sanchez, Anibal,434671,2022,69.1,55,48,33,33,0,4,6,0,
Jansen, Kenley,445276,2022,64.0,45,85,22,24,41,5,2,0,
Chavez, Jesse,445926,2022,69.1,71,74,20,29,0,4,3,10,
Detwiler, Ross,446321,2022,26.1,31,28,10,13,1,0,2,1,
Kluber, Corey,446372,2022,164.0,178,139,21,79,0,10,10,0,
Hill, Rich,448179,2022,124.1,125,109,37,59,0,8,7,0,
Morton, Charlie,450203,2022,172.0,149,205,63,83,0,9,6,0,
Kennedy, Ian,453178,2022,50.1,57,44,22,30,10,4,7,10,
Bard, Daniel,453268,2022,60.1,35,69,25,12,34,6,4,0,
Scherzer, Max,453286,2022,145.1,108,173,24,37,0,11,5,0,
Melancon, Mark,453343,2022,56.0,63,35,21,29,18,3,10,1,
Martin, Chris,455119,2022,56.0,50,74,5,19,2,4,1,9,
Price, David,456034,2022,40.1,38,37,9,11,2,2,0,4,
Cueto, Johnny,456501,2022,158.1,161,102,33,59,0,8,10,0,
Bush, Matt,456713,2022,59.2,43,74,18,23,3,2,3,18,
Lynn, Lance,458681,2022,121.2,119,124,19,54,0,8,7,0,
McGee, Jake,459429,2022,37.0,41,25,12,28,3,1,3,4,
Chacin, Jhoulys,468504,2022,47.1,55,37,21,40,0,4,2,2,
Carrasco, Carlos,471911,2022,152.0,161,152,41,67,0,15,7,0,
Garcia, Luis,472610,2022,61.0,57,68,17,23,3,4,6,20,
Phelps, David,475479,2022,63.2,52,64,31,20,1,0,2,9,
Luetge, Lucas,476595,2022,57.1,63,60,17,17,2,4,4,6,
Kershaw, Clayton,477132,2022,126.1,96,137,23,32,0,12,3,0,
Miley, Wade,489119,2022,37.0,31,28,14,13,0,2,2,0,
Stammen, Craig,489334,2022,40.2,45,35,10,20,0,1,2,2,
Ottavino, Adam,493603,2022,65.2,48,79,16,15,3,6,3,19,
Quintana, Jose,500779,2022,165.2,154,137,47,54,0,6,7,0,
Pineda, Michael,501381,2022,46.2,58,26,8,30,0,2,7,0,
Smith, Joe,501925,2022,27.1,33,17,9,14,0,1,1,14,
Minor, Mike,501985,2022,98.0,120,76,40,66,0,4,12,0,
Archer, Chris,502042,2022,102.2,87,84,48,52,0,2,8,0,
Gibson, Kyle,502043,2022,167.2,176,144,48,94,0,10,8,0,
Robertson, David,502085,2022,63.2,39,81,35,17,20,4,3,3,
Cobb, Alex,502171,2022,149.2,152,151,43,62,0,7,8,0,
Espino, Paolo,502179,2022,113.1,131,92,24,61,0,0,9,0,
Boxberger, Brad,502202,2022,64.0,52,68,27,21,1,4,3,30,
Anderson, Chase,502624,2022,24.0,17,23,15,17,0,2,4,0,
Peralta, Wily,503449,2022,38.1,34,32,24,11,0,2,0,2,
Darvish, Yu,506433,2022,194.2,148,197,37,67,0,16,8,0,
Colome, Alex,517008,2022,47.0,57,32,22,30,4,2,7,7,
Brasier, Ryan,518489,2022,62.1,68,64,13,40,1,0,3,13,
Bumgarner, Madison,518516,2022,158.2,179,112,49,86,0,7,15,0,
Cishek, Steve,518553,2022,66.1,54,74,27,31,1,1,4,6,
Diekman, Jake,518617,2022,57.2,52,79,42,32,1,5,4,16,
Kelly, Merrill,518876,2022,200.1,167,177,61,75,0,13,8,0,
Kimbrel, Craig,518886,2022,60.0,51,72,28,25,22,6,7,2,
McFarland, T.J.,519008,2022,32.2,42,16,11,24,0,0,0,2,
Moore, Matt,519043,2022,74.0,49,83,38,16,5,5,2,14,
Pressly, Ryan,519151,2022,48.1,30,65,13,16,33,3,3,0,
Smith, Will,519293,2022,59.0,58,65,25,26,5,0,3,16,
Strickland, Hunter,519326,2022,62.1,61,60,33,34,7,3,3,4,
Hendriks, Liam,521230,2022,57.2,44,85,16,18,37,4,4,0,
Kelly, Joe,523260,2022,37.0,36,53,23,25,1,1,3,15,
Perez, Martin,527048,2022,196.1,178,169,69,63,0,12,8,0,
Castellanos, Humberto,528748,2022,44.1,50,32,12,28,0,3,2,0,
Ramirez, Erasmo,541640,2022,86.1,79,61,14,28,0,4,2,5,
Cisnero, Jose,542585,2022,25.0,15,23,19,3,0,1,0,5,
Anderson, Tyler,542881,2022,178.2,145,138,34,51,0,15,5,0,
Armstrong, Shawn,542888,2022,61.2,66,66,17,30,2,2,3,2,
Bass, Anthony,542914,2022,70.1,51,73,20,12,0,4,3,23,
Bleier, Richard,542947,2022,50.2,63,32,10,20,1,2,2,7,
Cole, Gerrit,543037,2022,200.2,154,257,50,78,0,13,8,0,
Eovaldi, Nathan,543135,2022,109.1,115,103,20,47,0,6,3,0,
Gray, Sonny,543243,2022,119.2,99,117,36,41,0,8,5,0,
Hand, Brad,543272,2022,45.0,37,38,23,14,5,3,2,13,
Hendricks, Kyle,543294,2022,84.1,85,66,24,45,0,4,6,0,
Lyles, Jordan,543475,2022,179.0,196,144,52,88,0,12,11,0,
May, Trevor,543507,2022,25.0,27,30,9,14,1,2,0,6,
McHugh, Collin,543521,2022,69.1,51,75,14,20,0,3,2,17,
Odorizzi, Jake,543606,2022,106.1,106,86,35,52,0,6,6,0,
Shaw, Bryan,543766,2022,58.1,58,52,26,35,1,6,2,5,
Banuelos, Manny,544365,2022,41.0,32,42,21,20,1,2,1,5,
Familia, Jeurys,544727,2022,44.1,58,41,22,30,0,2,3,7,
Head, Louis,545343,2022,28.2,32,26,15,20,1,0,0,1,
Poteet, Cody,547001,2022,28.0,23,21,11,12,0,0,1,1,
Lorenzen, Michael,547179,2022,97.2,81,85,44,46,0,8,6,0,
Ryu, Hyun Jin,547943,2022,27.0,32,16,4,17,0,2,0,0,
Chapman, Aroldis,547973,2022,36.1,24,43,28,18,9,4,4,1,
Raley, Brooks,548384,2022,53.2,37,61,15,16,6,1,2,25,
Stripling, Ross,548389,2022,134.1,117,111,20,45,1,10,4,0,
Garcia, Yimi,554340,2022,61.0,48,58,16,21,1,4,5,23,
Wheeler, Zack,554430,2022,153.0,125,163,34,48,0,12,7,0,
Matzek, Tyler,554431,2022,43.2,26,36,29,17,1,4,2,8,
Rodriguez, Joely,570257,2022,50.1,42,57,26,25,0,2,4,9,
Urena, Jose,570632,2022,97.0,109,63,43,54,0,3,8,0,
Robles, Hansel,570663,2022,24.2,25,21,14,16,2,1,3,7,
Cessa, Luis,570666,2022,80.2,76,59,28,41,0,4,4,5,
Bellatti, Andrew,571479,2022,54.1,47,78,25,20,2,4,4,9,
Corbin, Patrick,571578,2022,152.2,210,128,49,107,0,6,19,0,
Farmer, Buck,571656,2022,47.0,36,54,25,20,2,2,2,5,
Floro, Dylan,571670,2022,53.2,48,48,15,18,10,1,3,6,
Givens, Mychal,571710,2022,61.1,56,71,25,23,2,7,3,7,
Heaney, Andrew,571760,2022,72.2,60,110,19,25,0,4,4,0,
Hutchison, Drew,571800,2022,105.1,114,68,42,53,0,3,9,0,
Loup, Aaron,571901,2022,58.2,54,52,22,25,1,0,5,19,
Matz, Steven,571927,2022,48.0,50,54,10,28,0,5,3,2,
Mikolas, Miles,571945,2022,202.1,170,153,39,74,0,12,13,0,
Milner, Hoby,571948,2022,64.2,61,64,15,27,0,3,3,11,
Richards, Garrett,572070,2022,42.2,44,36,13,25,1,1,1,3,
Tepera, Ryan,572193,2022,57.1,42,47,20,23,6,5,4,17,
VerHagen, Drew,572403,2022,21.2,27,18,14,16,0,3,1,3,
Keuchel, Dallas,572971,2022,60.2,94,45,31,62,0,2,9,0,
Mantiply, Joe,573009,2022,60.0,59,61,6,19,2,2,5,22,
Rogers, Taylor,573124,2022,64.1,57,84,19,34,31,4,8,4,
Stroman, Marcus,573186,2022,138.2,123,119,36,54,0,6,7,0,
Thielbar, Caleb,573204,2022,59.1,51,80,18,23,1,4,3,18,
Kikuchi, Yusei,579328,2022,100.2,93,124,58,58,1,6,7,0,
Adam, Jason,592094,2022,63.1,31,75,17,11,8,2,3,22,
Gausman, Kevin,592332,2022,174.2,188,205,28,65,0,12,10,0,
Gray, Jon,592351,2022,127.1,105,134,39,56,0,7,7,0,
Hembree, Heath,592390,2022,22.0,26,17,17,18,0,3,1,2,
Ray, Robbie,592662,2022,189.0,163,212,62,78,0,12,12,0,
Sampson, Adrian,592716,2022,104.1,101,73,27,36,0,4,5,0,
Sanchez, Aaron,592717,2022,60.0,78,41,15,44,0,3,4,0,
Shreve, Chasen,592741,2022,26.1,27,29,10,19,0,1,1,4,
Smith, Caleb,592761,2022,70.0,57,65,39,32,0,1,3,6,
Smyly, Drew,592767,2022,106.1,101,91,26,41,0,7,8,0,
Stanek, Ryne,592773,2022,54.2,36,62,31,7,1,2,1,17,
Syndergaard, Noah,592789,2022,134.2,138,95,31,59,0,10,10,0,
Taillon, Jameson,592791,2022,177.1,168,151,32,77,0,14,5,0,
Velasquez, Vince,592826,2022,75.1,68,69,25,40,0,3,3,1,
Walker, Taijuan,592836,2022,157.1,143,132,45,61,0,12,5,0,
Wick, Rowan,592858,2022,64.0,79,69,29,30,9,4,7,4,
Williams, Trevor,592866,2022,89.2,87,84,23,32,1,3,5,1,
German, Domingo,593334,2022,72.1,65,58,19,29,0,2,5,0,
Montas, Frankie,593423,2022,144.1,137,142,43,65,0,5,12,0,
Neris, Hector,593576,2022,65.1,49,79,17,27,3,6,4,25,
Rodriguez, Eduardo,593958,2022,91.0,87,72,34,41,0,5,5,0,
Peralta, Wandy,593974,2022,56.1,42,47,17,17,4,3,4,9,
Gustave, Jandel,594311,2022,28.0,25,27,11,12,0,2,0,2,
Mayers, Mike,594577,2022,50.2,52,45,18,32,0,1,1,1,
Moll, Sam,594580,2022,43.1,33,46,22,14,0,2,1,16,
deGrom, Jacob,594798,2022,64.1,40,102,8,22,0,5,4,0,
Gonzales, Marco,594835,2022,183.0,194,103,50,84,0,10,15,0,
Okert, Steven,595345,2022,51.1,34,63,26,17,0,5,5,19,
Beede, Tyler,595881,2022,61.1,71,39,29,35,0,2,5,3,
Junis, Jakob,596001,2022,112.0,120,98,25,55,0,5,7,0,
Norris, Daniel,596057,2022,58.2,45,66,29,34,0,2,4,2,
Peters, Dillon,596071,2022,39.1,35,26,17,20,0,5,2,3,
Stephenson, Robert,596112,2022,58.0,63,55,14,35,0,2,2,8,
Weaver, Luke,596133,2022,35.2,52,38,13,26,0,1,1,0,
Gomber, Austin,596295,2022,124.2,137,95,34,77,0,5,7,0,
Barnes, Matt,598264,2022,39.2,36,34,21,19,8,0,4,4,
Ramirez, Noe,598287,2022,50.0,45,51,26,29,0,5,4,11,
Leclerc, Jose,600917,2022,47.2,33,54,21,15,7,0,3,4,
Machado, Andres,600921,2022,59.1,55,46,26,22,0,2,0,3,
Pivetta, Nick,601713,2022,179.2,175,175,73,91,0,10,12,0,
Barlow, Scott,605130,2022,74.1,52,77,22,18,24,7,4,6,
Bassitt, Chris,605135,2022,181.2,159,167,49,69,0,15,9,0,
Brebbia, John,605154,2022,68.0,71,54,18,24,0,6,2,18,
Bundy, Dylan,605164,2022,140.0,151,94,28,76,0,8,8,0,
Chafin, Andrew,605177,2022,57.1,48,67,19,18,3,2,3,19,
Clevinger, Mike,605182,2022,114.1,102,91,35,55,0,7,7,0,
Cotton, Jharel,605194,2022,43.0,34,39,20,17,0,4,2,2,
Davies, Zach,605200,2022,134.1,122,102,52,61,0,2,5,0,
Edwards Jr., Carl,605218,2022,62.0,51,56,25,19,2,6,3,13,
Fulmer, Michael,605242,2022,63.2,59,61,28,24,3,5,6,25,
Holmes, Clay,605280,2022,63.2,45,65,20,18,20,7,4,7,
Houser, Adrian,605288,2022,102.2,103,69,47,54,0,6,10,0,
Lopez, Jorge,605347,2022,71.0,53,72,31,20,23,4,7,1,
Musgrove, Joe,605397,2022,181.0,154,184,42,59,0,10,7,0,
Nola, Aaron,605400,2022,205.0,168,235,29,74,0,11,13,0,
Romano, Jordan,605447,2022,64.0,44,73,21,15,36,5,4,3,
Snell, Blake,605483,2022,128.0,103,171,51,48,0,8,10,0,
Springs, Jeffrey,605488,2022,135.1,114,144,31,37,0,9,5,0,
Thompson, Zach,605507,2022,121.2,138,90,46,70,0,3,10,0,
Warren, Art,605521,2022,36.0,37,40,22,26,3,2,3,4,
Wendelken, J.B.,605525,2022,29.0,25,21,14,17,0,2,1,1,
Wisler, Matt,605538,2022,44.0,30,35,14,11,1,3,3,7,
Woodruff, Brandon,605540,2022,153.1,122,190,42,52,0,13,4,0,
Gallegos, Giovanny,606149,2022,59.0,42,73,18,20,14,3,6,12,
Montero, Rafael,606160,2022,68.1,47,73,23,18,14,5,2,23,
Payamps, Joel,606303,2022,55.2,60,41,16,20,0,3,6,3,
Garcia, Jarlin,606424,2022,65.0,60,56,18,27,1,1,4,4,
Moronta, Reyes,606625,2022,37.2,30,38,18,18,2,2,2,4,
Rodon, Carlos,607074,2022,178.0,131,237,52,57,0,14,8,0,
Weems, Jordan,607179,2022,39.2,35,41,12,23,0,0,1,0,
Fedde, Erick,607200,2022,127.0,149,94,58,82,0,6,13,0,
Krehbiel, Joey,607216,2022,57.2,53,45,18,25,1,5,5,10,
Garrett, Amir,607237,2022,45.1,28,49,32,25,0,3,1,10,
Martinez, Nick,607259,2022,106.1,96,95,41,41,8,4,4,8,
Banda, Anthony,607455,2022,26.2,43,30,13,20,0,1,1,2,
Bummer, Aaron,607481,2022,26.2,30,30,10,7,2,2,1,10,
Freeland, Kyle,607536,2022,174.2,193,131,53,88,0,9,11,0,
Lugo, Seth,607625,2022,65.0,58,69,18,26,3,3,2,16,
Estevez, Carlos,608032,2022,57.0,44,54,23,22,2,4,4,13,
De Jong, Chase,608328,2022,71.2,52,59,30,21,1,6,3,3,
Fried, Max,608331,2022,185.1,156,170,32,51,0,14,7,0,
Giolito, Lucas,608337,2022,161.2,171,177,61,88,0,11,9,0,
Irvin, Cole,608344,2022,181.0,174,128,36,80,0,9,13,0,
Knebel, Corey,608349,2022,44.2,33,41,28,17,12,3,5,2,
Wacha, Michael,608379,2022,127.1,111,104,31,47,0,11,2,0,
Marquez, German,608566,2022,181.2,185,150,63,100,0,9,13,0,
Duffey, Tyler,608648,2022,44.0,45,39,15,24,2,2,4,9,
Graveman, Kendall,608665,2022,65.0,65,66,26,23,6,3,4,27,
Leone, Dominic,608678,2022,49.1,55,52,24,22,3,4,5,11,
Stratton, Chris,608717,2022,63.1,72,60,25,30,2,10,4,8,
Suter, Brent,608718,2022,66.2,58,53,22,28,0,5,3,1,
Voth, Austin,608723,2022,101.2,111,90,31,49,0,5,4,1,
Castro, Miguel,612434,2022,29.0,27,31,15,13,0,5,0,9,
Ruiz, Jose,614179,2022,60.2,53,68,33,31,0,1,0,11,
Quantrill, Cal,615698,2022,186.1,178,128,47,70,0,15,5,0,
Sawamura, Hirokazu,617228,2022,50.2,45,40,27,21,0,1,1,3,
Cuas, Jose,621016,2022,37.2,39,34,24,15,1,4,2,11,
Wilson, Steven,621051,2022,53.0,36,53,20,18,1,4,2,5,
Rucker, Michael,621074,2022,54.2,50,50,20,24,0,3,1,5,
Kaprielian, James,621076,2022,134.0,121,98,59,63,0,5,9,0,
Eflin, Zach,621107,2022,75.2,70,65,15,34,1,3,5,2,
Buehler, Walker,621111,2022,65.0,67,58,17,29,0,6,3,0,
Blackburn, Paul,621112,2022,111.1,110,89,30,53,0,7,6,0,
McCullers Jr., Lance,621121,2022,47.2,37,50,22,12,0,4,2,0,
Alvarado, Jose,621237,2022,51.0,38,81,24,18,2,4,2,22,
Diaz, Edwin O,621242,2022,62.0,34,118,18,9,32,3,1,4,
Berrios, Jose,621244,2022,172.0,199,149,45,100,0,12,7,0,
Garza Jr., Ralph,621248,2022,35.0,38,17,16,13,0,2,2,0,
Underwood Jr., Duane,621249,2022,57.1,58,57,25,28,1,1,6,12,
Wittgren, Nick,621295,2022,29.0,35,17,10,19,1,1,0,4,
Minter, A.J.,621345,2022,70.0,49,94,15,16,5,5,4,34,
Poche, Colin,621363,2022,58.2,46,64,22,26,7,4,2,23,
Borucki, Ryan,621366,2022,25.1,24,21,11,16,0,2,0,6,
Hearn, Taylor,621368,2022,100.0,107,97,43,57,1,6,8,2,
Strahm, Matt,621381,2022,44.2,38,52,17,19,4,4,4,13,
Banks, Tanner,621383,2022,53.0,42,49,18,18,0,2,0,1,
Blach, Ty,621389,2022,44.1,51,29,11,29,1,1,0,0,
Young, Alex,622065,2022,26.2,29,21,11,7,0,1,1,5,
Wood, Alex,622072,2022,130.2,132,131,30,74,0,8,12,0,
Almonte, Yency,622075,2022,35.1,18,33,10,4,1,0,0,9,
Smith, Drew,622098,2022,46.0,38,53,15,17,0,3,3,14,
Sborz, Josh,622250,2022,22.1,25,32,11,16,0,1,0,1,
Staumont, Josh,622251,2022,37.2,37,43,29,27,3,3,3,5,
Tate, Dillon,622253,2022,73.2,57,60,16,25,5,4,4,16,
Castillo, Luis,622491,2022,150.1,118,167,45,50,0,8,6,0,
Crismatt, Nabil,622503,2022,67.1,57,65,22,22,0,5,2,5,
Dominguez, Seranthony,622554,2022,51.0,36,61,22,17,9,6,5,15,
Senzatela, Antonio,622608,2022,92.1,133,54,23,52,0,3,7,0,
Severino, Luis,622663,2022,102.0,72,112,30,36,0,7,3,0,
Hernandez, Elieser,622694,2022,62.1,67,60,22,44,0,3,6,0,
Sewald, Paul,623149,2022,64.0,32,72,17,19,20,5,4,8,
Flexen, Chris,623167,2022,137.2,132,95,51,57,2,8,9,0,
Brazoban, Huascar,623211,2022,32.0,26,40,21,11,0,1,1,4,
Hader, Josh,623352,2022,50.0,43,81,21,29,36,2,5,0,
Stephens, Jackson,623451,2022,53.2,49,47,23,22,2,3,3,2,
Phillips, Evan,623465,2022,63.0,33,77,15,8,2,7,3,19,
Herget, Jimmy,623474,2022,69.0,48,63,15,19,9,2,1,6,
Suarez, Ranger,624133,2022,155.1,149,129,58,63,0,10,7,0,
Thompson, Keegan,624522,2022,115.0,103,108,43,48,1,10,5,0,
Lopez, Reynaldo,625643,2022,65.1,51,63,11,20,0,6,4,9,
Iglesias, Raisel,628452,2022,62.0,46,78,14,17,17,2,6,15,
Marte, Yunior,628708,2022,48.0,47,44,22,29,0,1,1,2,
Urias, Julio,628711,2022,175.0,127,166,41,42,0,17,7,0,
Crowe, Wil,640444,2022,76.0,68,68,38,37,4,6,10,16,
Finnegan, Kyle,640448,2022,66.2,54,70,22,26,11,6,4,14,
Harvey, Hunter,640451,2022,39.1,33,45,12,11,0,2,1,6,
Manaea, Sean,640455,2022,158.0,155,156,50,87,0,8,9,0,
Puk, A.J.,640462,2022,66.1,53,76,23,23,4,4,3,20,
Lopez, Pablo,641154,2022,180.0,157,174,53,75,0,10,10,0,
Alexander, Tyler,641302,2022,101.0,108,61,25,54,0,4,11,1,
Baker, Bryan,641329,2022,69.2,60,76,26,27,1,4,3,9,
Bickford, Phil,641360,2022,61.0,53,67,14,32,0,2,1,7,
Brogdon, Connor,641401,2022,44.0,44,50,11,16,2,2,2,6,
Castano, Daniel,641447,2022,35.2,42,20,9,16,0,1,3,0,
Cortes Jr., Nestor,641482,2022,158.1,108,163,38,43,0,12,4,0,
Danish, Tyler,641501,2022,40.1,40,32,12,23,0,3,1,3,
Dunning, Dane,641540,2022,153.1,158,137,62,76,0,4,8,0,
Foster, Matt,641582,2022,45.0,43,42,17,22,1,1,2,5,
Gott, Trevor,641627,2022,45.2,35,44,12,21,0,3,4,11,
Hudson, Dakota,641712,2022,139.2,141,78,61,69,0,8,7,0,
Jefferies, Daulton,641726,2022,39.1,46,28,8,25,0,1,7,0,
Jimenez, Joe,641729,2022,56.2,49,77,13,22,2,3,2,11,
Keller, Brad,641745,2022,139.2,153,102,57,79,1,6,14,1,
Kinley, Tyler,641755,2022,24.0,21,27,6,2,0,1,1,10,
Kuhl, Chad,641771,2022,137.0,155,110,58,87,0,6,11,0,
Lauer, Eric,641778,2022,158.2,135,157,59,65,0,11,7,0,
Littell, Zack,641793,2022,44.1,48,39,13,25,1,3,3,5,
Mahle, Tyler,641816,2022,120.2,104,126,43,59,0,6,8,0,
Mayza, Tim,641835,2022,48.2,42,44,12,17,2,8,1,17,
Ober, Bailey,641927,2022,56.0,48,51,11,20,0,2,3,0,
Pagan, Emilio,641941,2022,63.0,60,84,26,31,9,4,6,7,
Rogers, Josh,642028,2022,26.1,24,12,11,15,0,2,2,1,
Sulser, Cole,642121,2022,34.0,39,38,16,20,2,1,4,5,
Trivino, Lou,642152,2022,53.2,64,67,24,27,11,2,8,4,
Williams, Devin,642207,2022,60.2,31,96,30,13,15,6,4,26,
Yarbrough, Ryan,642232,2022,80.0,88,61,22,40,0,3,8,0,
Soto, Gregory,642397,2022,60.1,49,60,34,22,30,2,11,2,
Loaisiga, Jonathan,642528,2022,48.0,43,37,19,22,2,2,3,10,
Barria, Jaime,642545,2022,79.1,63,54,19,23,0,3,3,5,
Hernandez, Jonathan,642546,2022,30.1,26,27,17,10,4,2,3,3,
Peralta, Freddy,642547,2022,78.0,54,86,27,31,0,4,4,0,
Bautista, Felix,642585,2022,65.2,38,88,23,16,15,4,4,13,
Santana, Dennis,642701,2022,58.2,50,54,28,34,1,3,8,20,
Acevedo, Domingo,642758,2022,67.2,50,58,17,25,4,4,4,20,
Cimber, Adam,643256,2022,70.2,66,58,13,22,4,10,6,19,
Dunn, Justin,643290,2022,31.0,32,21,17,21,0,1,3,0,
Jax, Griffin,643377,2022,72.1,56,78,20,27,1,7,4,18,
Leiter Jr., Mark,643410,2022,67.2,52,73,25,30,3,2,7,4,
Pruitt, Austin,643493,2022,55.1,48,38,9,26,1,0,1,2,
Rogers, Tyler,643511,2022,75.2,73,49,23,30,0,3,4,15,
Arano, Victor,644364,2022,42.0,47,44,12,21,1,1,1,7,
Alcantara, Sandy,645261,2022,228.2,174,207,50,58,0,14,9,0,
Pop, Zach,647315,2022,39.0,41,25,4,12,0,4,0,3,
Abreu, Bryan,650556,2022,60.1,45,88,26,13,2,4,0,8,
King, Michael,650633,2022,51.0,35,66,16,13,1,6,3,16,
Civale, Aaron,650644,2022,97.0,93,98,22,53,0,5,6,0,
Quijada, Jose,650671,2022,40.2,25,52,21,18,3,0,5,12,
Cabrera, Genesis,650893,2022,44.2,39,32,20,23,1,4,2,13,
Castillo, Diego,650895,2022,54.1,40,53,22,22,7,7,3,9,
Sanchez, Cristopher,650911,2022,40.0,38,35,17,25,1,2,2,2,
Abreu, Albert,656061,2022,38.2,35,38,22,14,0,2,2,1,
Beeks, Jalen,656222,2022,61.0,49,70,22,19,2,2,3,5,
Bird, Jake,656234,2022,47.2,45,42,23,26,0,2,4,5,
Brigham, Jeff,656257,2022,24.0,22,28,10,9,1,0,1,3,
Burke, Brock,656271,2022,82.1,63,90,24,18,0,7,5,9,
Cease, Dylan,656302,2022,184.0,126,227,78,45,0,14,8,0,
Davidson, Tucker,656353,2022,52.0,54,33,35,39,0,2,7,0,
Davis, Austin,656354,2022,56.0,57,64,33,36,0,2,1,3,
Faedo, Alex,656412,2022,53.2,63,44,25,33,0,1,5,0,
Flaherty, Jack,656427,2022,36.0,36,33,22,17,0,2,1,0,
Gilbert, Tyler,656457,2022,34.1,33,20,10,20,0,0,3,0,
Gilbreath, Lucas,656458,2022,43.0,37,49,26,20,0,2,0,12,
Ginkel, Kevin,656464,2022,29.1,27,30,11,11,1,1,1,5,
Hentges, Sam,656529,2022,62.0,41,72,19,16,1,3,2,8,
Hoffman, Jeff,656546,2022,44.2,40,45,23,19,0,2,0,1,
Houck, Tanner,656557,2022,60.0,49,56,22,21,8,5,4,1,
Keller, Mitch,656605,2022,159.0,162,138,60,69,0,5,12,0,
Kopech, Michael,656629,2022,119.1,85,105,57,47,0,5,9,0,
Lange, Alex,656638,2022,63.1,47,82,31,24,0,7,4,21,
Logue, Zach,656657,2022,57.0,68,42,20,43,0,3,8,0,
Martin, Brett,656685,2022,50.0,50,40,18,23,3,1,7,7,
Martin, Corbin,656686,2022,22.1,25,21,12,12,0,0,1,0,
Megill, Trevor,656730,2022,45.0,50,49,17,24,0,4,3,3,
Megill, Tylor,656731,2022,47.1,46,51,13,27,0,4,2,0,
Montgomery, Jordan,656756,2022,178.1,159,158,36,69,0,9,6,0,
Nelson, Nick,656793,2022,68.2,66,69,36,37,1,3,2,3,
Newcomb, Sean,656794,2022,27.2,33,28,19,27,0,2,1,2,
Overton, Connor,656818,2022,33.0,21,14,11,10,0,1,0,0,
Peterson, David,656849,2022,105.2,93,126,48,45,0,7,5,0,
Rasmussen, Drew,656876,2022,146.0,121,125,31,46,0,11,7,0,
Scott, Tanner,656945,2022,62.2,55,90,46,30,20,4,5,4,
Smeltzer, Devin,656970,2022,70.1,67,40,19,29,0,5,2,0,
Steele, Justin,657006,2022,119.0,111,126,50,42,0,4,7,0,
Swanson, Erik,657024,2022,53.2,39,70,10,10,3,3,2,14,
Thompson, Ryan,657044,2022,42.2,39,39,11,18,3,3,3,10,
Toussaint, Touki,657053,2022,25.1,15,26,19,13,0,1,1,0,
Watkins, Spenser,657093,2022,105.1,119,63,30,55,0,5,6,0,
Wright, Kyle,657140,2022,180.1,156,174,53,64,0,21,5,0,
Merryweather, Julian,657240,2022,26.2,31,23,7,20,0,0,3,1,
Otto Jr., Glenn,657248,2022,135.2,119,107,62,70,0,7,10,0,
Strzelecki, Peter,657265,2022,35.0,28,40,15,11,1,2,1,4,
Uelmen, Erich,657272,2022,27.0,25,21,12,14,1,2,1,3,
Webb, Logan,657277,2022,192.1,174,163,49,62,0,15,9,0,
Schmidt, Clarke,657376,2022,57.2,46,56,23,20,2,5,5,4,
Baumann, Mike,657508,2022,34.1,43,23,9,18,0,1,3,1,
Ferguson, Caleb,657571,2022,34.2,23,37,17,7,0,1,0,8,
Hill, Tim,657612,2022,48.0,45,25,14,19,0,3,0,7,
Koenig, Jared,657649,2022,39.1,40,22,15,25,0,1,3,0,
Ryan, Joe,657746,2022,147.0,115,151,47,58,0,13,8,0,
Stout, Eric,657770,2022,22.1,25,25,16,14,1,0,0,1,
Medina, Adonis,658431,2022,23.2,30,17,6,16,1,1,0,0,
Lamet, Dinelson,659275,2022,32.1,30,45,19,22,0,1,2,4,
Ohtani, Shohei,660271,2022,166.0,124,219,44,43,0,15,9,0,
Rodriguez, Elvin,660730,2022,29.2,42,25,15,35,0,0,4,0,
Suarez, Jose,660761,2022,109.0,103,103,33,48,0,8,8,0,
De Los Santos, Yerry,660787,2022,25.2,22,26,11,14,3,0,3,2,
Graterol, Brusdar,660813,2022,49.2,39,43,10,18,4,2,4,10,
De Los Santos, Enyel,660853,2022,53.1,40,61,17,18,1,5,0,3,
Gutierrez, Vladimir,661269,2022,36.2,46,29,24,31,0,1,6,0,
Martinez, Adrian,661309,2022,57.2,69,53,19,40,0,4,6,0,
Ortega, Oliver,661383,2022,34.0,32,33,18,14,1,1,3,5,
Duran, Jhoan,661395,2022,67.2,50,89,16,14,8,2,4,18,
Clase, Emmanuel,661403,2022,72.2,43,77,10,11,42,3,4,0,
Martinez, Seth,661527,2022,38.2,26,38,14,9,0,1,1,3,
Munoz, Andres,662253,2022,65.0,43,96,15,18,4,2,5,22,
Suarez, Robert,663158,2022,47.2,29,61,21,12,1,5,1,11,
Feltner, Ryan,663372,2022,97.1,102,84,35,63,0,4,9,0,
Thornton, Trent,663423,2022,46.0,40,37,17,21,0,0,2,3,
Rainey, Tanner,663432,2022,30.0,26,36,13,11,12,1,3,1,
Martin, Davis,663436,2022,63.1,63,48,19,34,0,3,6,0,
Pilkington, Konnor,663455,2022,58.0,53,50,32,25,0,1,2,0,
Bubic, Kris,663460,2022,129.0,156,110,63,80,0,3,13,0,
McKenzie, Triston,663474,2022,191.1,138,190,44,63,0,11,11,0,
Sands, Cole,663485,2022,30.2,35,28,13,20,1,0,3,0,
Hjelle, Sean,663546,2022,25.0,33,28,8,16,0,1,2,1,
McClanahan, Shane,663556,2022,166.1,116,194,38,47,0,12,8,0,
Moran, Jovani,663558,2022,40.2,25,54,18,10,1,0,1,2,
Falter, Bailey,663559,2022,84.0,85,74,17,36,0,6,4,0,
Lynch, Daniel,663738,2022,131.2,155,122,52,75,0,4,13,0,
Morris, Cody,663752,2022,23.2,21,23,12,6,0,1,2,1,
Woodford, Jake,663765,2022,48.1,43,24,11,12,0,4,0,1,
Sandoval, Patrick,663776,2022,148.2,139,151,60,48,0,6,9,0,
Hicks, Jordan,663855,2022,61.1,46,63,35,33,0,3,6,8,
Singer, Brady,663903,2022,153.1,140,150,35,55,0,10,5,0,
Stephan, Trevor,663986,2022,63.2,57,82,18,19,3,6,5,19,
Vespi, Nick,663989,2022,26.1,29,28,8,12,1,5,0,1,
Gonsolin, Tony,664062,2022,130.1,79,119,35,31,0,16,1,0,
Poppen, Sean,664092,2022,28.2,27,22,12,14,0,2,2,4,
Effross, Scott,664123,2022,56.2,45,62,15,16,4,1,4,16,
Gibaut, Ian,664139,2022,36.0,39,48,18,18,1,1,2,4,
Brubaker, JT,664141,2022,144.0,157,147,54,75,0,3,12,0,
Swarmer, Matt,664161,2022,34.0,33,36,20,19,0,2,3,0,
Clarke, Taylor,664199,2022,49.0,50,48,8,22,3,3,1,10,
Maton III, Phil,664208,2022,65.2,58,73,24,28,0,0,2,14,
Valdez, Framber,664285,2022,201.1,166,194,67,63,0,17,6,0,
Moreta, Dauri,664294,2022,38.1,32,39,13,23,1,0,2,1,
Javier, Cristian,664299,2022,148.2,89,194,52,42,0,11,9,1,
Yajure, Miguel,664337,2022,24.1,31,16,16,24,1,1,1,0,
Urquidy, Jose,664353,2022,164.1,154,134,38,72,0,13,8,0,
Diaz, Alexis,664747,2022,63.2,28,83,33,13,10,7,3,13,
Helsley, Ryan,664854,2022,64.2,28,94,20,9,19,9,1,7,
Lawrence, Justin,664875,2022,42.2,44,48,22,27,1,3,1,7,
Misiewicz, Anthony,664948,2022,29.0,27,27,10,14,0,1,2,4,
Kelley, Trevor,665001,2022,23.2,25,23,9,16,0,1,0,2,
Kremer, Dean,665152,2022,125.1,123,87,34,45,0,8,7,0,
Garcia, Rony,665621,2022,51.0,40,48,13,25,0,3,3,0,
Sanmartin, Reiver,665665,2022,57.0,66,47,29,40,0,4,4,7,
Cabrera, Edward,665795,2022,71.2,44,75,33,24,0,6,4,0,
Assad, Javier,665871,2022,37.2,35,30,20,13,0,2,2,0,
Anderson, Ian,666120,2022,111.2,115,97,54,62,0,10,6,0,
Garrett, Braxton,666129,2022,88.0,86,90,24,35,0,3,7,0,
Ragans, Cole,666142,2022,40.0,43,27,16,22,0,0,3,0,
Lodolo, Nick,666157,2022,103.1,90,131,39,42,0,4,7,0,
Manning, Matt,666159,2022,63.0,55,48,19,24,0,2,3,0,
Thompson, Mason,666168,2022,24.2,19,15,9,8,1,1,1,0,
Luzardo, Jesus,666200,2022,100.1,69,120,35,37,0,4,7,0,
Manoah, Alek,666201,2022,196.2,144,180,51,49,0,16,7,0,
Jimenez, Dany,666204,2022,34.1,23,34,18,13,11,3,4,4,
Wentz, Joey,666214,2022,32.2,23,27,13,11,0,2,2,0,
Brash, Matt,666374,2022,50.2,46,62,33,25,0,4,4,9,
Castillo, Max,666721,2022,39.1,38,37,15,26,0,0,2,0,
Doval, Camilo,666808,2022,67.2,54,80,30,19,27,6,6,1,
Nance, Tommy,667297,2022,43.2,45,57,21,21,0,2,3,2,
Jackson, Zach,667427,2022,48.0,28,67,33,16,3,2,3,26,
King, John,667463,2022,51.1,61,30,14,23,0,1,4,8,
Plesac, Zach,668676,2022,131.2,136,100,38,63,0,3,12,0,
Gallen, Zac,668678,2022,184.0,121,192,47,52,0,12,4,0,
Thompson, Zack,668868,2022,34.2,20,27,14,8,1,1,1,1,
Greene, Hunter,668881,2022,125.2,104,164,48,62,0,5,13,0,
Ashcraft, Graham,668933,2022,105.0,119,71,30,57,0,5,6,0,
McCarty, Kirk,668948,2022,37.2,37,26,13,19,0,4,3,0,
Gore, MacKenzie,669022,2022,70.0,66,72,37,35,0,4,4,1,
Wilson, Bryse,669060,2022,115.2,132,79,32,71,0,3,9,0,
Zimmermann, Bruce,669145,2022,73.2,97,49,12,49,0,2,5,1,
May, Dustin,669160,2022,30.0,21,29,14,15,0,2,3,0,
Heasley, Jonathan,669169,2022,104.0,108,70,47,61,0,4,10,0,
Burnes, Corbin,669203,2022,202.0,144,243,51,66,0,12,8,0,
Akin, Keegan,669211,2022,81.2,69,77,20,29,2,3,3,3,
Morgan, Eli,669212,2022,66.2,46,72,13,25,0,5,3,10,
Kuhnel, Joel,669270,2022,58.0,67,56,14,41,1,2,3,5,
Lee, Dylan,669276,2022,50.2,40,59,10,12,0,5,1,9,
Gilbert, Logan,669302,2022,185.2,170,174,49,66,0,13,6,0,
Wells, Tyler,669330,2022,103.2,90,76,28,49,0,7,7,0,
Baz, Shane,669358,2022,27.0,27,30,9,15,0,1,2,0,
Skubal, Tarik,669373,2022,117.2,104,117,32,46,0,7,8,0,
Coleman, Dylan,669395,2022,68.0,47,71,37,21,0,5,2,16,
Lambert, Jimmy,669424,2022,47.0,40,45,24,17,0,1,2,10,
Rogers, Trevor,669432,2022,107.0,116,106,45,65,0,4,11,0,
Bieber, Shane,669456,2022,200.0,172,198,36,64,0,13,8,0,
Nelson, Kyle,669459,2022,37.0,26,30,14,9,0,2,1,10,
Liberatore, Matthew,669461,2022,34.2,42,28,18,23,0,2,2,1,
Pallante, Andre,669467,2022,108.0,113,73,40,38,0,6,5,9,
Barlow, Joe,669618,2022,35.0,27,28,13,15,13,3,1,0,
Long, Sam,669674,2022,42.1,39,33,14,17,1,1,3,0,
Wesneski, Hayden,669713,2022,33.0,24,33,7,8,0,3,2,0,
Snead, Kirby,669912,2022,44.2,56,35,22,29,1,1,1,5,
Alexander, Jason,669920,2022,71.2,88,46,28,43,0,2,3,0,
Kirby, George,669923,2022,130.0,135,133,22,49,0,8,5,0,
White, Mitch,669952,2022,99.0,110,78,35,60,0,1,7,0,
Festa, Matt,670036,2022,54.0,43,64,18,25,2,2,0,6,
Holderman, Colin,670059,2022,28.1,20,24,14,12,0,5,0,2,
Mills, Wyatt,670090,2022,29.1,26,26,13,15,0,0,1,4,
Oller, Adam,670124,2022,74.1,82,46,39,52,0,2,8,1,
Schreiber, John,670167,2022,65.0,45,74,19,16,8,4,4,22,
Winckowski, Josh,670174,2022,70.1,85,44,27,46,0,5,7,0,
Bednar, David,670280,2022,51.2,42,69,16,15,19,3,4,4,
Oviedo, Johan,670912,2022,56.0,49,54,23,20,0,4,3,0,
Richards, Trevor,670950,2022,64.0,57,82,35,38,0,3,2,8,
Morejon, Adrian,670970,2022,34.0,31,28,9,16,0,5,1,5,
Ramirez, Yohan,670990,2022,37.1,32,32,20,19,1,4,1,3,
Foley, Jason,671345,2022,60.1,72,43,11,26,0,1,0,6,
Detmers, Reid,672282,2022,129.0,110,122,46,54,0,7,6,0,
Perez, Cionel,672335,2022,57.2,46,55,21,9,1,7,1,25,
Ort, Kaleb,672391,2022,28.1,35,27,15,20,1,1,2,1,
Hernandez, Carlos,672578,2022,56.0,72,35,31,46,0,0,5,1,
Contreras, Roansy,672710,2022,95.0,82,86,39,40,0,5,5,0,
Adon, Joan,672851,2022,64.2,76,55,39,51,0,1,12,0,
Henry, Tommy,674072,2022,47.0,47,36,21,28,0,3,4,0,
Grove, Michael,675627,2022,29.1,32,24,10,15,0,1,0,0,
Strider, Spencer,675911,2022,131.2,86,202,45,39,0,11,5,2,
Karinchak, James,675916,2022,39.0,22,62,21,9,3,2,0,8,
Howard, Spencer,675921,2022,37.2,50,32,15,31,0,2,4,0,
Naughton, Packy,676050,2022,32.0,39,31,7,17,1,0,2,3,
Snider, Collin,676092,2022,34.1,40,22,15,25,0,4,2,7,
Abbott, Cory,676265,2022,48.0,44,45,25,28,0,0,5,0,
Whitlock, Garrett,676477,2022,78.1,65,82,15,30,6,4,2,4,
Faucher, Calvin,676534,2022,21.1,26,21,10,13,1,2,3,2,
Fleming, Josh,676596,2022,35.0,54,29,12,25,0,2,5,0,
Sears, JP,676664,2022,70.0,67,51,23,30,0,6,3,0,
Vest, Will,676684,2022,63.0,62,63,22,28,1,3,3,4,
Crawford, Kutter,676710,2022,77.1,81,77,29,47,0,3,6,0,
Hughes, Brandon,676714,2022,57.2,42,68,21,20,8,2,3,8,
Marinaccio, Ron,676760,2022,44.0,22,56,24,10,0,1,0,6,
Ashby, Aaron,676879,2022,107.1,106,126,47,53,1,2,10,1,
Garcia, Luis,677651,2022,157.1,131,157,47,65,0,15,8,0,
Bruihl, Justin,677865,2022,23.2,22,13,6,10,1,1,1,3,
Bello, Brayan,678394,2022,57.1,75,55,27,30,0,2,8,0,
Gray, Josiah,680686,2022,148.2,136,154,66,83,0,7,10,0,
Bradish, Kyle,680694,2022,117.2,119,111,46,64,0,4,7,0,
Sandlin, Nick,680704,2022,44.0,27,41,24,11,0,5,2,7,
Winder, Josh,680739,2022,67.0,69,47,18,35,0,4,6,0,
Silseth, Chase,681217,2022,28.2,33,24,12,21,0,1,3,0,
Wantz, Andrew,681806,2022,50.1,37,52,21,18,0,2,1,7,
Vesia, Alex,681911,2022,54.1,37,79,24,13,1,5,0,16,
Hill, Garrett,682051,2022,60.1,53,40,29,27,0,3,3,2,
Murfee, Penn,682171,2022,69.1,48,76,18,23,0,4,0,8,
Arihara, Kohei,685503,2022,20.0,36,14,11,21,0,1,3,0,
Waldichuk, Ken,686610,2022,34.2,32,33,10,19,0,2,2,0,
Pepiot, Ryan,686752,2022,36.1,26,42,27,14,0,3,0,0,
Varland, Louie,686973,2022,26.0,26,21,6,11,0,1,2,0,
Brieske, Beau,689225,2022,81.2,73,54,25,38,0,3,6,0,
Elder, Bryce,693821,2022,54.0,44,47,23,19,0,2,4,0,
Wainwright, Adam,425794,2021,206.1,168,174,50,70,0,17,7,0,
Greinke, Zack,425844,2021,171.0,164,120,36,79,0,11,6,1,
Santana, Ervin,429722,2021,65.1,65,52,22,34,0,2,2,1,
Petit, Yusmeiro,433589,2021,78.0,69,37,12,34,2,8,3,22,
Kintzler, Brandon,445213,2021,29.2,45,22,8,21,0,2,1,2,
Jansen, Kenley,445276,2021,69.0,36,86,36,17,38,4,4,0,
Chavez, Jesse,445926,2021,33.2,23,36,11,8,0,3,2,2,
Detwiler, Ross,446321,2021,52.1,44,62,20,27,0,3,1,1,
Kluber, Corey,446372,2021,80.0,74,82,33,34,0,5,3,0,
Hill, Rich,448179,2021,158.2,137,150,55,68,0,7,8,0,
Doolittle, Sean,448281,2021,49.2,50,53,23,25,1,3,1,5,
Guerra, Junior,448855,2021,65.1,67,61,46,44,0,5,2,2,
Morton, Charlie,450203,2021,185.2,136,216,58,69,0,14,6,0,
Davis, Wade,451584,2021,42.2,44,38,19,32,2,0,3,2,
Lester, Jon,452657,2021,141.1,159,91,55,74,0,7,6,0,
Kennedy, Ian,453178,2021,56.1,45,62,17,20,26,3,1,0,
Miller, Andrew,453192,2021,36.0,41,40,16,19,0,0,0,5,
Watson, Tony,453265,2021,57.1,40,44,18,25,0,7,4,19,
Bard, Daniel,453268,2021,65.2,69,80,36,38,20,7,8,4,
LeBlanc, Wade,453281,2021,49.0,56,29,17,24,0,0,2,0,
Parker, Blake,453284,2021,43.2,43,37,14,15,0,2,1,4,
Scherzer, Max,453286,2021,179.1,119,236,36,49,0,15,4,0,
Melancon, Mark,453343,2021,64.2,54,59,25,16,39,4,3,0,
Arrieta, Jake,453562,2021,98.2,131,83,44,81,0,5,14,0,
Martin, Chris,455119,2021,43.1,49,33,6,19,1,2,4,13,
Price, David,456034,2021,73.2,79,58,26,33,1,5,2,2,
Cueto, Johnny,456501,2021,114.2,127,98,30,52,0,7,7,0,
Happ, J.A.,457918,2021,152.1,177,122,48,98,0,10,8,0,
Wilson, Justin,458677,2021,34.0,32,29,16,20,0,1,1,4,
Lynn, Lance,458681,2021,157.0,123,176,45,47,0,11,6,0,
Tomlin, Josh,458708,2021,49.1,69,37,5,36,0,4,0,1,
McGee, Jake,459429,2021,59.2,44,58,10,18,31,3,2,8,
Clippard, Tyler,461325,2021,25.1,22,21,11,9,6,1,1,3,
Soria, Joakim,465657,2021,37.1,39,40,12,21,6,1,4,5,
Chacin, Jhoulys,468504,2021,64.1,53,47,28,31,0,3,2,18,
Carrasco, Carlos,471911,2021,53.2,59,50,18,36,0,1,5,0,
Garcia, Luis,472610,2021,33.1,25,34,8,12,2,1,1,12,
Anderson, Brett,474463,2021,96.0,102,58,28,45,0,4,9,0,
Luetge, Lucas,476595,2021,72.1,67,78,15,22,1,4,2,3,
Kershaw, Clayton,477132,2021,121.2,103,144,21,48,0,10,8,0,
Miley, Wade,489119,2021,163.0,166,125,50,61,0,12,7,0,
Romo, Sergio,489265,2021,61.2,56,60,21,32,3,1,1,12,
Stammen, Craig,489334,2021,88.1,79,83,13,30,1,6,3,7,
Valdez, Cesar,491624,2021,46.0,62,45,14,30,8,2,2,0,
Ottavino, Adam,493603,2021,62.0,55,71,35,29,11,7,3,22,
Guerra, Deolis,500610,2021,65.2,53,62,20,30,0,4,1,3,
Quintana, Jose,500779,2021,63.0,74,85,35,45,0,0,3,4,
Pineda, Michael,501381,2021,109.1,114,88,21,44,0,9,8,0,
Alvarez, Jose,501625,2021,64.2,53,42,19,17,0,5,2,8,
Smith, Joe,501925,2021,39.2,47,34,8,22,0,4,4,4,
Minor, Mike,501985,2021,158.2,156,149,41,89,0,8,12,0,
Gibson, Kyle,502043,2021,182.0,158,155,64,75,0,10,9,0,
Cobb, Alex,502171,2021,93.1,85,98,33,39,0,8,3,0,
Espino, Paolo,502179,2021,109.2,108,92,25,52,1,5,5,0,
Boxberger, Brad,502202,2021,64.2,44,83,25,24,4,5,4,23,
Cahill, Trevor,502239,2021,37.0,42,32,14,27,0,1,5,0,
Santiago, Hector,502327,2021,26.1,27,30,11,10,0,1,1,0,
Anderson, Chase,502624,2021,48.0,51,35,20,36,0,2,4,0,
Holland, Derek,502706,2021,49.2,58,51,20,28,0,3,2,4,
Peralta, Wily,503449,2021,93.2,87,58,38,32,0,4,5,1,
Dolis, Rafael,503569,2021,32.0,29,39,27,20,3,2,3,3,
Darvish, Yu,506433,2021,166.1,138,199,44,78,0,8,11,0,
Colome, Alex,517008,2021,65.0,68,58,23,30,17,4,4,5,
Bumgarner, Madison,518516,2021,146.1,134,124,39,76,0,7,10,0,
Cishek, Steve,518553,2021,68.1,61,64,41,26,0,0,2,21,
Diekman, Jake,518617,2021,60.2,47,83,34,26,7,3,3,14,
Duffy, Danny,518633,2021,61.0,52,65,22,17,0,4,3,0,
Harvey, Matt,518774,2021,127.2,160,95,37,89,0,6,14,0,
Holland, Greg,518813,2021,55.2,49,53,26,30,8,3,5,8,
Kelly, Merrill,518876,2021,158.0,163,130,41,78,0,7,11,0,
Kimbrel, Craig,518886,2021,59.2,31,100,23,15,24,4,5,6,
McFarland, T.J.,519008,2021,38.2,32,21,9,11,0,4,1,15,
Moore, Matt,519043,2021,73.0,78,63,38,51,0,2,4,1,
Nelson, Jimmy,519076,2021,29.0,14,44,13,6,0,1,2,6,
Pomeranz, Drew,519141,2021,25.2,19,30,10,5,0,1,0,13,
Pressly, Ryan,519151,2021,64.0,49,81,13,16,26,5,3,1,
Sale, Chris,519242,2021,42.2,45,52,12,15,0,5,1,0,
Smith, Will,519293,2021,68.0,49,87,28,26,37,3,7,0,
Strickland, Hunter,519326,2021,58.2,46,58,22,17,0,3,2,4,
Workman, Brandon,519443,2021,28.0,36,25,21,17,0,1,2,4,
Hendriks, Liam,521230,2021,71.0,45,113,7,20,38,8,3,0,
Kelly, Joe,523260,2021,44.0,28,50,15,14,2,2,0,13,
Perez, Martin,527048,2021,114.0,136,97,36,60,0,7,8,1,
Castellanos, Humberto,528748,2021,45.2,48,29,15,25,0,2,2,1,
Shoemaker, Matt,533167,2021,60.1,73,40,27,54,0,3,8,0,
Ramirez, Erasmo,541640,2021,26.2,24,20,5,17,0,1,1,1,
Cisnero, Jose,542585,2021,61.2,51,62,31,25,4,4,4,18,
Anderson, Tyler,542881,2021,167.0,170,134,38,84,0,7,11,0,
Andriese, Matt,542882,2021,48.1,65,50,13,28,1,2,3,3,
Armstrong, Shawn,542888,2021,36.0,39,44,15,27,0,1,0,2,
Bass, Anthony,542914,2021,61.1,55,58,24,26,0,3,9,19,
Bleier, Richard,542947,2021,58.0,51,44,6,19,0,3,2,20,
Brach, Brad,542960,2021,30.0,30,33,18,21,1,1,2,10,
Chatwood, Tyler,543022,2021,32.0,26,38,21,20,1,1,3,11,
Cole, Gerrit,543037,2021,181.1,151,243,41,65,0,16,8,0,
Coulombe, Danny,543056,2021,34.1,35,33,7,14,0,3,2,2,
DeSclafani, Anthony,543101,2021,167.2,141,152,42,59,0,13,7,0,
Eovaldi, Nathan,543135,2021,182.1,182,195,35,76,0,11,9,0,
Gray, Sonny,543243,2021,135.1,115,155,50,63,0,7,9,0,
Hand, Brad,543272,2021,64.2,56,61,26,28,21,6,7,3,
Hendricks, Kyle,543294,2021,181.0,200,131,44,96,0,14,7,0,
Hudson, Daniel,543339,2021,51.2,40,75,16,19,0,5,3,16,
Lyles, Jordan,543475,2021,180.0,194,146,56,103,0,10,13,0,
May, Trevor,543507,2021,62.2,55,83,24,25,4,7,3,16,
McHugh, Collin,543521,2021,64.0,48,74,12,11,1,6,1,6,
Nolin, Sean,543594,2021,26.2,32,20,13,13,0,0,2,0,
Odorizzi, Jake,543606,2021,104.2,97,91,34,49,0,6,7,0,
Shaw, Bryan,543766,2021,77.1,69,71,38,30,2,6,7,20,
Familia, Jeurys,544727,2021,59.1,57,72,27,26,1,9,4,12,
Bauer, Trevor,545333,2021,107.2,71,137,37,31,0,8,5,0,
Head, Louis,545343,2021,35.0,21,32,9,9,0,2,0,0,
Poteet, Cody,547001,2021,30.2,25,32,16,17,0,2,3,0,
Lorenzen, Michael,547179,2021,29.0,26,21,14,18,4,1,2,11,
Kim, Kwang Hyun,547942,2021,106.2,98,80,39,41,1,7,7,0,
Ryu, Hyun Jin,547943,2021,169.0,170,143,37,82,0,14,10,0,
Chapman, Aroldis,547973,2021,56.1,36,97,38,21,30,6,4,1,
Raley, Brooks,548384,2021,49.0,43,65,16,26,2,2,3,10,
Stripling, Ross,548389,2021,101.1,99,94,30,54,0,5,7,0,
Kittredge, Andrew,552640,2021,71.2,55,77,15,15,8,9,3,7,
Garcia, Yimi,554340,2021,57.2,49,60,18,27,15,4,9,4,
Wheeler, Zack,554430,2021,213.1,169,247,46,66,0,14,10,0,
Matzek, Tyler,554431,2021,63.0,40,77,37,18,0,0,4,24,
Rodriguez, Joely,570257,2021,46.1,53,47,18,24,1,2,3,14,
Valdez, Phillips,570488,2021,40.0,35,35,19,26,1,2,0,2,
Urena, Jose,570632,2021,100.2,119,67,42,65,0,4,8,1,
Robles, Hansel,570663,2021,69.0,58,76,37,34,14,3,5,17,
Cessa, Luis,570666,2021,64.2,55,54,19,18,0,5,2,4,
Boyd, Matthew,571510,2021,78.2,77,67,23,34,0,3,8,0,
Brothers, Rex,571521,2021,53.0,41,75,35,31,1,3,2,8,
Corbin, Patrick,571578,2021,171.2,192,143,60,111,0,9,16,0,
Farmer, Buck,571656,2021,35.1,40,37,21,25,0,0,0,2,
Floro, Dylan,571670,2021,64.0,53,62,25,20,15,6,6,11,
Givens, Mychal,571710,2021,51.0,43,54,27,19,8,4,3,11,
Hale, David,571735,2021,26.2,30,21,9,19,0,0,2,0,
Heaney, Andrew,571760,2021,129.2,130,150,41,84,0,8,9,0,
Loup, Aaron,571901,2021,56.2,37,57,16,6,0,6,0,17,
Matz, Steven,571927,2021,150.2,158,144,43,64,0,14,7,0,
Mikolas, Miles,571945,2021,44.2,43,31,11,21,0,2,3,0,
Richards, Garrett,572070,2021,136.2,158,115,60,74,3,7,8,2,
Selman, Sam,572125,2021,25.0,20,19,12,16,0,0,1,1,
Smith, Burch,572143,2021,43.1,49,28,11,26,0,1,1,4,
Tepera, Ryan,572193,2021,61.1,35,74,19,19,2,0,2,22,
Greene, Shane,572888,2021,23.2,25,24,14,19,1,0,1,3,
Johnson, Pierce,572955,2021,58.2,47,77,27,21,0,3,4,12,
Keuchel, Dallas,572971,2021,162.0,189,95,59,95,0,9,9,0,
Mantiply, Joe,573009,2021,39.2,45,38,17,15,0,0,3,11,
Rogers, Taylor,573124,2021,40.1,38,59,8,15,9,2,4,8,
Stroman, Marcus,573186,2021,179.0,161,158,44,60,0,10,13,0,
Thielbar, Caleb,573204,2021,64.0,55,77,20,23,0,7,0,12,
Minaya, Juan,573668,2021,40.0,27,43,20,11,0,2,1,7,
Kikuchi, Yusei,579328,2021,157.0,145,163,62,77,0,7,9,0,
Bedrosian, Cam,592135,2021,25.0,27,23,17,14,0,0,0,1,
Claudio, Alex,592222,2021,32.2,37,30,15,20,1,1,2,2,
Crichton, Stefan,592233,2021,23.1,33,17,12,19,4,0,4,5,
Foltynewicz, Mike,592314,2021,139.0,139,97,36,84,0,2,12,0,
Gausman, Kevin,592332,2021,192.0,150,227,50,60,0,14,6,0,
Gonzalez, Chi Chi,592346,2021,101.2,127,56,28,73,0,3,7,0,
Gray, Jon,592351,2021,149.0,140,157,58,76,0,8,12,0,
Hembree, Heath,592390,2021,58.0,45,83,24,36,9,2,7,7,
Jackson, Luke,592426,2021,63.2,45,70,29,14,0,2,2,31,
Plutko, Adam,592644,2021,56.1,65,44,27,42,1,1,2,5,
Ray, Robbie,592662,2021,193.1,150,248,52,61,0,13,7,0,
Sampson, Adrian,592716,2021,35.1,30,28,8,11,0,1,2,0,
Sanchez, Aaron,592717,2021,35.1,32,26,15,12,0,1,1,0,
Shreve, Chasen,592741,2021,56.1,43,45,28,20,0,3,3,12,
Smith, Caleb,592761,2021,113.2,93,124,63,61,0,4,9,2,
Smyly, Drew,592767,2021,126.2,133,117,41,63,0,11,4,0,
Stanek, Ryne,592773,2021,68.1,46,83,37,26,2,3,5,21,
Taillon, Jameson,592791,2021,144.1,130,140,44,69,0,8,6,0,
Velasquez, Vince,592826,2021,94.1,91,101,49,66,0,3,9,0,
Walker, Taijuan,592836,2021,159.0,133,146,55,79,0,7,11,0,
Wick, Rowan,592858,2021,23.0,17,29,14,11,5,0,1,2,
Williams, Trevor,592866,2021,91.0,105,90,31,44,0,4,2,0,
Rodriguez, Richard,593144,2021,64.1,50,42,10,21,14,5,4,8,
German, Domingo,593334,2021,98.1,89,98,27,50,0,4,5,2,
Martinez, Carlos,593372,2021,82.1,77,57,36,57,0,4,9,0,
Montas, Frankie,593423,2021,187.0,164,207,57,70,0,13,9,0,
Neris, Hector,593576,2021,74.1,55,98,32,30,12,4,7,11,
Tapia, Domingo,593619,2021,33.2,25,26,15,10,0,4,1,7,
Suero, Wander,593833,2021,42.2,45,44,15,30,0,2,3,7,
Rodriguez, Eduardo,593958,2021,157.2,172,185,47,83,0,13,8,0,
Peralta, Wandy,593974,2021,51.0,49,43,21,19,5,5,4,5,
Mayers, Mike,594577,2021,75.0,71,90,26,32,2,5,5,18,
deGrom, Jacob,594798,2021,92.0,40,146,11,11,0,7,2,0,
Gonzales, Marco,594835,2021,143.1,125,108,42,63,0,10,6,0,
Ponce de Leon, Daniel,594965,2021,33.1,32,24,22,23,2,1,1,0,
Sadler, Casey,594987,2021,40.1,19,37,10,3,0,0,1,16,
Treinen, Blake,595014,2021,72.1,46,85,25,16,7,6,5,32,
Eickhoff, Jerad,595191,2021,19.2,30,13,10,19,0,0,2,0,
Okert, Steven,595345,2021,36.0,22,40,15,11,0,3,1,2,
Winkler, Dan,595465,2021,39.2,32,40,30,23,0,1,3,6,
Curtiss, John,595928,2021,44.1,42,44,12,17,0,3,1,5,
Ellis, Chris,595939,2021,29.1,21,23,14,7,0,1,0,0,
Junis, Jakob,596001,2021,39.1,43,41,12,23,0,2,4,0,
Maples, Dillon,596027,2021,31.1,15,40,25,9,0,1,0,0,
Norris, Daniel,596057,2021,57.0,55,58,30,39,1,2,3,7,
Peters, Dillon,596071,2021,26.2,26,23,10,11,0,1,2,0,
Stephenson, Robert,596112,2021,46.0,42,52,18,16,1,2,1,4,
Weaver, Luke,596133,2021,65.2,58,62,20,31,0,3,6,0,
Gomber, Austin,596295,2021,115.1,102,113,41,58,0,9,9,0,
Barnes, Matt,598264,2021,54.2,41,84,20,23,24,6,5,0,
Ramirez, Noe,598287,2021,36.0,23,29,12,12,1,0,2,10,
Machado, Andres,600921,2021,35.2,30,30,15,14,0,1,2,11,
Pivetta, Nick,601713,2021,155.0,137,175,65,78,1,9,8,0,
Barlow, Scott,605130,2021,74.1,61,91,28,20,16,5,3,14,
Bassitt, Chris,605135,2021,157.1,127,159,39,55,0,12,4,0,
Benjamin, Wes,605138,2021,22.2,29,19,17,22,0,0,2,0,
Bradley, Archie,605151,2021,51.0,51,40,22,21,2,7,3,13,
Bundy, Dylan,605164,2021,90.2,89,84,34,61,0,2,9,0,
Chafin, Andrew,605177,2021,68.2,45,64,19,14,5,2,4,22,
Cotton, Jharel,605194,2021,30.2,28,30,15,12,0,2,0,3,
Crick, Kyle,605195,2021,24.1,14,21,19,12,0,1,1,6,
Davies, Zach,605200,2021,148.0,162,114,75,95,0,6,12,0,
Fulmer, Michael,605242,2021,69.2,69,73,20,23,14,5,6,9,
Hess, David,605276,2021,20.0,32,18,11,22,0,2,2,2,
Holmes, Clay,605280,2021,70.0,53,78,29,28,0,8,4,12,
Houser, Adrian,605288,2021,142.1,118,105,64,51,0,10,6,0,
Lopez, Jorge,605347,2021,121.2,142,112,56,82,0,3,14,2,
Marshall, Evan,605359,2021,27.1,28,26,9,17,0,0,2,7,
Morgan, Adam,605388,2021,25.1,22,28,12,12,2,2,1,4,
Musgrove, Joe,605397,2021,181.1,142,203,54,64,0,11,9,0,
Nola, Aaron,605400,2021,180.2,165,223,39,93,0,9,9,0,
Rios, Yacksel,605441,2021,27.1,18,23,16,13,0,3,0,1,
Romano, Jordan,605447,2021,63.0,41,85,25,15,23,7,1,5,
Ross, Joe,605452,2021,108.0,98,109,34,50,0,5,9,0,
Snell, Blake,605483,2021,128.2,101,170,69,60,0,7,6,0,
Springs, Jeffrey,605488,2021,44.2,35,63,14,17,2,5,1,10,
Thompson, Zach,605507,2021,75.0,63,66,28,27,0,3,7,0,
Turnbull, Spencer,605513,2021,50.0,37,44,12,16,0,4,2,0,
Wendelken, J.B.,605525,2021,43.2,44,39,22,21,2,4,3,6,
Wisler, Matt,605538,2021,48.2,41,62,11,20,1,3,5,10,
Woodruff, Brandon,605540,2021,179.1,130,211,43,51,0,9,10,0,
Gallegos, Giovanny,606149,2021,80.1,51,95,20,27,14,6,5,24,
Montero, Rafael,606160,2021,49.1,59,42,17,35,7,5,4,4,
Payamps, Joel,606303,2021,50.1,44,38,14,19,0,1,3,0,
Garcia, Jarlin,606424,2021,68.2,48,68,18,20,1,6,3,11,
Barnes, Jacob,606930,2021,28.2,31,33,11,20,2,1,2,1,
Rodon, Carlos,607074,2021,132.2,91,185,36,35,0,13,5,0,
Faria, Jake,607188,2021,32.2,39,32,13,20,0,0,0,0,
Glasnow, Tyler,607192,2021,88.0,55,123,27,26,0,5,2,0,
Fedde, Erick,607200,2021,133.1,144,128,48,81,0,7,9,0,
Romano, Sal,607219,2021,25.0,31,17,11,17,0,0,2,1,
Gsellman, Robert,607229,2021,28.2,27,17,7,12,0,0,1,2,
Gant, John,607231,2021,110.0,95,92,71,50,0,5,11,2,
Garrett, Amir,607237,2021,47.2,46,61,29,32,7,0,4,7,
Patton, Spencer,607359,2021,42.1,36,48,15,18,2,2,2,11,
Mazza, Chris,607391,2021,27.1,26,21,7,14,1,0,0,1,
Banda, Anthony,607455,2021,33.2,39,32,13,16,0,2,2,4,
Bummer, Aaron,607481,2021,56.1,42,75,29,22,2,5,5,21,
Freeland, Kyle,607536,2021,120.2,133,105,38,58,0,7,8,0,
Harper, Ryne,607560,2021,35.2,28,31,14,16,0,0,2,3,
Howard, Sam,607572,2021,45.0,34,60,32,28,0,3,4,11,
Lugo, Seth,607625,2021,46.1,41,55,19,18,1,4,3,14,
Means, John,607644,2021,146.2,125,134,26,59,0,6,9,0,
Estevez, Carlos,608032,2021,61.2,71,60,21,30,11,3,5,15,
De Jong, Chase,608328,2021,43.2,49,39,19,28,0,1,4,0,
Fried, Max,608331,2021,165.2,139,158,41,56,0,14,7,0,
Fulmer, Carson,608334,2021,25.2,26,24,13,19,0,0,0,1,
Funkhouser, Kyle,608335,2021,68.1,58,63,38,26,1,7,4,9,
Giolito, Lucas,608337,2021,178.2,145,201,52,70,0,11,9,0,
Irvin, Cole,608344,2021,178.1,195,125,42,84,0,10,15,0,
Knebel, Corey,608349,2021,25.2,16,30,9,7,3,4,0,7,
Sims, Lucas,608371,2021,47.0,34,76,18,23,7,5,3,9,
Wacha, Michael,608379,2021,124.2,132,121,31,70,0,3,5,2,
Marquez, German,608566,2021,180.0,165,176,64,88,0,12,11,0,
Chargois, JT,608638,2021,53.2,38,53,20,15,0,6,1,15,
Duffey, Tyler,608648,2021,62.1,48,61,28,22,3,3,3,22,
Farrell, Luke,608652,2021,24.2,28,25,13,13,0,1,1,1,
Graveman, Kendall,608665,2021,56.0,35,61,20,11,10,5,1,11,
Leone, Dominic,608678,2021,53.2,37,50,22,9,2,4,5,15,
Steckenrider, Drew,608716,2021,67.2,52,58,17,15,14,5,2,7,
Stratton, Chris,608717,2021,79.1,70,86,33,32,8,7,1,7,
Suter, Brent,608718,2021,73.1,72,69,24,25,1,12,5,9,
Voth, Austin,608723,2021,57.1,57,59,28,34,0,4,1,7,
Castro, Miguel,612434,2021,70.1,48,77,43,27,0,3,4,9,
Adams, Austin,613534,2021,52.2,28,76,35,24,0,3,2,11,
Ruiz, Jose,614179,2021,65.0,51,63,25,22,0,1,3,4,
Quantrill, Cal,615698,2021,149.2,129,121,47,48,0,8,3,1,
Sawamura, Hirokazu,617228,2021,53.0,45,61,32,18,0,5,1,10,
Reyes, Alex,621052,2021,72.1,46,95,52,26,29,10,8,3,
Garza, Justin,621057,2021,28.2,27,29,18,15,0,2,1,0,
Rucker, Michael,621074,2021,28.1,32,30,11,22,1,0,0,0,
Kaprielian, James,621076,2021,119.1,105,123,41,54,0,8,5,0,
Eflin, Zach,621107,2021,105.2,116,99,16,49,0,4,7,0,
Buehler, Walker,621111,2021,207.2,149,212,52,57,0,16,4,0,
Blackburn, Paul,621112,2021,38.1,52,26,10,25,0,1,4,0,
Burr, Ryan,621114,2021,36.2,28,33,21,10,0,2,1,3,
McCullers Jr., Lance,621121,2021,162.1,122,185,76,57,0,13,5,0,
Mills, Alec,621219,2021,119.0,137,87,34,67,1,6,7,0,
Alvarado, Jose,621237,2021,55.2,42,68,47,26,5,7,1,16,
Diaz, Edwin O,621242,2021,62.2,43,89,23,24,32,5,6,0,
Berrios, Jose,621244,2021,192.0,159,204,45,75,0,12,9,0,
Garza Jr., Ralph,621248,2021,30.1,24,29,14,12,1,1,4,2,
Underwood Jr., Duane,621249,2021,72.2,77,65,27,35,0,2,3,4,
Wittgren, Nick,621295,2021,62.1,61,61,17,35,1,2,9,10,
Minter, A.J.,621345,2021,52.1,44,57,20,22,0,3,6,23,
Clay, Sam,621348,2021,45.0,55,34,22,28,0,0,5,13,
Hearn, Taylor,621368,2021,104.1,96,92,42,54,0,6,6,1,
Castro, Anthony,621593,2021,24.2,23,32,8,13,1,1,2,2,
Young, Alex,622065,2021,52.0,65,43,27,38,0,2,6,4,
Wood, Alex,622072,2021,138.2,125,152,39,59,0,10,4,0,
Almonte, Yency,622075,2021,47.2,47,47,29,40,0,1,3,4,
Antone, Tejay,622088,2021,33.2,17,42,13,8,3,2,0,8,
Zimmer, Kyle,622092,2021,54.0,46,46,30,29,2,4,1,10,
Smith, Drew,622098,2021,41.1,28,41,16,11,0,3,1,1,
Sborz, Josh,622250,2021,59.0,52,69,32,26,1,4,3,9,
Staumont, Josh,622251,2021,65.2,43,72,27,21,5,4,3,16,
Tate, Dillon,622253,2021,67.2,61,49,23,33,3,0,6,8,
Rodriguez, Jefry,622446,2021,24.1,25,20,17,16,0,0,0,0,
Castillo, Luis,622491,2021,187.2,181,192,75,83,0,8,16,0,
Crismatt, Nabil,622503,2021,81.1,87,71,24,34,0,3,1,3,
Senzatela, Antonio,622608,2021,156.2,178,105,32,77,0,4,10,0,
Hernandez, Elieser,622694,2021,51.2,54,53,14,24,0,1,3,0,
Diaz, Miguel,622766,2021,42.0,31,46,19,17,1,3,1,2,
Sewald, Paul,623149,2021,64.2,42,104,24,22,11,10,3,16,
Flexen, Chris,623167,2021,179.2,185,125,40,72,0,14,6,0,
Hader, Josh,623352,2021,58.2,25,102,24,8,34,4,2,0,
Goudeau, Ashton,623485,2021,34.1,24,22,17,16,0,2,1,0,
Suarez, Ranger,624133,2021,106.0,73,107,33,16,4,8,5,0,
Thompson, Keegan,624522,2021,53.1,48,55,31,20,1,3,3,1,
Gonzalez, Victor,624647,2021,35.1,32,33,19,14,1,3,1,17,
Lopez, Reynaldo,625643,2021,57.2,42,55,13,22,0,4,4,0,
Maeda, Kenta,628317,2021,106.1,106,113,32,55,0,6,5,0,
Iglesias, Raisel,628452,2021,70.0,53,103,12,20,34,7,5,0,
Urias, Julio,628711,2021,185.2,151,195,38,61,0,20,3,0,
Crowe, Wil,640444,2021,116.2,126,111,57,71,0,4,8,0,
Finnegan, Kyle,640448,2021,66.0,64,68,34,26,11,5,9,13,
Manaea, Sean,640455,2021,179.1,179,194,41,78,0,11,10,0,
Alzolay, Adbert,640470,2021,125.2,112,128,34,64,1,5,13,0,
Lopez, Pablo,641154,2021,102.2,89,115,26,35,0,5,5,0,
Alexander, Tyler,641302,2021,106.1,106,87,28,45,0,2,4,3,
Anderson, Shaun,641312,2021,23.1,36,19,12,22,0,0,0,0,
Bickford, Phil,641360,2021,51.1,36,59,19,16,1,4,2,10,
Bowden, Ben,641386,2021,35.2,44,42,21,26,0,3,2,1,
Brentz, Jake,641394,2021,64.0,45,76,37,26,2,5,2,16,
Brogdon, Connor,641401,2021,57.2,47,50,18,22,1,5,4,11,
Cortes Jr., Nestor,641482,2021,93.0,75,103,25,30,0,2,3,0,
Dunning, Dane,641540,2021,117.2,126,114,43,59,0,5,10,0,
Foster, Matt,641582,2021,39.0,43,40,13,26,1,2,1,2,
Greene, Conner,641632,2021,25.1,32,26,12,20,0,1,3,1,
Hendrix, Ryan,641682,2021,31.2,33,35,16,21,0,5,1,3,
Jimenez, Joe,641729,2021,45.1,34,57,35,30,1,6,1,5,
Kay, Anthony,641743,2021,33.2,38,39,18,21,0,1,2,0,
Keller, Brad,641745,2021,133.2,158,120,64,80,0,8,12,0,
Kinley, Tyler,641755,2021,70.1,59,68,26,37,0,3,2,10,
Kuhl, Chad,641771,2021,80.1,73,75,42,43,0,5,7,4,
Lauer, Eric,641778,2021,118.2,94,117,41,42,0,7,5,2,
Littell, Zack,641793,2021,61.2,46,63,24,20,2,4,0,7,
Mahle, Tyler,641816,2021,180.0,158,210,64,75,0,13,6,0,
Mayza, Tim,641835,2021,53.0,40,57,12,20,1,5,2,19,
McGowin, Kyle,641851,2021,30.0,21,35,14,14,0,0,0,1,
Middleton, Keynan,641871,2021,31.0,30,24,19,17,4,1,2,3,
Murphy, Patrick,641907,2021,28.0,31,29,10,16,0,0,3,5,
Ober, Bailey,641927,2021,92.1,92,96,19,43,0,3,3,0,
Pagan, Emilio,641941,2021,63.1,56,69,18,34,0,4,3,17,
Rogers, Josh,642028,2021,35.2,32,22,14,13,0,2,2,0,
Saucedo, Tayler,642048,2021,25.2,22,19,10,13,0,0,0,1,
Sheffield, Jordan,642068,2021,29.1,19,20,13,11,0,0,0,4,
Slegers, Aaron,642083,2021,31.0,43,25,15,24,0,2,2,2,
Smith, Riley,642092,2021,67.1,86,36,15,45,1,1,4,0,
Sulser, Cole,642121,2021,63.1,48,73,23,19,8,5,4,6,
Taylor, Blake,642130,2021,42.2,38,41,22,15,0,4,4,5,
Trivino, Lou,642152,2021,73.2,58,67,34,26,22,7,8,8,
Widener, Taylor,642203,2021,70.1,65,73,37,34,0,2,1,1,
Williams, Devin,642207,2021,54.0,36,87,28,15,3,8,2,23,
Yarbrough, Ryan,642232,2021,155.0,163,117,27,88,0,9,7,0,
Soto, Gregory,642397,2021,63.2,46,76,40,24,18,6,3,7,
Loaisiga, Jonathan,642528,2021,70.2,56,69,16,17,5,9,4,18,
Barria, Jaime,642545,2021,56.2,70,35,19,29,0,2,4,0,
Peralta, Freddy,642547,2021,144.1,84,195,56,45,0,10,5,0,
Santana, Dennis,642701,2021,54.2,48,46,32,26,0,2,4,7,
Brault, Steven,643230,2021,27.2,33,19,12,18,0,0,3,0,
Cimber, Adam,643256,2021,71.2,61,51,16,18,1,3,4,7,
Dunn, Justin,643290,2021,50.1,37,49,29,21,0,1,3,0,
Fry, Paul,643316,2021,47.1,37,60,35,32,2,4,5,11,
Green, Chad,643338,2021,83.2,57,99,17,29,6,10,7,18,
Jax, Griffin,643377,2021,82.0,82,65,29,58,0,4,5,0,
Rogers, Tyler,643511,2021,81.0,74,55,13,20,13,7,1,30,
Alcantara, Sandy,645261,2021,205.2,171,201,50,73,0,9,15,0,
Pop, Zach,647315,2021,54.2,54,51,24,25,0,1,0,3,
Wells, Alex,649144,2021,42.2,53,26,16,32,0,2,3,0,
Hernandez, Darwinzon,650382,2021,40.0,29,54,31,15,0,2,2,12,
Mejia, J.C.,650496,2021,52.1,60,47,24,48,0,1,7,0,
Garcia, Bryan,650530,2021,39.1,48,32,25,33,2,3,2,3,
Abreu, Bryan,650556,2021,36.0,35,36,18,23,1,3,3,7,
King, Michael,650633,2021,63.1,57,62,24,25,0,2,4,3,
Civale, Aaron,650644,2021,124.1,108,99,31,53,0,12,5,0,
Mejia, Humberto,650668,2021,22.1,32,20,9,18,0,0,3,0,
Quijada, Jose,650671,2021,25.2,20,38,15,13,0,0,2,5,
Santana, Edgar,650828,2021,42.2,37,33,12,17,0,3,0,3,
Cabrera, Genesis,650893,2021,70.0,52,77,36,29,0,4,5,28,
Castillo, Diego,650895,2021,58.1,40,75,17,18,16,5,5,11,
Diplan, Marcos,650959,2021,30.0,22,24,15,15,0,2,0,1,
Abreu, Albert,656061,2021,36.2,27,35,19,21,1,2,0,4,
Barnes, Charlie,656212,2021,38.0,46,20,16,25,0,0,3,0,
Bielak, Brandon,656232,2021,50.0,48,46,21,25,1,3,4,2,
Canning, Griffin,656288,2021,62.2,65,62,28,39,0,5,4,0,
Cease, Dylan,656302,2021,165.2,139,226,68,72,0,13,7,0,
Coonrod, Sam,656322,2021,42.1,41,48,15,19,2,2,2,8,
Davis, Austin,656354,2021,26.1,24,28,12,15,0,1,2,4,
Feyereisen, J.P.,656420,2021,56.0,36,53,33,17,3,4,4,15,
Flaherty, Jack,656427,2021,78.1,57,85,26,28,0,9,2,0,
Gilbert, Tyler,656457,2021,40.0,28,25,13,14,0,2,2,1,
Gilbreath, Lucas,656458,2021,42.2,33,44,23,16,1,3,2,4,
Ginkel, Kevin,656464,2021,28.1,30,31,14,20,0,0,1,6,
Hentges, Sam,656529,2021,68.2,90,68,32,51,0,1,4,0,
Hoffman, Jeff,656546,2021,73.0,70,79,45,37,0,3,5,2,
Holloway, Jordan,656548,2021,36.0,23,36,26,16,0,2,3,0,
Houck, Tanner,656557,2021,69.0,57,87,21,27,1,1,5,1,
Keller, Mitch,656605,2021,100.2,131,92,49,69,0,5,11,0,
Kopech, Michael,656629,2021,69.1,54,103,24,27,0,4,3,15,
Lange, Alex,656638,2021,35.2,37,39,16,16,1,1,3,6,
Martin, Brett,656685,2021,62.1,67,42,14,22,0,4,4,11,
Megill, Trevor,656730,2021,23.2,36,30,8,22,0,1,2,1,
Megill, Tylor,656731,2021,89.2,88,99,27,45,0,4,6,0,
Montgomery, Jordan,656756,2021,157.1,150,162,51,67,0,6,7,0,
Newcomb, Sean,656794,2021,32.1,28,43,27,17,1,2,0,2,
Peterson, David,656849,2021,66.2,64,69,29,41,0,2,6,0,
Rasmussen, Drew,656876,2021,76.0,57,73,25,24,1,4,1,1,
Scott, Tanner,656945,2021,54.0,48,70,37,31,0,5,4,16,
Sheffield, Justus,656954,2021,80.1,105,63,43,61,0,7,8,0,
Steele, Justin,657006,2021,57.0,50,59,27,27,0,4,4,1,
Swanson, Erik,657024,2021,35.1,28,35,10,13,1,0,3,5,
Taylor, Josh,657031,2021,47.2,45,60,23,18,1,1,0,15,
Thompson, Ryan,657044,2021,34.0,26,37,9,9,0,3,2,11,
Toussaint, Touki,657053,2021,50.0,43,48,22,25,0,3,3,0,
Watkins, Spenser,657093,2021,54.2,74,35,19,49,0,2,7,0,
Webb, Jacob,657097,2021,34.1,38,33,14,16,1,5,4,0,
Otto Jr., Glenn,657248,2021,23.1,32,28,8,24,0,0,3,0,
Webb, Logan,657277,2021,148.1,128,158,36,50,0,11,3,1,
Hill, Tim,657612,2021,59.2,51,56,23,24,1,6,6,19,
Ryan, Joe,657746,2021,26.2,16,30,5,12,0,2,1,0,
Lamet, Dinelson,659275,2021,47.0,48,57,22,23,0,2,4,2,
Ohtani, Shohei,660271,2021,130.1,98,156,44,46,0,9,2,0,
Yang, Hyeon-Jong,660365,2021,35.1,42,25,16,22,0,0,3,0,
Diaz, Yennsy,660546,2021,25.0,25,21,12,15,0,0,2,0,
Ynoa, Huascar,660623,2021,91.0,76,100,25,41,0,4,6,0,
Suarez, Jose,660761,2021,98.1,85,85,36,41,0,8,8,0,
Graterol, Brusdar,660813,2021,33.1,34,27,13,17,0,3,0,4,
De Los Santos, Enyel,660853,2021,35.1,43,48,18,25,0,2,1,2,
Alcala, Jorge,660896,2021,59.2,45,61,13,26,1,3,6,11,
Gutierrez, Vladimir,661269,2021,114.0,115,88,46,60,0,9,6,0,
Clase, Emmanuel,661403,2021,69.2,51,74,16,10,24,4,5,6,
Gil, Luis,661563,2021,29.1,20,38,19,10,0,1,1,0,
Thornton, Trent,663423,2021,49.0,54,52,16,26,0,1,3,0,
Rainey, Tanner,663432,2021,31.2,29,42,25,26,3,1,3,10,
Bubic, Kris,663460,2021,130.0,121,114,59,64,0,6,7,0,
Allard, Kolby,663465,2021,124.2,128,104,31,75,0,3,12,1,
McKenzie, Triston,663474,2021,120.0,84,136,58,66,0,5,9,0,
Allen, Logan,663531,2021,50.1,58,37,17,35,0,2,7,0,
Mize, Casey,663554,2021,150.1,130,118,41,62,0,7,9,0,
McClanahan, Shane,663556,2021,123.1,120,141,37,47,0,10,6,0,
Falter, Bailey,663559,2021,33.2,34,34,6,21,0,2,1,2,
Santillan, Tony,663574,2021,43.1,34,56,21,14,0,1,3,0,
Neidert, Nick,663734,2021,35.2,31,21,23,18,0,1,2,0,
Lynch, Daniel,663738,2021,68.0,80,55,31,43,0,4,6,0,
Knehr, Reiss,663753,2021,29.0,23,20,20,16,0,1,2,0,
Woodford, Jake,663765,2021,67.2,66,50,25,30,0,3,4,0,
Evans, Demarcus,663770,2021,26.1,24,33,16,15,0,0,2,3,
Sandoval, Patrick,663776,2021,87.0,69,94,36,35,1,3,6,0,
Kowar, Jackson,663804,2021,30.1,43,29,20,38,0,0,6,0,
Singer, Brady,663903,2021,128.1,146,131,53,70,0,5,10,0,
Paddack, Chris,663978,2021,108.1,115,99,22,61,0,7,7,0,
Stephan, Trevor,663986,2021,63.1,58,75,31,31,1,3,1,3,
Lakins Sr., Travis,664042,2021,28.0,23,24,17,18,0,1,4,3,
Eshelman, Thomas,664045,2021,27.2,34,11,10,22,0,0,3,1,
Gonsolin, Tony,664062,2021,55.2,41,65,34,20,0,4,1,0,
Ponce, Cody,664074,2021,38.1,56,36,11,30,0,0,6,0,
Poppen, Sean,664092,2021,22.2,31,26,9,13,1,1,1,1,
Fairbanks, Pete,664126,2021,42.2,40,56,21,17,5,3,6,14,
Brubaker, JT,664141,2021,124.1,123,129,38,74,0,5,13,0,
Lucchesi, Joey,664192,2021,38.1,34,41,11,19,0,1,4,0,
Clarke, Taylor,664199,2021,43.1,52,39,14,24,0,1,3,7,
Maton III, Phil,664208,2021,66.2,65,85,32,35,0,6,0,5,
Valdez, Framber,664285,2021,134.2,110,125,58,47,0,11,6,0,
Javier, Cristian,664299,2021,101.1,67,130,53,40,2,4,1,5,
Urquidy, Jose,664353,2021,107.0,87,90,19,43,0,8,3,0,
Cousins, Jake,664776,2021,30.0,16,44,19,9,0,1,0,7,
Helsley, Ryan,664854,2021,47.1,40,47,27,24,1,6,4,10,
Keller, Kyle,664918,2021,33.1,30,36,22,24,0,1,1,2,
Misiewicz, Anthony,664948,2021,54.2,61,53,15,28,0,5,5,19,
Kremer, Dean,665152,2021,53.2,63,47,25,45,0,0,7,0,
Cabrera, Edward,665795,2021,26.1,24,28,19,17,0,0,3,0,
Oviedo, Luis,665854,2021,29.2,33,31,26,29,0,1,2,0,
Anderson, Ian,666120,2021,128.1,105,124,53,51,0,9,5,0,
Garrett, Braxton,666129,2021,34.0,42,32,20,19,0,1,2,0,
Manning, Matt,666159,2021,85.1,96,57,33,55,0,4,7,0,
Thompson, Mason,666168,2021,24.2,32,23,15,11,0,1,3,7,
Luzardo, Jesus,666200,2021,95.1,106,98,48,70,0,6,9,1,
Manoah, Alek,666201,2021,111.2,77,127,40,40,0,9,2,0,
Muller, Kyle,666205,2021,36.2,26,37,20,17,0,2,4,0,
Doval, Camilo,666808,2021,27.0,19,37,9,9,3,5,1,6,
Nance, Tommy,667297,2021,28.2,25,30,13,23,0,1,1,5,
Sanchez, Miguel,667376,2021,26.0,27,23,14,12,0,2,1,0,
King, John,667463,2021,46.0,41,40,12,18,0,7,5,4,
Dugger, Robert,667498,2021,25.2,34,19,12,21,0,0,2,0,
Plesac, Zach,668676,2021,142.2,137,100,34,74,0,10,6,0,
Gallen, Zac,668678,2021,121.1,108,139,49,58,0,4,10,0,
Kranick, Max,668820,2021,38.2,47,32,19,27,0,2,3,0,
Wilson, Bryse,669060,2021,74.0,85,46,22,44,0,3,7,0,
Zimmermann, Bruce,669145,2021,64.1,75,56,22,36,0,4,5,0,
Burnes, Corbin,669203,2021,167.0,123,234,34,45,0,11,5,0,
Akin, Keegan,669211,2021,95.0,110,82,40,70,0,2,10,0,
Morgan, Eli,669212,2021,89.1,90,81,22,53,0,5,7,0,
Campbell, Paul,669294,2021,26.2,32,26,10,19,0,2,3,0,
Gilbert, Logan,669302,2021,119.1,112,128,28,62,0,6,5,0,
Wells, Tyler,669330,2021,57.0,40,65,12,26,4,2,3,1,
Skubal, Tarik,669373,2021,149.1,141,164,47,72,0,8,12,0,
Rogers, Trevor,669432,2021,133.0,107,157,46,39,0,7,8,0,
Bieber, Shane,669456,2021,96.2,84,134,33,34,0,7,4,0,
Barlow, Joe,669618,2021,29.0,12,27,12,5,11,0,2,3,
Bender, Anthony,669622,2021,61.1,45,71,20,19,3,3,2,12,
Long, Sam,669674,2021,40.2,37,38,15,25,0,2,1,0,
Rodriguez, Chris,669735,2021,29.2,28,29,15,12,0,2,1,2,
White, Mitch,669952,2021,46.2,38,49,17,19,0,1,3,0,
Bednar, David,670280,2021,60.2,40,77,19,15,3,3,1,13,
Oviedo, Johan,670912,2021,62.1,61,51,37,34,0,0,5,0,
Richards, Trevor,670950,2021,64.1,40,78,22,25,1,7,2,6,
Ramirez, Yohan,670990,2021,27.2,18,35,12,12,2,1,3,0,
Detmers, Reid,672282,2021,20.2,26,19,11,17,0,1,3,0,
Perez, Cionel,672335,2021,24.0,21,25,20,17,0,1,2,0,
Hernandez, Carlos,672578,2021,85.2,69,74,41,35,0,6,2,0,
Patino, Luis,672715,2021,77.1,69,74,29,37,0,5,3,0,
Guenther, Sean,674944,2021,20.1,31,15,10,21,0,0,1,0,
Lowther, Zac,675912,2021,29.2,36,30,13,22,0,1,3,0,
Karinchak, James,675916,2021,55.1,35,78,32,25,11,7,4,13,
Howard, Spencer,675921,2021,49.2,53,52,27,41,0,0,5,0,
Naughton, Packy,676050,2021,22.2,27,12,14,16,0,0,4,0,
Heuer, Codi,676051,2021,67.1,65,56,23,32,2,7,4,18,
Whitlock, Garrett,676477,2021,73.1,64,81,17,16,2,8,4,14,
Fleming, Josh,676596,2021,104.1,110,65,31,59,1,10,8,3,
Zuber, Tyler,676604,2021,27.1,26,25,17,19,0,0,3,4,
Vest, Will,676684,2021,35.0,38,27,18,24,0,1,0,6,
Whitley, Kodi,676831,2021,25.1,15,27,12,7,0,0,0,4,
Peacock, Matt,676840,2021,86.1,107,50,28,47,0,5,7,0,
Ashby, Aaron,676879,2021,31.2,25,39,12,16,1,3,2,1,
de Geus, Brett,676969,2021,50.0,62,41,25,42,0,3,2,3,
Crochet, Garrett,676979,2021,54.1,42,65,27,17,0,3,5,14,
Garcia, Luis,677651,2021,155.1,133,167,50,60,0,11,8,0,
Weathers, Ryan,677960,2021,94.2,101,72,30,56,1,4,7,0,
Dobnak, Randy,677976,2021,50.2,66,27,12,43,1,1,7,0,
Gray, Josiah,680686,2021,70.2,63,76,33,43,0,2,2,0,
Sandlin, Nick,680704,2021,33.2,21,48,17,11,0,1,1,5,
Wantz, Andrew,681806,2021,27.1,23,38,11,15,0,1,0,0,
Vesia, Alex,681911,2021,40.0,17,54,22,10,1,3,1,10,
Mears, Nick,683232,2021,23.1,25,23,13,13,0,1,0,3,
Arihara, Kohei,685503,2021,40.2,45,24,13,30,0,2,4,0,
Wainwright, Adam,425794,2020,65.2,54,54,15,23,0,5,3,0,
Greinke, Zack,425844,2020,67.0,67,67,9,30,0,3,3,0,
Sanchez, Anibal,434671,2020,53.0,70,43,18,39,0,4,5,0,
Kintzler, Brandon,445213,2020,24.1,21,14,11,6,12,2,3,1,
Jansen, Kenley,445276,2020,24.1,19,33,9,9,11,3,1,0,
Hill, Rich,448179,2020,38.2,28,31,17,13,0,2,2,0,
Guerra, Junior,448855,2020,23.2,17,21,15,8,0,1,2,4,
Morton, Charlie,450203,2020,38.0,43,42,10,20,0,2,2,0,
Lester, Jon,452657,2020,61.0,64,42,17,35,0,3,3,0,
Hughes, Jared,453172,2020,22.1,23,21,14,12,0,1,2,2,
Bard, Daniel,453268,2020,24.2,22,27,10,10,6,4,2,2,
LeBlanc, Wade,453281,2020,22.1,27,13,8,20,0,1,0,0,
Scherzer, Max,453286,2020,67.1,70,92,23,28,0,5,4,0,
Arrieta, Jake,453562,2020,44.1,51,32,16,25,0,4,4,0,
Cueto, Johnny,456501,2020,63.1,61,56,26,38,0,2,3,0,
Happ, J.A.,457918,2020,49.1,37,42,15,19,0,2,2,0,
Lindblom, Josh,458676,2020,45.1,42,52,16,26,0,2,4,0,
Lynn, Lance,458681,2020,84.0,64,89,25,31,0,6,3,0,
Tomlin, Josh,458708,2020,39.2,40,36,8,21,0,2,2,1,
Gonzalez, Gio,461829,2020,31.2,40,34,19,17,0,1,2,0,
Carrasco, Carlos,471911,2020,68.0,55,82,27,22,0,3,4,0,
Anderson, Brett,474463,2020,47.0,50,32,10,22,0,4,4,0,
Kershaw, Clayton,477132,2020,58.1,41,62,8,14,0,6,2,0,
Hunter, Tommy,488984,2020,24.2,22,25,6,11,1,0,1,8,
Stammen, Craig,489334,2020,24.0,27,20,4,15,0,4,2,6,
Pineda, Michael,501381,2020,26.2,25,25,7,10,0,2,0,0,
Minor, Mike,501985,2020,56.2,50,62,20,35,0,1,6,0,
Gibson, Kyle,502043,2020,67.1,73,58,30,40,0,2,6,0,
Cobb, Alex,502171,2020,52.1,52,38,18,25,0,2,5,0,
Cahill, Trevor,502239,2020,25.0,16,31,14,9,0,1,2,1,
Anderson, Chase,502624,2020,33.2,45,38,10,27,0,1,2,0,
Holland, Derek,502706,2020,40.2,42,45,15,31,0,1,3,0,
Dolis, Rafael,503569,2020,24.0,16,31,14,4,5,2,2,7,
Darvish, Yu,506433,2020,76.0,59,93,14,17,0,8,3,0,
Brasier, Ryan,518489,2020,25.0,24,30,11,11,0,1,0,10,
Bumgarner, Madison,518516,2020,41.2,47,30,13,30,0,1,4,0,
Duffy, Danny,518633,2020,56.1,53,57,22,31,0,4,4,1,
Holland, Greg,518813,2020,28.1,20,31,7,6,6,3,0,2,
Kelly, Merrill,518876,2020,31.1,26,29,5,9,0,3,2,0,
Porcello, Rick,519144,2020,59.0,74,54,15,37,0,1,7,0,
Workman, Brandon,519443,2020,19.2,31,23,13,13,9,1,4,1,
Perez, Martin,527048,2020,62.0,55,46,28,31,0,3,5,0,
Teheran, Julio,527054,2020,31.1,39,20,16,35,0,0,4,0,
Shoemaker, Matt,533167,2020,28.2,22,26,9,15,0,0,1,0,
Cisnero, Jose,542585,2020,29.2,23,34,10,10,0,3,3,7,
Anderson, Tyler,542881,2020,59.2,58,41,25,29,0,4,3,0,
Andriese, Matt,542882,2020,32.0,21,33,11,16,2,2,4,3,
Bass, Anthony,542914,2020,25.2,17,21,9,10,7,2,3,4,
Cole, Gerrit,543037,2020,73.0,53,94,17,23,0,7,3,0,
DeSclafani, Anthony,543101,2020,33.2,41,25,16,27,0,1,2,0,
Eovaldi, Nathan,543135,2020,48.1,51,52,7,20,0,4,2,0,
Gray, Sonny,543243,2020,56.0,42,72,26,23,0,5,3,0,
Hendricks, Kyle,543294,2020,81.1,73,64,8,26,0,6,5,0,
Lyles, Jordan,543475,2020,57.2,67,36,23,45,0,1,6,0,
Milone, Tommy,543548,2020,39.0,55,40,6,29,0,1,4,0,
Roark, Tanner,543699,2020,47.2,60,41,23,36,0,2,3,0,
Weber, Ryan,543901,2020,43.0,44,27,14,21,0,1,3,5,
Familia, Jeurys,544727,2020,26.2,20,23,19,11,0,2,0,5,
Diaz, Jairo,545064,2020,20.0,31,17,14,17,4,1,2,3,
Bauer, Trevor,545333,2020,73.0,41,100,17,14,0,5,4,0,
Lorenzen, Michael,547179,2020,33.2,30,35,17,16,0,3,1,2,
Tanaka, Masahiro,547888,2020,48.0,48,44,8,19,0,3,3,0,
Kim, Kwang Hyun,547942,2020,39.0,28,24,12,7,1,3,0,0,
Ryu, Hyun Jin,547943,2020,67.0,60,72,17,20,0,5,2,0,
Stripling, Ross,548389,2020,49.1,56,40,18,32,1,3,3,0,
Wheeler, Zack,554430,2020,71.0,67,53,16,23,0,4,2,0,
Matzek, Tyler,554431,2020,29.0,23,43,10,9,0,4,3,1,
Pena, Felix,570240,2020,26.2,27,29,8,12,2,3,0,4,
Valdez, Phillips,570488,2020,30.1,33,30,16,11,0,1,1,5,
Urena, Jose,570632,2020,23.1,22,15,13,14,0,0,3,0,
Boyd, Matthew,571510,2020,60.1,67,60,22,45,0,3,7,0,
Corbin, Patrick,571578,2020,65.2,85,60,18,34,0,2,7,0,
Fiers, Mike,571666,2020,59.0,65,37,16,30,0,6,3,0,
Heaney, Andrew,571760,2020,66.2,63,70,19,33,0,4,3,0,
Matz, Steven,571927,2020,30.2,42,36,10,33,0,0,5,0,
Richards, Garrett,572070,2020,51.1,47,46,17,23,0,2,2,1,
Erlin, Robbie,572362,2020,26.2,33,25,7,24,0,0,0,0,
Greene, Shane,572888,2020,27.2,22,21,9,8,0,1,0,9,
Keuchel, Dallas,572971,2020,63.1,52,42,17,14,0,6,2,0,
Kikuchi, Yusei,579328,2020,47.0,41,47,20,27,0,2,4,0,
Crichton, Stefan,592233,2020,26.0,22,23,9,7,5,2,2,2,
Gausman, Kevin,592332,2020,59.2,50,79,16,24,0,3,3,0,
Gray, Jon,592351,2020,39.0,45,22,11,29,0,2,4,0,
Jackson, Luke,592426,2020,26.1,39,20,13,20,0,2,0,1,
Plutko, Adam,592644,2020,27.2,30,15,7,15,1,2,2,0,
Ray, Robbie,592662,2020,51.2,53,68,45,38,0,2,5,0,
Shreve, Chasen,592741,2020,25.0,17,34,12,11,0,1,0,1,
Smyly, Drew,592767,2020,26.1,20,42,9,10,0,0,1,0,
Velasquez, Vince,592826,2020,34.0,36,46,17,21,0,1,1,0,
Walker, Taijuan,592836,2020,53.1,43,50,19,16,0,4,3,0,
Williams, Trevor,592866,2020,55.1,66,49,21,38,0,2,8,0,
Wojciechowski, Asher,592879,2020,37.0,45,31,15,28,0,1,3,0,
Martinez, Carlos,593372,2020,20.0,32,17,10,22,0,0,3,0,
Montas, Frankie,593423,2020,53.0,57,60,23,33,0,3,5,0,
Neris, Hector,593576,2020,21.2,24,27,13,11,5,2,2,4,
Suero, Wander,593833,2020,23.2,20,28,10,10,0,2,0,7,
Peralta, Wandy,593974,2020,27.1,22,25,11,10,0,1,1,1,
Mayers, Mike,594577,2020,30.0,18,43,9,7,2,2,0,5,
Dayton, Grant,594795,2020,27.1,22,32,11,7,0,2,1,0,
deGrom, Jacob,594798,2020,68.0,47,104,18,18,0,4,2,0,
Gonzales, Marco,594835,2020,69.2,59,64,7,24,0,7,2,0,
Ponce de Leon, Daniel,594965,2020,32.2,23,45,20,18,0,1,3,0,
Smith, Josh A.,595001,2020,26.1,33,18,11,20,1,1,1,1,
Treinen, Blake,595014,2020,25.2,23,22,8,11,1,3,3,9,
Junis, Jakob,596001,2020,25.1,35,19,6,18,0,0,2,1,
Norris, Daniel,596057,2020,27.2,25,28,7,10,0,3,1,0,
Weaver, Luke,596133,2020,52.0,63,55,18,38,0,1,9,0,
Gomber, Austin,596295,2020,29.0,19,27,15,6,0,1,1,1,
Barnes, Matt,598264,2020,23.0,18,31,14,11,9,1,3,4,
Barlow, Scott,605130,2020,30.0,27,39,9,14,2,2,1,7,
Bassitt, Chris,605135,2020,63.0,56,55,17,16,0,5,2,0,
Brewer, Colten,605155,2020,25.2,31,25,14,16,0,0,3,1,
Bundy, Dylan,605164,2020,65.2,51,72,17,24,0,6,3,0,
Clevinger, Mike,605182,2020,41.2,34,40,14,14,0,3,2,0,
Davies, Zach,605200,2020,69.1,55,63,19,21,0,7,4,0,
Fulmer, Michael,605242,2020,27.2,45,20,12,27,0,0,2,0,
Houser, Adrian,605288,2020,56.0,63,44,21,33,0,1,6,0,
Lopez, Jorge,605347,2020,39.0,46,28,12,29,0,2,2,0,
Musgrove, Joe,605397,2020,39.2,33,55,16,17,0,1,5,0,
Nola, Aaron,605400,2020,71.1,54,96,23,26,0,5,5,0,
Snell, Blake,605483,2020,50.0,42,63,18,18,0,4,2,0,
Turnbull, Spencer,605513,2020,56.2,47,51,29,25,0,4,4,0,
Wendelken, J.B.,605525,2020,25.0,17,31,11,5,0,1,1,2,
Wisler, Matt,605538,2020,25.1,15,35,14,3,1,0,1,5,
Woodruff, Brandon,605540,2020,73.2,55,91,18,25,0,3,5,0,
Glasnow, Tyler,607192,2020,57.1,43,91,22,26,0,5,1,0,
Fedde, Erick,607200,2020,50.1,47,28,22,24,0,2,4,0,
Mazza, Chris,607391,2020,30.0,34,29,15,16,0,1,2,0,
Freeland, Kyle,607536,2020,70.2,77,46,23,34,0,2,3,0,
Harper, Ryne,607560,2020,23.2,29,25,9,20,0,1,0,1,
Lugo, Seth,607625,2020,36.2,40,47,10,21,3,3,4,0,
Means, John,607644,2020,43.2,36,42,7,22,0,2,4,0,
Estevez, Carlos,608032,2020,24.0,33,27,9,20,1,1,3,6,
Fried, Max,608331,2020,56.0,42,50,19,14,0,7,0,0,
Giolito, Lucas,608337,2020,72.1,47,97,28,28,0,4,3,0,
Sims, Lucas,608371,2020,25.2,13,34,11,7,0,3,0,5,
Wacha, Michael,608379,2020,34.0,46,37,7,25,0,1,4,0,
Marquez, German,608566,2020,81.2,78,73,25,34,0,4,6,0,
Stratton, Chris,608717,2020,30.0,26,39,13,13,0,2,1,5,
Suter, Brent,608718,2020,31.2,30,38,5,11,0,2,0,2,
Voth, Austin,608723,2020,49.2,57,44,18,35,0,2,5,0,
Castro, Miguel,612434,2020,24.2,28,38,13,11,1,2,2,5,
Quantrill, Cal,615698,2020,32.0,31,31,8,8,1,2,0,2,
Eflin, Zach,621107,2020,59.0,60,70,15,26,0,4,2,0,
Buehler, Walker,621111,2020,36.2,24,42,11,14,0,1,0,0,
McCullers Jr., Lance,621121,2020,55.0,44,56,20,24,0,3,3,0,
Buttrey, Ty,621142,2020,26.1,28,18,9,17,5,2,3,2,
Mills, Alec,621219,2020,62.1,53,46,19,31,0,5,5,0,
Diaz, Edwin O,621242,2020,25.2,18,50,14,5,6,2,1,1,
Berrios, Jose,621244,2020,63.0,57,68,26,28,0,5,4,0,
Young, Alex,622065,2020,46.1,51,39,14,28,0,2,4,1,
Almonte, Yency,622075,2020,27.2,25,23,6,9,1,3,0,4,
Antone, Tejay,622088,2020,35.1,20,45,16,11,0,0,3,1,
Staumont, Josh,622251,2020,25.2,20,37,16,7,0,2,1,8,
Castillo, Luis,622491,2020,70.0,62,89,24,25,0,4,6,0,
Senzatela, Antonio,622608,2020,73.1,71,41,18,28,0,5,3,0,
Hernandez, Elieser,622694,2020,25.2,21,34,5,9,0,1,0,0,
Cordero, Jimmy,622772,2020,26.2,33,22,9,18,0,1,2,9,
Castellani, Ryan,624418,2020,43.1,37,25,26,28,0,1,4,0,
Lopez, Reynaldo,625643,2020,26.1,28,24,15,19,0,1,3,0,
Maeda, Kenta,628317,2020,66.2,40,80,10,20,0,6,1,0,
Urias, Julio,628711,2020,55.0,45,45,18,20,0,3,0,0,
Finnegan, Kyle,640448,2020,24.2,21,27,13,8,0,1,0,4,
Manaea, Sean,640455,2020,54.0,57,45,8,27,0,4,3,0,
Lopez, Pablo,641154,2020,57.1,50,59,18,23,0,6,4,0,
Alexander, Tyler,641302,2020,36.1,39,34,9,16,0,2,3,0,
Castano, Daniel,641447,2020,29.2,30,12,11,10,0,1,2,0,
Dunning, Dane,641540,2020,34.0,25,35,13,15,0,2,0,0,
Foster, Matt,641582,2020,28.2,16,31,9,7,0,6,1,2,
Hatch, Thomas,641672,2020,26.1,18,23,13,8,0,3,1,3,
Hudson, Dakota,641712,2020,39.0,24,31,15,12,0,3,2,0,
Jimenez, Joe,641729,2020,22.2,25,22,6,18,5,1,3,4,
Keller, Brad,641745,2020,54.2,39,35,17,15,0,5,3,0,
Kuhl, Chad,641771,2020,46.1,35,44,28,22,0,2,3,0,
Mahle, Tyler,641816,2020,47.2,34,60,21,19,0,2,2,0,
Slegers, Aaron,642083,2020,26.0,18,19,5,10,2,0,0,2,
Sulser, Cole,642121,2020,22.2,17,19,17,14,5,1,5,1,
Williams, Devin,642207,2020,27.0,8,53,9,1,0,4,1,9,
Yarbrough, Ryan,642232,2020,55.2,54,44,12,22,0,1,4,0,
Loaisiga, Jonathan,642528,2020,23.0,21,22,7,9,0,3,0,2,
Barria, Jaime,642545,2020,32.1,27,27,9,13,0,1,0,0,
Hernandez, Jonathan,642546,2020,31.0,24,31,8,10,0,5,1,5,
Peralta, Freddy,642547,2020,29.1,22,47,12,13,0,3,1,3,
Brault, Steven,643230,2020,42.2,29,38,22,16,0,1,3,0,
Dunn, Justin,643290,2020,45.2,31,38,31,22,0,4,1,0,
Godley, Zack,643327,2020,28.2,42,28,14,26,0,0,4,0,
Green, Chad,643338,2020,25.2,13,32,8,10,1,3,3,6,
Rogers, Tyler,643511,2020,28.0,31,27,6,14,3,3,3,10,
Alcantara, Sandy,645261,2020,42.0,35,39,15,14,0,3,2,0,
King, Michael,650633,2020,26.2,30,26,11,23,0,1,2,0,
Civale, Aaron,650644,2020,74.0,82,69,16,39,0,4,6,0,
Bielak, Brandon,656232,2020,32.0,39,26,17,24,0,3,3,0,
Canning, Griffin,656288,2020,56.1,54,56,23,25,0,2,3,0,
Cease, Dylan,656302,2020,58.1,50,44,34,26,0,5,4,0,
Flaherty, Jack,656427,2020,40.1,33,49,16,22,0,4,3,0,
Hoffman, Jeff,656546,2020,21.1,32,20,9,22,1,2,1,0,
Holder, Jonathan,656547,2020,21.2,25,14,11,12,0,3,0,0,
Montgomery, Jordan,656756,2020,44.0,48,47,9,25,0,2,3,0,
Peterson, David,656849,2020,49.2,36,40,24,19,0,6,2,0,
Sheffield, Justus,656954,2020,55.1,52,48,20,22,0,4,3,0,
Thompson, Ryan,657044,2020,26.1,29,23,8,13,1,1,2,4,
Toussaint, Touki,657053,2020,24.1,27,30,16,24,0,0,2,0,
Wright, Kyle,657140,2020,38.0,35,30,24,22,0,2,4,0,
Webb, Logan,657277,2020,54.1,61,46,24,33,0,3,4,0,
Lamet, Dinelson,659275,2020,69.0,39,93,20,16,0,3,1,0,
Ynoa, Huascar,660623,2020,21.2,23,17,13,14,0,0,0,0,
Bubic, Kris,663460,2020,50.0,52,49,22,24,0,1,6,0,
Allard, Kolby,663465,2020,33.2,31,32,20,29,0,0,6,0,
McKenzie, Triston,663474,2020,33.1,21,42,9,12,0,2,1,0,
Mize, Casey,663554,2020,28.1,29,26,13,22,0,0,3,0,
Sandoval, Patrick,663776,2020,36.2,37,33,12,23,0,1,5,0,
Singer, Brady,663903,2020,64.1,52,61,23,29,0,4,5,0,
Paddack, Chris,663978,2020,59.0,60,58,12,31,0,4,5,0,
Lakins Sr., Travis,664042,2020,25.2,25,25,13,8,1,3,2,1,
Eshelman, Thomas,664045,2020,34.2,34,16,9,15,0,3,1,0,
Gonsolin, Tony,664062,2020,46.2,32,46,7,12,0,2,2,0,
Fairbanks, Pete,664126,2020,26.2,23,39,14,8,0,6,3,7,
Hartlieb, Geoff,664129,2020,22.1,16,19,19,9,0,1,0,5,
Brubaker, JT,664141,2020,47.1,48,48,17,26,0,1,3,1,
Clarke, Taylor,664199,2020,43.1,35,40,21,21,0,3,0,0,
Valdez, Framber,664285,2020,70.2,63,76,16,28,0,5,3,0,
Javier, Cristian,664299,2020,54.1,36,54,18,21,0,5,2,0,
Sanchez, Sixto,664350,2020,39.0,36,33,11,15,0,3,2,0,
Urquidy, Jose,664353,2020,29.2,22,17,8,9,0,1,1,0,
Garcia, Deivi,665620,2020,34.1,35,33,6,19,0,3,2,0,
Anderson, Ian,666120,2020,32.1,21,41,14,7,0,3,2,0,
Luzardo, Jesus,666200,2020,59.0,58,59,17,27,0,3,2,0,
Plesac, Zach,668676,2020,55.1,38,57,6,14,0,4,2,0,
Gallen, Zac,668678,2020,72.0,55,82,25,22,0,3,2,0,
Scrubb, Andre,668687,2020,23.2,15,24,20,5,1,1,0,2,
May, Dustin,669160,2020,56.0,45,44,16,16,0,3,1,1,
Burnes, Corbin,669203,2020,59.2,37,88,24,14,0,4,1,0,
Akin, Keegan,669211,2020,25.2,27,35,10,13,0,1,2,0,
Skubal, Tarik,669373,2020,32.0,28,37,11,20,0,1,4,0,
Rogers, Trevor,669432,2020,28.0,32,39,13,19,0,1,2,0,
Bieber, Shane,669456,2020,77.1,46,122,21,14,0,8,1,0,
Oviedo, Johan,670912,2020,24.2,24,16,10,15,0,0,3,0,
Richards, Trevor,670950,2020,32.0,44,27,11,21,0,0,0,0,
Karinchak, James,675916,2020,27.0,14,53,16,8,1,1,2,8,
Howard, Spencer,675921,2020,24.1,30,23,10,16,0,1,2,0,
Fleming, Josh,676596,2020,32.1,28,25,7,10,0,5,0,1,
Margevicius, Nick,676606,2020,41.1,38,36,14,21,0,2,3,0,
Dobnak, Randy,677976,2020,46.2,50,27,13,21,0,6,4,0,
Yamaguchi, Shun,685493,2020,25.2,28,26,17,23,0,2,4,1,
Sabathia, CC,282332,2019,107.1,112,107,39,59,0,5,8,1,
Rodney, Fernando,407845,2019,47.2,49,49,28,30,2,0,5,17,
Perez, Oliver,424144,2019,40.2,38,48,12,18,1,2,4,22,
Wainwright, Adam,425794,2019,171.2,181,153,64,80,0,14,10,0,
Greinke, Zack,425844,2019,208.2,175,187,30,68,0,18,5,0,
Jackson, Edwin,429719,2019,67.2,105,52,32,72,0,3,10,0,
Hamels, Cole,430935,2019,141.2,141,143,56,60,0,7,7,0,
Hernandez, Felix,433587,2019,71.2,85,57,25,51,0,1,8,0,
Petit, Yusmeiro,433589,2019,83.0,57,71,10,25,0,5,3,29,
Verlander, Justin,434378,2019,223.0,137,300,42,64,0,21,6,0,
Liriano, Francisco,434538,2019,70.0,60,63,35,27,0,5,3,12,
Sanchez, Anibal,434671,2019,166.0,153,134,58,71,0,11,8,0,
Duke, Zach,435043,2019,23.1,21,18,18,13,0,3,1,4,
Rondon, Hector,444468,2019,60.2,56,48,20,25,0,3,2,19,
Kintzler, Brandon,445213,2019,57.0,45,48,13,17,1,3,3,17,
Jansen, Kenley,445276,2019,63.0,51,80,16,26,33,5,3,0,
Chavez, Jesse,445926,2019,78.0,82,72,22,42,1,3,5,8,
Detwiler, Ross,446321,2019,69.2,86,46,27,51,0,3,5,0,
Kluber, Corey,446372,2019,35.2,44,38,15,23,0,2,3,0,
Hill, Rich,448179,2019,58.2,48,72,18,16,0,4,1,0,
Doolittle, Sean,448281,2019,60.0,63,66,15,27,29,6,5,2,
Guerra, Junior,448855,2019,83.2,58,77,36,33,3,9,5,20,
Morton, Charlie,450203,2019,194.2,154,240,57,66,0,16,6,0,
Vargas, Jason,450306,2019,149.2,141,124,63,75,0,7,9,0,
Davis, Wade,451584,2019,42.2,51,42,29,41,15,1,6,0,
Lester, Jon,452657,2019,171.2,205,165,52,85,0,13,10,0,
Hughes, Jared,453172,2019,71.1,57,54,27,32,1,5,5,8,
Kennedy, Ian,453178,2019,63.1,64,73,17,24,30,3,2,1,
Miller, Andrew,453192,2019,54.2,45,70,27,27,6,5,6,28,
Watson, Tony,453265,2019,54.0,56,41,12,25,0,2,2,25,
LeBlanc, Wade,453281,2019,121.1,145,92,31,77,0,6,7,0,
Parker, Blake,453284,2019,61.1,53,65,22,31,10,3,3,13,
Scherzer, Max,453286,2019,172.1,144,243,33,56,0,11,7,0,
Buchholz, Clay,453329,2019,59.0,72,39,16,43,0,2,5,0,
Melancon, Mark,453343,2019,67.1,71,68,18,27,12,5,2,5,
Richard, Clayton,453385,2019,45.1,53,22,18,30,0,1,5,0,
Arrieta, Jake,453562,2019,135.2,149,110,51,70,0,8,8,0,
Martin, Chris,455119,2019,55.2,52,65,5,21,4,1,3,18,
Price, David,456034,2019,107.1,109,128,32,51,0,7,5,0,
Noesi, Hector,456051,2019,27.2,30,24,14,26,0,0,3,0,
Hernandez, David,456696,2019,42.2,53,53,20,38,2,2,5,12,
Bailey, Homer,456701,2019,163.1,162,149,53,83,0,13,9,0,
Guerra, Javy,457915,2019,67.2,67,57,17,35,2,3,1,5,
Happ, J.A.,457918,2019,161.1,160,140,49,88,0,12,8,0,
Albers, Matt,458006,2019,59.2,53,57,29,34,4,8,6,10,
Wilson, Justin,458677,2019,39.0,33,44,19,11,4,4,2,9,
Lynn, Lance,458681,2019,208.1,195,246,59,85,0,16,11,0,
Tomlin, Josh,458708,2019,79.1,82,51,7,33,2,2,1,7,
McGee, Jake,459429,2019,41.1,47,35,11,20,0,0,2,4,
Blevins, Jerry,460283,2019,32.1,25,37,16,14,1,1,0,10,
Clippard, Tyler,461325,2019,62.0,38,64,15,20,0,1,0,8,
Gonzalez, Gio,461829,2019,87.1,76,78,37,34,0,3,2,0,
Swarzak, Anthony,461872,2019,53.1,52,52,27,27,4,3,4,17,
Estrada, Marco,462136,2019,23.2,23,11,8,18,0,0,2,0,
Soria, Joakim,465657,2019,69.0,51,79,20,33,1,2,4,21,
Strop, Pedro,467008,2019,41.2,33,49,20,23,10,2,5,6,
Nova, Ivan,467100,2019,187.0,225,114,47,98,0,11,12,0,
Chacin, Jhoulys,468504,2019,103.1,115,101,46,69,0,3,12,0,
Carrasco, Carlos,471911,2019,80.0,92,96,16,47,1,6,7,1,
Garcia, Luis,472610,2019,62.0,61,57,33,30,1,2,1,6,
Dyson, Sam,473879,2019,62.1,53,55,13,23,2,5,1,23,
Anderson, Brett,474463,2019,176.0,181,90,49,76,0,13,9,0,
Roe, Chaz,475054,2019,51.0,49,65,31,23,1,1,3,25,
Ross, Tyson,475115,2019,35.1,41,25,18,24,0,1,5,0,
Phelps, David,475479,2019,34.1,31,36,17,13,1,2,1,5,
Hellickson, Jeremy,476451,2019,39.0,47,30,20,27,0,2,3,0,
Warren, Adam,476589,2019,28.2,28,25,12,17,0,4,1,3,
Kershaw, Clayton,477132,2019,178.1,145,189,41,60,0,16,5,0,
Buchter, Ryan,488748,2019,45.1,42,50,23,15,0,1,1,12,
Cashner, Andrew,488768,2019,150.0,144,108,58,78,1,11,8,4,
Miley, Wade,489119,2019,167.1,164,140,61,74,0,14,6,0,
Romo, Sergio,489265,2019,60.1,50,60,17,23,20,2,1,17,
Stammen, Craig,489334,2019,82.0,80,73,15,30,4,8,7,31,
Yates, Kirby,489446,2019,60.2,41,101,13,8,41,0,5,0,
Ottavino, Adam,493603,2019,66.1,47,88,40,14,2,6,5,28,
Quintana, Jose,500779,2019,171.0,191,152,46,89,0,13,9,1,
Pineda, Michael,501381,2019,146.0,141,140,28,65,0,11,5,0,
Avilan, Luis,501593,2019,32.0,33,30,14,18,0,4,0,3,
Alvarez, Jose,501625,2019,59.0,66,51,18,22,1,3,4,16,
Harris, Will,501789,2019,60.0,42,62,14,10,4,4,1,26,
Minor, Mike,501985,2019,208.1,190,200,68,83,0,14,10,0,
Jeffress, Jeremy,502026,2019,52.0,54,46,17,29,1,3,4,12,
Archer, Chris,502042,2019,119.2,114,143,55,69,0,3,9,0,
Gibson, Kyle,502043,2019,160.0,175,160,56,86,0,13,7,2,
Britton, Zack,502154,2019,61.1,38,53,32,13,3,3,1,29,
Samardzija, Jeff,502188,2019,181.1,152,140,49,71,0,11,12,0,
Leake, Mike,502190,2019,197.0,227,127,27,94,0,12,11,0,
Boxberger, Brad,502202,2019,26.2,25,27,17,16,1,1,3,0,
Cahill, Trevor,502239,2019,102.1,111,81,39,68,0,4,9,0,
Santiago, Hector,502327,2019,33.2,42,40,22,25,0,1,1,0,
Anderson, Chase,502624,2019,139.0,126,124,50,65,0,8,4,0,
Holland, Derek,502706,2019,84.1,82,82,45,57,0,2,5,2,
Peacock, Brad,502748,2019,91.2,78,96,31,42,0,7,6,0,
Peralta, Wily,503449,2019,40.1,45,24,19,26,2,2,4,5,
Nicasio, Juan,504379,2019,47.1,57,45,21,25,1,2,3,10,
Darvish, Yu,506433,2019,178.2,140,229,56,79,0,6,8,0,
Herrera, Kelvin,516969,2019,51.1,60,53,23,35,1,3,3,6,
Colome, Alex,517008,2019,61.0,42,55,23,19,30,4,5,0,
Bettis, Chad,518452,2019,63.2,78,42,21,43,1,1,6,4,
Brasier, Ryan,518489,2019,55.2,51,61,21,30,7,2,4,10,
Bumgarner, Madison,518516,2019,207.2,191,203,43,90,0,9,9,0,
Cishek, Steve,518553,2019,64.0,48,57,29,21,7,4,6,11,
Cole, Taylor,518566,2019,51.2,58,50,24,34,0,3,4,4,
Diekman, Jake,518617,2019,62.0,49,84,39,32,0,1,7,31,
Duffy, Danny,518633,2019,130.2,125,115,46,63,0,7,6,0,
Gearrin, Cory,518715,2019,55.1,55,47,25,25,0,1,3,14,
Harvey, Matt,518774,2019,59.2,63,39,29,47,0,3,5,0,
Holland, Greg,518813,2019,35.2,25,41,24,18,17,1,2,0,
Kelley, Shawn,518875,2019,47.1,55,43,11,26,11,5,2,6,
Kelly, Merrill,518876,2019,183.1,184,158,57,90,0,13,14,0,
McFarland, T.J.,519008,2019,56.0,71,35,20,30,0,0,0,9,
Nelson, Jimmy,519076,2019,22.0,25,26,17,17,0,0,2,0,
Otero, Dan,519096,2019,29.2,42,16,3,16,0,0,0,1,
Pomeranz, Drew,519141,2019,104.0,105,137,44,56,2,2,10,12,
Porcello, Rick,519144,2019,174.1,198,143,45,107,0,14,12,0,
Pressly, Ryan,519151,2019,54.1,37,72,12,14,3,2,3,31,
Ramirez, Neil,519166,2019,25.0,26,24,15,15,0,0,1,2,
Sale, Chris,519242,2019,147.1,123,218,37,72,0,6,11,0,
Smith, Will,519293,2019,65.1,46,96,21,20,34,6,0,0,
Strickland, Hunter,519326,2019,24.1,22,18,8,15,2,2,1,10,
Walden, Marcus,519393,2019,78.0,61,76,32,33,2,9,2,8,
Workman, Brandon,519443,2019,71.2,29,104,45,15,16,10,1,15,
Zimmermann, Jordan,519455,2019,112.0,145,82,25,86,0,1,13,0,
Baez, Pedro,520980,2019,69.2,43,69,23,24,1,7,2,25,
Hendriks, Liam,521230,2019,85.0,61,124,21,17,25,4,4,8,
Font, Wilmer,521655,2019,84.1,78,95,29,42,0,4,5,2,
Kelly, Joe,523260,2019,51.1,49,62,22,26,1,5,4,8,
Perez, Martin,527048,2019,165.1,184,135,67,94,0,10,7,0,
Teheran, Julio,527054,2019,174.2,148,162,83,74,0,10,11,0,
Osuna, Roberto,532077,2019,65.0,45,73,12,19,38,4,3,0,
Shoemaker, Matt,533167,2019,28.2,16,24,9,5,0,3,0,0,
Cisnero, Jose,542585,2019,35.1,35,40,19,17,0,0,4,4,
Anderson, Tyler,542881,2019,20.2,33,23,11,27,0,0,3,0,
Andriese, Matt,542882,2019,70.2,72,79,27,37,1,5,5,4,
Armstrong, Shawn,542888,2019,58.0,66,63,29,37,4,1,1,9,
Bass, Anthony,542914,2019,48.0,30,43,17,19,5,2,4,6,
Bleier, Richard,542947,2019,55.1,65,30,8,33,4,3,0,5,
Brach, Brad,542960,2019,54.1,57,60,31,33,0,5,4,6,
Carpenter, Ryan,543001,2019,40.2,61,25,13,42,0,1,6,0,
Chatwood, Tyler,543022,2019,76.2,65,74,37,32,2,5,3,4,
Cole, Gerrit,543037,2019,212.1,142,326,48,59,0,20,5,0,
Conley, Adam,543045,2019,60.2,76,53,29,44,2,2,11,6,
DeSclafani, Anthony,543101,2019,166.2,151,167,49,72,0,9,9,0,
Drake, Oliver,543118,2019,56.0,36,70,19,20,2,5,2,13,
Eovaldi, Nathan,543135,2019,67.2,72,70,35,45,0,2,1,4,
Flynn, Brian,543169,2019,29.1,38,22,17,17,0,2,2,0,
Gagnon, Drew,543193,2019,23.2,34,17,7,22,0,3,1,0,
Gaviglio, Sam,543208,2019,95.2,85,88,22,49,0,4,2,5,
Gray, Sonny,543243,2019,175.1,122,205,68,56,0,11,8,0,
Hand, Brad,543272,2019,57.1,53,84,18,21,34,6,4,0,
Hardy, Blaine,543278,2019,44.1,38,29,13,22,0,1,1,7,
Hendricks, Kyle,543294,2019,177.0,168,150,32,68,0,11,10,0,
Hudson, Daniel,543339,2019,73.0,56,71,27,20,8,9,3,11,
Jackson, Jay,543351,2019,30.1,22,47,18,15,0,1,0,2,
Lyles, Jordan,543475,2019,141.0,131,146,55,65,0,12,8,0,
Magill, Matt,543483,2019,50.2,51,64,20,23,5,5,2,1,
May, Trevor,543507,2019,64.1,43,79,26,21,2,5,3,17,
McHugh, Collin,543521,2019,74.2,62,82,30,39,0,4,5,5,
Melville, Tim,543532,2019,33.1,34,24,14,18,0,2,3,0,
Milone, Tommy,543548,2019,111.2,102,94,23,59,0,4,10,0,
Montgomery, Mike,543557,2019,91.0,113,69,34,50,0,3,9,3,
Odorizzi, Jake,543606,2019,159.0,139,178,53,62,0,15,7,0,
Roark, Tanner,543699,2019,165.1,180,158,51,80,0,10,10,0,
Shaw, Bryan,543766,2019,72.0,69,58,29,43,1,3,2,12,
Vincent, Nick,543883,2019,44.2,47,47,12,22,0,1,4,1,
Weber, Ryan,543901,2019,40.2,48,29,8,23,0,2,4,0,
Banuelos, Manny,544365,2019,50.2,60,44,33,39,0,3,4,0,
Familia, Jeurys,544727,2019,60.0,62,63,42,38,0,4,2,14,
Strasburg, Stephen,544931,2019,209.0,161,251,56,77,0,18,6,0,
Diaz, Jairo,545064,2019,57.2,56,63,19,29,5,6,4,7,
Bauer, Trevor,545333,2019,213.0,184,253,82,106,0,11,13,0,
Lorenzen, Michael,547179,2019,83.1,68,85,28,27,7,1,4,21,
Tanaka, Masahiro,547888,2019,182.0,186,149,40,90,0,11,9,0,
Ryu, Hyun Jin,547943,2019,182.2,160,163,24,47,0,14,5,0,
Chapman, Aroldis,547973,2019,57.0,38,85,25,14,37,3,2,0,
Stripling, Ross,548389,2019,90.2,84,93,20,35,0,4,4,3,
Kittredge, Andrew,552640,2019,49.2,51,58,12,23,0,1,0,3,
Vazquez, Felipe,553878,2019,60.0,43,90,13,11,28,5,1,0,
Garcia, Yimi,554340,2019,62.1,40,66,14,25,0,1,4,4,
Wheeler, Zack,554430,2019,195.1,196,195,50,86,0,11,8,0,
Pena, Felix,570240,2019,96.1,80,101,34,49,0,8,3,1,
Urena, Jose,570632,2019,84.2,99,62,26,49,3,4,10,0,
Robles, Hansel,570663,2019,72.2,58,75,16,20,23,5,1,2,
Cessa, Luis,570666,2019,81.0,75,75,31,37,1,2,1,4,
Boyd, Matthew,571510,2019,185.1,178,238,50,94,0,9,12,0,
Corbin, Patrick,571578,2019,202.0,169,238,70,73,0,14,7,0,
Farmer, Buck,571656,2019,67.2,62,73,24,28,0,6,6,15,
Fiers, Mike,571666,2019,184.2,166,126,53,80,0,15,4,0,
Floro, Dylan,571670,2019,46.2,46,42,14,22,0,5,3,6,
Giles, Ken,571704,2019,53.0,36,83,17,11,23,2,3,0,
Givens, Mychal,571710,2019,63.0,49,86,26,32,11,2,6,7,
Hale, David,571735,2019,37.2,39,23,7,13,2,3,0,1,
Heaney, Andrew,571760,2019,95.1,93,118,30,52,0,4,6,0,
Kline, Branden,571858,2019,41.0,44,34,19,27,0,1,4,5,
Law, Derek,571882,2019,60.2,61,67,40,33,5,1,2,8,
Markel, Parker,571917,2019,22.0,26,24,17,19,0,0,1,0,
Matz, Steven,571927,2019,160.1,163,153,52,75,0,11,10,1,
Mikolas, Miles,571945,2019,184.0,193,144,32,85,0,9,14,0,
Miller, Shelby,571946,2019,44.0,58,30,29,42,0,1,3,1,
Paxton, James,572020,2019,150.2,138,186,55,64,0,15,6,0,
Skaggs, Tyler,572140,2019,79.2,73,78,28,38,0,7,7,0,
Smith, Burch,572143,2019,21.1,26,20,14,13,0,0,1,0,
Erlin, Robbie,572362,2019,55.1,72,52,15,33,0,0,1,5,
VerHagen, Drew,572403,2019,58.0,70,51,23,38,0,4,3,1,
Bard, Luke,572703,2019,49.0,41,40,13,26,0,3,3,1,
Greene, Shane,572888,2019,62.2,46,64,17,16,23,0,3,10,
Keuchel, Dallas,572971,2019,112.2,115,91,39,47,0,8,8,0,
Morin, Mike,573046,2019,50.2,46,26,10,26,1,1,3,8,
Rogers, Taylor,573124,2019,69.0,58,90,11,20,30,2,4,10,
Straily, Dan,573185,2019,47.2,73,33,22,52,0,2,4,0,
Stroman, Marcus,573186,2019,184.1,183,159,58,66,0,10,13,0,
Minaya, Juan,573668,2019,27.2,31,27,12,12,0,0,0,0,
Kikuchi, Yusei,579328,2019,161.2,195,116,50,98,0,6,11,0,
Goody, Nick,580792,2019,40.2,30,50,22,16,0,3,2,10,
Velazquez, Hector,584171,2019,56.1,58,49,28,34,0,1,4,1,
Allen, Cody,592102,2019,23.0,24,29,20,16,4,0,2,0,
Bedrosian, Cam,592135,2019,61.1,48,64,22,22,1,3,3,15,
Biddle, Jesse,592145,2019,28.0,42,26,22,26,0,0,1,1,
Brennan, Brandon,592165,2019,47.1,34,47,24,24,0,3,6,8,
Brice, Austin,592169,2019,44.2,37,46,18,17,0,1,0,7,
Claudio, Alex,592222,2019,62.0,57,44,24,28,0,2,2,22,
Covey, Dylan,592229,2019,58.2,75,41,28,52,0,1,8,0,
Crichton, Stefan,592233,2019,30.1,23,33,8,12,0,1,0,3,
Foltynewicz, Mike,592314,2019,117.0,109,105,37,59,0,8,6,0,
Gausman, Kevin,592332,2019,102.1,113,114,32,65,0,3,9,2,
Gonzalez, Chi Chi,592346,2019,63.0,59,46,33,37,0,2,6,0,
Gray, Jon,592351,2019,150.0,147,150,56,64,0,11,8,0,
Hembree, Heath,592390,2019,39.2,34,46,18,17,2,1,0,4,
Jackson, Luke,592426,2019,72.2,76,106,26,31,18,9,2,9,
Kahnle, Tommy,592454,2019,61.1,45,88,20,25,0,3,2,27,
Kingham, Nick,592468,2019,55.2,78,46,25,45,1,4,2,0,
Kolarek, Adam,592473,2019,55.0,48,45,16,20,1,6,3,19,
Osich, Josh,592612,2019,67.2,62,61,15,35,0,4,0,2,
Plutko, Adam,592644,2019,109.1,115,78,26,59,0,7,5,0,
Ray, Robbie,592662,2019,174.1,150,235,84,84,0,12,8,0,
Sadzeck, Connor,592712,2019,23.2,18,27,15,7,1,0,1,2,
Sampson, Adrian,592716,2019,125.1,156,101,36,82,0,6,8,0,
Sanchez, Aaron,592717,2019,131.1,145,115,68,86,0,5,14,0,
Smith, Caleb,592761,2019,153.1,128,168,60,77,0,10,11,0,
Smyly, Drew,592767,2019,114.0,126,120,55,79,1,4,7,0,
Stanek, Ryne,592773,2019,77.0,61,89,39,34,1,0,4,7,
Stewart, Brock,592779,2019,25.2,37,19,8,28,0,4,0,0,
Syndergaard, Noah,592789,2019,197.2,194,202,50,94,0,10,8,0,
Taillon, Jameson,592791,2019,37.1,34,30,8,17,0,2,3,0,
Velasquez, Vince,592826,2019,117.1,120,130,43,64,0,7,8,2,
Wick, Rowan,592858,2019,33.1,22,35,16,9,2,2,0,5,
Williams, Trevor,592866,2019,145.2,162,113,44,87,0,7,9,0,
Wojciechowski, Asher,592879,2019,82.1,80,80,28,45,0,4,8,0,
Feliz, Michael,593140,2019,56.1,44,73,27,25,0,4,4,3,
Rodriguez, Richard,593144,2019,65.1,65,63,23,27,1,4,5,16,
German, Domingo,593334,2019,143.0,125,153,39,64,0,18,4,0,
Martinez, Carlos,593372,2019,48.1,39,53,18,17,24,4,2,3,
Montas, Frankie,593423,2019,96.0,84,103,23,28,0,9,2,0,
Neris, Hector,593576,2019,67.2,45,89,24,22,28,3,6,2,
Ynoa, Gabriel,593679,2019,110.2,126,67,26,69,0,1,10,0,
Suero, Wander,593833,2019,71.1,64,81,26,36,1,6,9,19,
Rodriguez, Eduardo,593958,2019,203.1,195,213,75,86,0,19,6,0,
Peralta, Wandy,593974,2019,39.2,40,32,16,25,0,1,1,3,
Guerrero, Tayron,594027,2019,46.0,42,43,36,32,0,1,2,6,
deGrom, Jacob,594798,2019,204.0,154,255,44,55,0,11,8,0,
Gonzales, Marco,594835,2019,203.0,210,147,56,90,0,16,13,0,
Grace, Matt,594840,2019,46.2,61,35,10,33,0,1,2,4,
Ponce de Leon, Daniel,594965,2019,48.2,36,52,26,20,0,1,2,0,
Ryan, Kyle,594986,2019,61.0,55,58,29,24,0,4,2,14,
Sadler, Casey,594987,2019,46.1,41,31,13,11,1,4,0,2,
Smith, Josh A.,595001,2019,31.0,36,29,8,20,1,0,3,0,
Treinen, Blake,595014,2019,58.2,58,59,37,32,16,6,5,3,
Eickhoff, Jerad,595191,2019,58.1,58,51,18,37,1,3,4,0,
Beede, Tyler,595881,2019,117.0,127,113,46,66,0,5,10,0,
Cole, A.J.,595918,2019,26.0,31,30,8,11,1,3,1,0,
Junis, Jakob,596001,2019,175.1,192,164,58,102,0,9,14,0,
Mengden, Daniel,596043,2019,59.2,59,42,27,32,1,5,2,0,
Norris, Daniel,596057,2019,144.1,154,125,38,72,0,3,13,0,
Peters, Dillon,596071,2019,72.0,85,55,26,43,0,4,4,0,
Shafer, Justin,596101,2019,39.2,41,39,25,17,1,2,1,3,
Stephenson, Robert,596112,2019,64.2,43,81,24,27,0,3,2,11,
Weaver, Luke,596133,2019,64.1,55,69,14,21,0,4,3,0,
Johnson, DJ,597113,2019,25.0,23,24,19,14,0,0,2,4,
Barnes, Matt,598264,2019,64.1,51,110,38,27,4,5,4,26,
Johnson, Brian,598271,2019,40.1,53,31,23,27,0,1,3,0,
Ramirez, Nick,598286,2019,79.2,76,74,35,36,0,5,4,1,
Ramirez, Noe,598287,2019,67.2,59,79,20,30,0,5,4,3,
Leclerc, Jose,600917,2019,68.2,52,100,39,33,14,2,4,7,
Pivetta, Nick,601713,2019,93.2,103,89,39,56,1,4,6,1,
Anderson, Justin,605121,2019,47.0,42,60,32,29,1,3,0,13,
Barlow, Scott,605130,2019,70.1,64,92,37,33,1,3,3,14,
Bassitt, Chris,605135,2019,144.0,125,141,47,61,0,10,5,0,
Bradley, Archie,605151,2019,71.2,67,87,36,28,18,4,5,7,
Brebbia, John,605154,2019,72.2,59,87,27,29,0,3,4,13,
Brewer, Colten,605155,2019,54.2,59,52,34,25,0,1,2,6,
Brooks, Aaron,605156,2019,110.0,118,82,34,69,0,6,8,0,
Bundy, Dylan,605164,2019,161.2,161,162,58,86,0,7,14,0,
Chafin, Andrew,605177,2019,52.2,52,68,18,22,0,2,2,23,
Clevinger, Mike,605182,2019,126.0,96,169,37,38,0,13,4,0,
Crick, Kyle,605195,2019,49.0,41,61,35,27,0,3,7,13,
Davies, Zach,605200,2019,159.2,155,102,51,63,0,10,7,0,
Fry, Jace,605240,2019,55.0,44,68,43,29,0,3,4,11,
Guerrieri, Taylor,605260,2019,26.1,26,27,22,17,0,0,0,3,
Hess, David,605276,2019,80.0,94,68,30,63,0,1,10,0,
Holmes, Clay,605280,2019,50.0,45,56,36,31,0,1,2,1,
Houser, Adrian,605288,2019,111.1,101,117,37,46,0,6,7,1,
Kela, Keone,605309,2019,29.2,19,33,11,7,1,2,0,6,
Lopez, Jorge,605347,2019,123.2,140,109,42,87,1,4,9,0,
Marshall, Evan,605359,2019,50.2,42,41,24,14,0,4,2,19,
Morgan, Adam,605388,2019,29.2,20,29,10,13,0,3,3,19,
Musgrove, Joe,605397,2019,170.1,168,157,39,84,0,11,12,1,
Nola, Aaron,605400,2019,202.1,176,229,80,87,0,12,7,0,
Rodriguez, Dereck,605446,2019,99.0,108,71,36,62,0,6,11,0,
Ross, Joe,605452,2019,64.0,74,57,33,39,0,4,4,2,
Snell, Blake,605483,2019,107.0,96,147,40,51,0,6,8,0,
Springs, Jeffrey,605488,2019,32.1,38,32,23,23,0,4,1,1,
Suarez, Andrew,605498,2019,32.2,39,25,14,21,0,0,2,1,
Tarpley, Stephen,605501,2019,24.2,34,34,15,19,2,1,0,2,
Turnbull, Spencer,605513,2019,148.1,154,146,59,76,0,3,17,0,
Wendelken, J.B.,605525,2019,32.2,21,34,9,13,0,3,1,1,
Wisler, Matt,605538,2019,51.1,56,63,16,32,0,3,4,8,
Woodruff, Brandon,605540,2019,121.2,109,143,30,49,0,11,3,0,
Wright Jr., Mike,605541,2019,29.1,44,30,12,26,1,0,1,0,
Perdomo, Luis,606131,2019,72.0,69,55,18,32,0,2,4,7,
Gallegos, Giovanny,606149,2019,74.0,44,93,16,19,1,3,2,19,
Montero, Rafael,606160,2019,29.0,23,34,5,8,0,2,0,7,
Ramirez, Yefry,606162,2019,24.1,30,27,16,20,0,0,2,0,
Mejia, Adalberto,606167,2019,31.1,33,30,21,23,0,0,2,5,
Elias, Roenis,606273,2019,50.0,46,47,18,22,14,4,2,2,
Garcia, Jarlin,606424,2019,50.2,40,39,16,17,0,4,2,6,
Moronta, Reyes,606625,2019,56.2,41,70,33,18,0,3,7,15,
Barnes, Jacob,606930,2019,32.2,36,32,22,27,0,1,5,1,
Devenski, Chris,606965,2019,69.0,69,72,21,37,0,2,3,7,
Rodon, Carlos,607074,2019,34.2,33,46,17,20,0,3,2,0,
Glasnow, Tyler,607192,2019,60.2,40,76,14,12,0,6,1,0,
Fedde, Erick,607200,2019,78.0,81,41,33,39,0,4,2,0,
Skoglund, Eric,607215,2019,21.0,30,4,9,21,0,0,3,0,
Gsellman, Robert,607229,2019,63.2,64,60,23,33,1,2,3,7,
Gant, John,607231,2019,66.1,51,60,34,27,3,11,1,19,
Garrett, Amir,607237,2019,56.0,44,78,35,20,0,5,3,22,
Biagini, Joe,607352,2019,64.2,71,60,26,33,1,3,2,11,
Barraclough, Kyle,607457,2019,33.2,38,40,21,21,0,1,2,8,
Bummer, Aaron,607481,2019,67.2,43,60,24,16,1,0,0,27,
Freeland, Kyle,607536,2019,104.1,126,79,39,78,0,3,11,0,
Harper, Ryne,607560,2019,54.1,54,50,10,23,1,4,2,12,
Lugo, Seth,607625,2019,80.0,56,104,16,24,6,7,4,21,
Means, John,607644,2019,155.0,138,121,38,62,0,12,11,0,
Estevez, Carlos,608032,2019,72.0,70,81,23,30,0,2,2,11,
Fried, Max,608331,2019,165.2,174,173,47,74,0,17,6,0,
Fulmer, Carson,608334,2019,27.1,26,25,20,19,0,1,2,2,
Giolito, Lucas,608337,2019,176.2,131,228,57,67,0,14,9,0,
Irvin, Cole,608344,2019,41.2,45,31,13,27,1,2,1,0,
Sims, Lucas,608371,2019,43.0,31,57,19,22,0,2,1,3,
Wacha, Michael,608379,2019,126.2,143,104,55,67,0,6,7,0,
Marquez, German,608566,2019,174.0,174,175,35,92,0,12,5,0,
Duffey, Tyler,608648,2019,57.2,44,82,14,16,0,5,1,16,
Leone, Dominic,608678,2019,40.2,39,46,22,25,1,1,0,0,
Stratton, Chris,608717,2019,76.0,93,69,33,47,0,1,3,1,
Voth, Austin,608723,2019,43.2,33,44,13,16,0,2,1,0,
Castro, Miguel,612434,2019,73.1,63,71,41,38,2,1,3,9,
Chen, Wei-Yin,612672,2019,68.1,87,63,18,50,0,0,1,3,
Adams, Austin,613534,2019,32.0,20,53,16,14,0,2,2,10,
Ruiz, Jose,614179,2019,40.0,56,35,24,25,0,1,4,1,
Quantrill, Cal,615698,2019,103.0,106,89,28,59,0,6,8,1,
Wood, Hunter,621056,2019,45.1,46,39,12,15,1,1,1,2,
Waguespack, Jacob,621097,2019,78.0,75,63,29,38,0,5,5,0,
Eflin, Zach,621107,2019,163.1,172,129,48,75,0,10,13,0,
Buehler, Walker,621111,2019,182.1,153,215,37,66,0,14,4,0,
Lockett, Walker,621141,2019,22.2,33,16,6,21,0,1,1,0,
Buttrey, Ty,621142,2019,72.1,69,84,23,32,2,6,7,26,
Bowman, Matt,621199,2019,32.0,27,25,13,13,0,2,0,0,
Mills, Alec,621219,2019,36.0,31,42,11,11,1,1,0,0,
Alvarado, Jose,621237,2019,30.0,29,39,27,16,7,1,6,8,
Diaz, Edwin O,621242,2019,58.0,58,99,22,36,26,2,7,1,
Berrios, Jose,621244,2019,200.1,194,195,51,82,0,14,8,0,
Wittgren, Nick,621295,2019,57.2,47,60,15,18,4,5,1,12,
Minter, A.J.,621345,2019,29.1,36,35,23,23,5,3,4,5,
Poche, Colin,621363,2019,51.2,33,72,19,27,2,5,5,16,
Strahm, Matt,621381,2019,114.2,121,118,22,60,0,6,11,6,
Stumpf, Daniel,621385,2019,29.0,35,28,15,14,0,1,1,5,
Blach, Ty,621389,2019,27.0,46,20,17,36,0,1,3,0,
Olson, Tyler,621397,2019,30.2,34,28,16,15,0,1,1,1,
Young, Alex,622065,2019,83.1,72,71,27,33,0,7,5,0,
Wood, Alex,622072,2019,35.2,41,30,9,23,0,1,3,0,
Almonte, Yency,622075,2019,34.0,39,29,14,21,0,0,1,1,
Zimmer, Kyle,622092,2019,18.1,28,18,19,22,0,0,1,0,
Reyes Jr., Gerardo,622103,2019,26.0,24,38,11,22,0,4,0,1,
Wingenter, Trey,622259,2019,51.0,34,72,28,32,1,1,3,16,
Rodriguez, Jefry,622446,2019,46.2,48,33,21,24,0,1,5,0,
Castillo, Luis,622491,2019,190.2,139,226,79,72,0,15,8,0,
Alcantara, Victor,622505,2019,42.2,45,24,15,23,0,3,2,10,
Dominguez, Seranthony,622554,2019,24.2,24,29,12,11,0,3,0,9,
Senzatela, Antonio,622608,2019,124.2,161,76,57,93,0,11,11,0,
Hernandez, Elieser,622694,2019,82.1,76,85,26,46,0,3,5,0,
Cordero, Jimmy,622772,2019,37.1,26,31,11,12,0,1,1,4,
Tinoco, Jesus,622786,2019,36.0,36,28,22,19,1,0,3,2,
Payano, Pedro,622797,2019,22.0,26,17,15,14,0,1,2,0,
Oberg, Scott,623184,2019,56.0,39,58,23,14,5,6,1,8,
Hader, Josh,623352,2019,75.2,41,138,20,22,37,3,5,6,
Wieck, Brad,623364,2019,34.2,28,49,13,22,0,2,2,9,
Pannone, Thomas,623381,2019,73.0,73,69,31,50,0,3,6,1,
Anderson, Nick,623433,2019,65.0,52,110,18,24,1,5,4,16,
Phillips, Evan,623465,2019,28.0,32,40,20,20,0,0,1,3,
Newberry, Jake,623470,2019,31.0,29,29,16,13,0,1,0,4,
Wang, Wei-Chung,623913,2019,31.0,27,18,14,13,0,3,0,0,
Suarez, Ranger,624133,2019,48.2,52,42,12,17,0,6,1,7,
Lopez, Reynaldo,625643,2019,184.0,203,169,65,110,0,10,15,0,
Thorpe, Lewis,626929,2019,27.2,38,31,10,19,0,3,2,1,
Maeda, Kenta,628317,2019,153.2,114,169,51,69,3,10,8,4,
Iglesias, Raisel,628452,2019,67.0,61,89,21,31,34,3,12,3,
Urias, Julio,628711,2019,79.2,59,85,27,22,4,4,3,8,
Chirinos, Yonny,630023,2019,133.1,112,114,28,57,0,9,5,0,
Manaea, Sean,640455,2019,29.2,16,30,7,4,0,4,0,0,
Stewart, Kohl,640464,2019,25.1,29,10,8,18,0,2,2,1,
Parsons, Wes,641149,2019,34.2,32,26,29,21,0,1,2,2,
Lopez, Pablo,641154,2019,111.1,111,95,27,63,0,5,8,0,
Alexander, Tyler,641302,2019,53.2,68,47,7,29,0,1,4,0,
Anderson, Shaun,641312,2019,96.0,111,70,38,58,2,3,5,1,
Bashlor, Tyler,641341,2019,22.0,21,20,17,17,0,0,3,1,
Cortes Jr., Nestor,641482,2019,66.2,75,69,28,42,0,5,1,2,
Duplantier, Jon,641541,2019,36.2,39,34,18,18,1,1,1,0,
Fillmyer, Heath,641571,2019,22.1,28,15,12,20,0,0,2,1,
Gott, Trevor,641627,2019,52.2,41,57,17,26,1,7,0,1,
Hudson, Dakota,641712,2019,174.2,160,136,86,65,1,16,7,0,
Jimenez, Joe,641729,2019,59.2,56,82,23,29,9,4,7,15,
Keller, Brad,641745,2019,165.1,154,122,70,77,0,7,14,0,
Kinley, Tyler,641755,2019,49.1,43,46,36,20,1,3,1,1,
Lauer, Eric,641778,2019,149.2,158,138,51,74,0,8,10,0,
Littell, Zack,641793,2019,37.0,34,32,9,11,0,6,0,1,
Mahle, Tyler,641816,2019,129.2,136,129,34,74,0,3,12,0,
Mayza, Tim,641835,2019,51.1,45,55,27,28,0,1,3,18,
McCarthy, Kevin,641838,2019,60.1,68,38,21,30,1,4,2,6,
McKay, David,641853,2019,26.1,20,34,17,16,0,0,0,1,
Pagan, Emilio,641941,2019,70.0,45,96,13,18,20,4,2,8,
Shawaryn, Mike,642067,2019,20.1,26,29,13,22,0,0,0,1,
Sparkman, Glenn,642098,2019,136.0,164,81,41,91,0,4,11,0,
Trivino, Lou,642152,2019,60.0,61,57,31,35,0,4,6,17,
Yacabonis, Jimmy,642231,2019,41.0,51,33,24,31,0,1,2,3,
Yarbrough, Ryan,642232,2019,141.2,121,117,20,65,0,11,6,0,
Soto, Gregory,642397,2019,57.2,74,45,33,37,0,0,5,2,
Loaisiga, Jonathan,642528,2019,31.2,31,37,16,16,0,2,2,1,
Barria, Jaime,642545,2019,82.2,92,75,27,59,0,4,10,0,
Peralta, Freddy,642547,2019,85.0,87,115,37,50,1,7,3,5,
Jurado, Ariel,642558,2019,122.1,148,81,36,79,0,7,11,1,
Agrazal, Dario,642607,2019,73.1,82,41,18,40,0,4,5,0,
Brault, Steven,643230,2019,113.1,117,100,53,65,0,4,6,0,
Cimber, Adam,643256,2019,56.2,56,41,19,28,1,6,3,19,
Fry, Paul,643316,2019,57.1,54,55,29,34,3,1,9,11,
Godley, Zack,643327,2019,92.0,96,70,42,61,2,4,5,0,
Green, Chad,643338,2019,69.0,66,98,19,32,2,4,4,4,
Pruitt, Austin,643493,2019,47.0,47,39,12,23,0,3,0,0,
Reininger, Zac,643617,2019,28.0,44,17,16,27,0,0,3,1,
Webb, Tyler,643778,2019,55.0,33,48,23,23,1,2,1,8,
Alcantara, Sandy,645261,2019,197.1,179,151,81,85,0,6,14,0,
Soroka, Michael,647336,2019,174.2,153,142,41,52,0,13,4,0,
Hernandez, Darwinzon,650382,2019,30.1,27,57,26,15,0,0,1,4,
Civale, Aaron,650644,2019,57.2,44,46,16,15,0,3,4,0,
Quijada, Jose,650671,2019,29.2,27,44,26,19,1,2,3,4,
Castillo, Diego,650895,2019,68.2,59,81,26,26,8,5,8,17,
Beeks, Jalen,656222,2019,104.1,115,89,40,50,1,6,3,2,
Brigham, Jeff,656257,2019,38.1,36,39,14,19,1,3,2,5,
Burke, Brock,656271,2019,26.2,30,14,11,22,0,0,2,0,
Canning, Griffin,656288,2019,90.1,80,96,30,46,0,5,6,0,
Cease, Dylan,656302,2019,73.0,78,81,35,47,0,4,7,0,
Coonrod, Sam,656322,2019,27.2,19,20,15,11,0,5,1,0,
Flaherty, Jack,656427,2019,196.1,135,231,55,60,0,11,8,0,
Hoffman, Jeff,656546,2019,70.0,77,68,34,51,0,2,6,0,
Holder, Jonathan,656547,2019,41.1,43,46,11,29,0,5,2,4,
Keller, Mitch,656605,2019,48.0,72,65,16,38,0,1,5,0,
Martin, Brett,656685,2019,62.1,72,62,18,33,0,2,3,5,
McKay, Brendan,656713,2019,49.0,53,56,16,28,0,2,4,0,
McRae, Alex,656725,2019,26.2,36,19,16,26,0,0,4,0,
Newcomb, Sean,656794,2019,68.1,61,65,29,24,1,6,3,16,
Reid-Foley, Sean,656887,2019,31.2,33,28,21,15,0,2,4,0,
Scott, Tanner,656945,2019,26.1,28,37,19,14,0,1,1,2,
Sheffield, Justus,656954,2019,36.0,44,37,18,22,0,0,1,0,
Smeltzer, Devin,656970,2019,49.0,50,38,12,21,1,2,2,1,
Sobotka, Chad,656977,2019,29.0,28,38,19,20,0,0,0,6,
Swanson, Erik,657024,2019,58.0,56,52,12,37,2,1,5,1,
Taylor, Josh,657031,2019,47.1,40,62,16,16,0,2,2,6,
Toussaint, Touki,657053,2019,41.2,44,45,26,26,0,4,0,2,
Webb, Jacob,657097,2019,32.1,24,28,12,5,2,4,0,9,
Yamamoto, Jordan,657141,2019,78.2,54,82,36,39,0,4,5,0,
Jewell, Jake,657228,2019,26.1,28,23,8,20,0,0,0,1,
Webb, Logan,657277,2019,39.2,44,37,14,23,0,2,3,0,
Ferguson, Caleb,657571,2019,44.2,39,54,27,24,0,1,2,5,
Hill, Tim,657612,2019,39.2,31,39,13,16,1,2,0,9,
James, Josh,657624,2019,61.1,46,100,35,32,1,5,1,6,
Garcia, Edgar,658305,2019,39.0,38,45,26,25,0,2,0,2,
Lamet, Dinelson,659275,2019,73.0,62,105,30,33,0,3,5,0,
Suarez, Jose,660761,2019,81.0,100,72,33,64,0,2,6,0,
Lopez, Yoan,661255,2019,60.2,52,42,17,23,1,2,7,21,
Thornton, Trent,663423,2019,154.1,156,149,61,83,0,6,9,0,
Rainey, Tanner,663432,2019,48.1,32,74,38,21,0,2,3,9,
Allard, Kolby,663465,2019,45.1,52,33,19,25,0,4,2,0,
Allen, Logan,663531,2019,27.2,36,17,13,19,0,2,3,0,
Lambert, Peter,663567,2019,89.1,119,57,36,72,0,3,7,0,
Sandoval, Patrick,663776,2019,39.1,35,42,19,22,0,0,4,0,
Hicks, Jordan,663855,2019,28.2,16,31,11,10,14,2,2,3,
Paddack, Chris,663978,2019,140.2,107,153,31,52,0,9,7,0,
Lakins Sr., Travis,664042,2019,23.1,23,18,10,10,0,0,1,1,
Eshelman, Thomas,664045,2019,36.0,47,22,11,26,0,1,2,0,
Stashak, Cody,664054,2019,25.0,29,25,1,9,0,0,1,1,
Gonsolin, Tony,664062,2019,40.0,26,37,15,13,1,4,2,0,
Hartlieb, Geoff,664129,2019,35.0,52,38,18,35,0,0,1,2,
Hall, Matt,664180,2019,23.1,28,27,15,20,0,0,1,0,
Lucchesi, Joey,664192,2019,163.2,144,158,56,76,0,10,10,0,
Anderson, Tanner,664196,2019,22.1,30,18,7,15,0,0,3,0,
Clarke, Taylor,664199,2019,84.2,86,68,30,50,1,5,5,0,
Maton III, Phil,664208,2019,36.2,38,33,12,25,0,0,0,2,
Valdez, Framber,664285,2019,70.2,74,68,44,46,0,4,7,0,
Urquidy, Jose,664353,2019,41.0,38,40,7,18,0,2,1,0,
Helsley, Ryan,664854,2019,36.2,34,32,12,12,0,2,0,1,
Adams, Chance,664856,2019,25.1,39,23,11,24,1,1,1,0,
Dowdy, Kyle,664871,2019,22.1,26,17,18,18,0,2,1,0,
Dugger, Robert,667498,2019,34.1,33,25,17,22,0,0,4,0,
Plesac, Zach,668676,2019,115.2,102,88,40,49,0,8,6,0,
Gallen, Zac,668678,2019,80.0,62,96,36,25,0,3,6,0,
May, Dustin,669160,2019,34.2,33,32,5,14,0,2,3,4,
Burnes, Corbin,669203,2019,49.0,70,70,20,48,1,1,5,4,
Bieber, Shane,669456,2019,214.1,186,259,40,78,0,15,8,0,
Festa, Matt,670036,2019,22.1,20,21,12,14,0,0,2,3,
Richards, Trevor,670950,2019,135.1,127,127,56,61,0,6,12,1,
Luciano, Elvis,672773,2019,33.2,36,27,24,20,0,1,0,0,
Baez, Michel,673258,2019,29.2,25,28,14,10,0,1,1,0,
Hirano, Yoshihisa,673633,2019,53.0,51,61,22,28,1,5,5,15,
Margevicius, Nick,676606,2019,57.0,73,42,19,43,0,2,6,0,
Dobnak, Randy,677976,2019,28.1,27,23,5,5,1,2,1,0,