#,Name,Team,Bats,ESPN,YAHOO,G,PA,AB,R,HR,RBI,SB,H,1B,2B,3B,TB,SO,BB,HBP,SF,SH,CS,AVG,OBP,SLG,OPS
1,Juan Soto,SD,L,OF,OF,151,669,524,117.3,32.0,91.9,10.4,148.1,84.6,29.4,2.1,277.8,91.6,136.5,4.9,4.9,3.6,3.9,0.283,0.433,0.530,0.963
2,Jose Altuve,HOU,R,2B,2B,148,660,579,104.0,24.5,76.1,14.4,158.8,100.1,33.4,0.7,267.1,96.6,63.2,7.0,4.1,6.3,4.6,0.274,0.347,0.462,0.808
3,Mookie Betts,LAD,R,OF,2B/OF,147,655,566,107.0,29.5,82.3,17.2,154.8,82.8,40.0,2.5,288.4,102.9,67.0,8.8,4.1,6.1,4.4,0.273,0.352,0.510,0.862
4,Trea Turner,PHI,R,SS,SS,150,654,594,94.0,19.8,72.5,28.5,169.7,113.5,33.1,3.3,268.9,114.6,45.4,5.2,4.3,5.0,6.1,0.286,0.337,0.453,0.790
5,Freddie Freeman,LAD,L,1B,1B,150,654,558,100.9,24.3,85.2,10.2,164.9,99.6,39.4,1.6,280.3,99.1,77.9,6.7,4.7,3.5,3.7,0.296,0.382,0.502,0.884
6,Bo Bichette,TOR,R,SS,SS,151,653,598,95.7,26.8,96.3,17.9,170.1,96.1,46.0,1.1,298.9,131.7,40.6,4.7,4.7,3.6,6.1,0.285,0.330,0.500,0.830
7,Cedric Mullins,BAL,L,OF,OF,151,651,582,88.6,18.7,63.9,35.3,144.0,89.5,32.4,3.4,239.3,124.0,49.6,8.0,4.1,6.1,9.4,0.247,0.310,0.411,0.721
8,Aaron Judge,NYY,R,OF,OF,150,648,544,112.0,43.1,103.3,12.0,154.4,86.9,23.8,0.6,308.7,162.0,89.4,5.8,4.6,3.9,4.4,0.284,0.385,0.568,0.953
9,Amed Rosario,CLE,R,SS,SS/OF,151,648,605,79.7,13.2,67.7,16.2,167.8,118.7,29.2,6.6,249.8,114.0,30.1,4.6,4.6,4.1,5.4,0.277,0.313,0.413,0.726
10,Vladimir Guerrero Jr.,TOR,R,1B,1B,151,648,567,109.0,40.4,115.8,7.5,169.9,89.1,39.8,0.7,332.3,99.7,65.4,6.4,4.9,1.3,3.2,0.299,0.373,0.586,0.959
11,Marcus Semien,TEX,R,2B,2B/SS,150,646,578,91.1,23.8,68.5,21.9,145.0,90.6,27.5,3.2,250.1,114.1,55.5,4.0,4.1,5.7,6.6,0.251,0.316,0.433,0.749
12,Manny Machado,SD,R,3B,3B,150,644,574,88.8,28.4,93.5,10.0,152.4,90.1,32.6,1.2,272.7,119.6,63.6,3.3,4.9,1.2,3.5,0.265,0.340,0.475,0.816
13,Shohei Ohtani,LAA,L,DH,DH,151,644,555,99.7,35.2,97.6,20.5,145.7,75.7,30.2,4.7,290.9,166.4,78.0,5.3,4.8,2.1,7.6,0.263,0.356,0.524,0.880
14,Paul Goldschmidt,STL,R,1B,1B,150,644,559,92.3,27.9,90.4,6.7,151.0,92.4,29.9,0.8,266.2,138.7,72.4,5.2,4.9,1.5,2.3,0.270,0.355,0.476,0.831
15,Rafael Devers,BOS,L,3B,3B,150,641,572,96.7,30.8,91.5,4.9,156.9,88.9,35.7,1.5,288.1,127.0,53.6,7.2,4.8,1.7,2.2,0.274,0.340,0.503,0.843
16,Bobby Witt Jr.,KC,R,SS/3B,SS/3B,151,640,587,85.6,23.2,77.3,30.3,153.3,95.5,30.0,4.5,262.1,130.6,37.1,6.4,4.6,3.7,10.6,0.261,0.308,0.446,0.754
17,Austin Riley,ATL,R,3B,3B,151,638,571,91.5,33.3,103.7,1.8,155.4,90.2,30.2,1.7,288.9,153.8,51.7,10.8,4.8,1.0,0.8,0.272,0.341,0.506,0.848
18,Julio Rodriguez,SEA,R,OF,OF,150,638,568,96.1,28.9,83.2,28.0,155.9,90.5,33.6,2.8,282.0,153.5,50.3,8.5,4.1,5.4,9.1,0.274,0.337,0.496,0.833
19,Dansby Swanson,CHC,R,SS,SS,150,637,575,80.9,21.2,68.8,15.5,143.9,93.7,27.6,1.5,238.1,159.4,49.8,5.1,4.6,4.0,5.6,0.250,0.312,0.415,0.726
20,Brandon Nimmo,NYM,L,OF,OF,147,635,540,92.2,15.4,61.4,6.6,145.1,94.6,30.0,5.2,231.7,114.6,75.9,11.3,4.0,6.0,2.5,0.269,0.366,0.429,0.795
21,Matt Olson,ATL,L,1B,1B,150,630,547,91.0,32.7,97.4,1.8,135.7,70.7,31.8,0.5,266.7,141.9,72.6,5.9,4.4,1.2,0.8,0.248,0.340,0.487,0.827
22,Willy Adames,MIL,R,SS,SS,147,630,561,84.5,26.6,77.3,9.5,138.0,81.3,29.3,0.8,248.7,165.3,58.7,3.3,4.5,4.0,4.2,0.246,0.317,0.443,0.760
23,Corbin Carroll,ARI,L,OF,OF,148,629,552,81.8,18.4,64.2,22.2,135.4,86.4,23.1,7.6,228.9,168.3,59.4,9.0,4.0,5.8,7.5,0.245,0.324,0.415,0.739
24,Pete Alonso,NYM,R,1B,1B,150,627,548,87.5,36.4,102.7,3.9,142.5,80.9,24.1,1.1,278.1,121.8,64.6,10.0,4.3,1.0,1.7,0.260,0.347,0.507,0.854
25,Xander Bogaerts,SD,R,SS,SS,150,625,555,77.0,18.3,82.5,7.2,148.2,93.8,35.4,0.6,239.7,118.3,60.6,6.6,4.4,0.9,2.7,0.267,0.344,0.432,0.777
26,Jose Ramirez,CLE,S,3B,3B,150,625,547,88.5,28.3,90.5,23.8,144.0,74.9,37.4,3.3,273.0,84.0,68.4,6.3,4.8,0.8,6.5,0.263,0.349,0.500,0.849
27,Kyle Tucker,HOU,L,OF,OF,151,625,556,90.9,33.3,100.6,24.1,153.8,90.8,27.2,2.5,286.0,99.6,57.6,3.1,4.5,2.2,6.6,0.277,0.344,0.514,0.858
28,Bryan Reynolds,PIT,S,OF,OF,148,625,548,86.8,22.3,75.1,7.5,148.4,92.7,28.9,4.4,253.0,132.2,62.7,9.3,4.5,3.4,3.2,0.271,0.352,0.462,0.814
29,Francisco Lindor,NYM,S,SS,SS,148,624,557,78.0,22.3,78.2,14.4,139.4,88.4,25.0,3.7,238.5,115.7,54.2,7.5,4.7,1.5,5.0,0.250,0.323,0.428,0.750
30,Ty France,SEA,R,1B,1B/3B,148,623,555,84.3,20.3,74.7,0.7,147.1,92.0,33.4,1.3,244.1,103.2,41.7,17.5,4.5,3.6,0.3,0.265,0.331,0.440,0.771
31,Nolan Arenado,STL,R,3B,3B,150,623,562,81.3,28.0,96.6,4.5,147.1,87.7,30.1,1.3,263.9,82.4,50.3,5.6,4.3,0.9,2.1,0.262,0.326,0.470,0.796
32,Jonathan India,CIN,R,2B,2B,144,622,544,83.5,17.2,61.6,10.3,139.5,84.8,35.1,2.4,231.1,132.3,56.4,15.6,4.3,4.6,4.0,0.257,0.340,0.425,0.765
33,Nathaniel Lowe,TEX,L,1B,1B,151,622,549,81.9,24.7,83.5,4.6,148.5,93.3,28.0,2.5,255.7,143.9,63.4,4.5,4.7,1.3,1.9,0.270,0.348,0.465,0.814
34,Taylor Ward,LAA,R,OF,OF,144,619,540,89.1,21.3,71.6,7.9,140.8,87.7,29.7,2.1,238.8,137.8,64.4,7.0,4.0,4.8,2.7,0.261,0.343,0.443,0.786
35,Ronald Acuna Jr.,ATL,R,OF,OF,141,619,527,102.9,27.6,76.9,38.9,143.4,86.7,28.1,0.9,256.3,140.2,73.4,10.5,3.9,5.9,10.9,0.272,0.368,0.487,0.855
36,Yordan Alvarez,HOU,L,OF,OF,147,618,533,95.3,36.3,107.5,1.9,151.9,86.6,26.8,2.2,292.0,127.6,72.3,7.2,4.3,0.9,0.8,0.285,0.374,0.548,0.922
37,Riley Greene,DET,L,OF,OF,147,618,550,75.5,13.1,54.5,7.4,136.7,96.9,22.0,4.7,207.4,161.1,54.0,5.7,4.5,2.0,3.1,0.249,0.317,0.377,0.694
38,Corey Seager,TEX,L,SS,SS,147,617,545,89.5,26.3,81.9,3.4,150.4,87.4,34.6,2.1,267.9,96.6,58.2,7.0,4.4,3.6,1.3,0.276,0.349,0.491,0.841
39,Rhys Hoskins,PHI,R,1B,1B,147,616,531,83.2,28.1,83.6,3.5,124.6,65.8,29.2,1.5,241.2,150.3,72.9,7.0,4.6,2.0,1.5,0.235,0.332,0.455,0.787
40,Michael Harris II,ATL,L,OF,OF,148,616,563,84.1,20.8,81.3,23.2,156.1,94.9,37.3,3.2,262.0,135.7,37.4,6.9,4.5,4.1,7.6,0.277,0.325,0.465,0.790
41,Jake Cronenworth,SD,L,1B/2B,1B/2B/SS,150,614,539,74.6,14.9,68.7,4.0,133.2,83.0,31.5,3.8,217.0,106.1,59.7,10.3,4.7,2.2,1.6,0.247,0.332,0.403,0.735
42,Christian Yelich,MIL,L,OF,OF,141,613,520,87.5,19.5,63.0,17.1,131.4,82.9,26.1,3.0,221.8,150.0,82.4,5.1,4.1,4.6,4.2,0.253,0.357,0.427,0.784
43,Alex Verdugo,BOS,L,OF,OF,151,613,554,72.9,14.3,76.3,4.6,155.0,104.6,34.4,1.7,235.5,91.4,45.3,5.1,4.8,2.2,1.9,0.280,0.335,0.425,0.760
44,Ian Happ,CHC,S,OF,OF,150,613,537,74.8,20.6,73.3,10.3,133.3,84.5,26.6,1.6,225.1,150.4,64.2,6.2,4.6,1.3,4.1,0.248,0.333,0.419,0.752
45,Mike Trout,LAA,R,OF,OF,142,612,518,100.1,36.1,91.2,3.2,135.6,70.1,27.2,2.1,275.3,162.6,78.9,7.6,4.4,3.7,1.1,0.262,0.363,0.531,0.894
46,Ryan McMahon,COL,L,3B,2B/3B,147,611,536,76.5,22.4,78.9,8.2,134.2,86.2,23.1,2.4,229.3,156.1,60.2,5.7,4.6,1.7,3.4,0.250,0.328,0.428,0.756
47,Tim Anderson,CHW,R,SS,SS,140,611,570,86.5,15.8,63.3,19.7,165.2,111.8,36.4,1.3,251.5,114.3,25.7,5.5,3.8,5.8,5.4,0.290,0.322,0.441,0.763
48,Alex Bregman,HOU,R,3B,3B,147,611,517,84.0,22.8,85.4,2.4,135.3,78.6,33.2,0.7,238.2,79.0,79.5,8.5,4.6,0.9,1.0,0.262,0.365,0.461,0.826
49,Randy Arozarena,TB,R,OF,OF,147,611,545,76.7,20.4,76.8,29.3,136.9,82.0,32.1,2.2,234.8,154.0,49.0,10.9,4.5,1.6,11.2,0.251,0.322,0.430,0.752
50,Carlos Correa,MIN,R,SS,SS,144,610,535,85.9,22.8,76.2,1.3,144.6,88.6,31.9,1.3,247.6,116.8,63.5,4.8,4.4,3.4,0.5,0.270,0.349,0.463,0.812
51,Ke’Bryan Hayes,PIT,R,3B,3B,144,610,549,70.3,12.2,62.0,20.0,140.4,95.6,29.4,3.3,213.0,130.2,51.2,5.4,4.5,1.9,6.7,0.256,0.323,0.388,0.711
52,Ryan Mountcastle,BAL,R,1B,1B,148,608,552,75.6,25.3,82.1,4.9,140.1,88.3,25.3,1.2,243.7,156.1,43.6,4.8,4.7,1.8,2.2,0.253,0.310,0.441,0.750
53,Kyle Schwarber,PHI,L,OF,OF,144,607,517,90.1,36.1,86.1,7.6,118.9,60.5,20.4,1.9,251.5,172.5,76.3,6.2,4.2,4.2,2.9,0.230,0.332,0.486,0.818
54,Andres Gimenez,CLE,L,2B,2B/SS,151,607,546,75.3,18.3,72.4,21.3,145.8,91.2,33.7,2.7,239.7,120.9,37.7,17.0,4.8,2.4,7.0,0.267,0.331,0.439,0.769
55,Matt Chapman,TOR,R,3B,3B,150,606,525,77.1,27.5,86.7,3.5,116.1,57.0,30.0,1.5,231.6,178.2,65.8,6.5,4.3,2.4,1.6,0.221,0.311,0.441,0.752
56,Wander Franco,TB,S,SS,SS,145,606,545,81.1,14.0,69.2,11.1,152.6,99.9,33.0,5.7,239.1,65.5,49.2,4.5,4.4,3.6,4.7,0.280,0.341,0.439,0.780
57,Adolis Garcia,TEX,R,OF,OF,150,604,559,67.3,24.2,80.7,20.5,129.4,77.2,25.0,3.0,233.2,174.7,34.4,5.7,4.3,1.0,7.3,0.232,0.281,0.417,0.698
58,C.J. Cron,COL,R,1B,1B,145,603,536,78.0,28.4,91.2,0.8,136.9,82.6,23.6,2.3,250.1,148.0,49.9,9.1,4.2,1.0,0.4,0.255,0.325,0.467,0.791
59,Gunnar Henderson,BAL,L,3B,SS/3B,149,603,525,72.8,17.8,72.5,9.6,130.8,79.1,30.1,3.8,222.0,155.3,64.5,6.2,4.6,0.9,4.0,0.249,0.334,0.423,0.757
60,Christian Walker,ARI,R,1B,1B,147,602,533,73.4,25.3,84.7,2.5,133.6,81.9,24.4,2.0,237.7,127.5,58.0,6.9,4.1,1.0,1.1,0.251,0.330,0.446,0.776
61,Jose Abreu,HOU,R,1B,1B,148,602,534,76.7,20.2,81.9,0.7,144.7,92.1,31.6,0.9,238.7,115.2,50.5,11.2,4.6,1.3,0.3,0.271,0.343,0.447,0.790
62,Javier Baez,DET,R,SS,SS,147,601,555,69.4,21.4,72.3,12.2,135.6,84.8,26.5,3.0,232.3,162.5,28.8,8.6,4.4,2.8,4.4,0.245,0.288,0.418,0.706
63,George Springer,TOR,R,OF,OF,136,599,522,99.7,29.2,77.0,12.9,137.1,76.0,29.3,2.6,259.2,113.5,57.6,8.0,3.8,5.6,4.1,0.263,0.339,0.497,0.836
64,Seiya Suzuki,CHC,R,OF,OF,144,599,521,78.7,24.8,80.5,11.1,138.4,86.7,25.0,1.9,241.6,131.4,66.2,6.8,4.1,1.2,5.7,0.265,0.353,0.463,0.816
65,Steven Kwan,CLE,L,OF,OF,144,599,526,82.6,9.4,54.0,17.5,147.2,103.3,29.4,5.1,214.9,63.1,58.8,6.7,3.8,5.5,5.7,0.280,0.355,0.409,0.763
66,Andrew Vaughn,CHW,R,1B/OF,1B/OF,148,598,539,78.5,24.1,82.4,1.7,144.5,83.5,35.8,1.1,254.9,108.1,44.1,8.0,4.2,2.6,0.7,0.268,0.329,0.473,0.801
67,Ketel Marte,ARI,S,2B,2B,143,594,529,75.5,15.9,65.3,5.6,140.2,92.2,30.1,2.0,221.9,102.3,51.9,6.6,4.3,3.3,2.0,0.266,0.335,0.420,0.755
68,Anthony Santander,BAL,S,OF,OF,148,594,536,73.5,26.8,84.5,1.7,128.9,72.4,29.0,0.7,239.6,119.8,42.6,8.2,4.2,1.0,0.9,0.240,0.303,0.446,0.749
69,Jeremy Pena,HOU,R,SS,SS,147,594,550,73.0,21.8,76.6,12.3,139.8,90.0,25.5,2.5,235.5,137.3,28.9,7.3,4.3,3.4,4.7,0.254,0.296,0.429,0.725
70,Eugenio Suarez,SEA,R,3B,3B,148,592,515,70.5,26.6,78.2,1.1,108.9,58.8,22.3,1.2,213.4,182.4,62.1,7.3,4.4,1.2,0.5,0.211,0.302,0.414,0.716
71,Teoscar Hernandez,SEA,R,OF,OF,147,592,541,74.0,27.5,87.7,9.0,135.2,74.9,31.9,0.9,251.4,166.8,39.8,4.7,4.2,1.1,3.7,0.250,0.304,0.465,0.768
72,Tommy Edman,STL,S,2B/SS,2B/SS,151,592,537,74.4,11.7,59.2,29.2,140.4,95.2,30.9,2.7,211.6,95.4,39.2,6.0,3.8,5.3,6.7,0.261,0.314,0.394,0.707
73,Starling Marte,NYM,R,OF,OF,138,589,534,74.9,15.6,63.8,29.1,142.8,98.8,24.5,3.9,222.0,115.5,35.4,12.5,4.2,3.8,8.1,0.267,0.324,0.415,0.739
74,Luis Urias,MIL,R,2B/SS/ 3B,2B/SS/ 3B,145,588,514,69.9,19.2,68.4,4.7,123.7,78.4,24.6,1.5,208.9,121.6,59.9,9.5,4.1,2.6,1.9,0.241,0.328,0.406,0.735
75,Nico Hoerner,CHC,R,SS,SS,141,588,533,73.1,10.9,57.0,21.8,150.5,109.3,26.0,4.3,217.6,72.6,38.5,7.9,4.0,4.6,7.1,0.282,0.335,0.408,0.743
76,Jake McCarthy,ARI,L,OF,OF,144,587,529,68.8,13.7,63.4,30.4,137.5,95.2,22.6,5.9,213.1,129.2,45.4,7.8,4.5,1.3,10.3,0.260,0.325,0.403,0.727
77,Vinnie Pasquantino,KC,L,1B,1B,145,586,510,75.1,22.2,83.7,2.6,139.1,86.6,28.3,2.0,237.9,81.9,62.3,6.0,4.0,0.9,1.2,0.273,0.354,0.466,0.821
78,Jeff McNeil,NYM,L,2B/OF,2B/OF,144,584,528,68.8,10.7,63.7,3.6,149.9,103.3,34.7,1.2,219.0,70.2,40.9,9.3,4.6,2.2,1.5,0.284,0.342,0.415,0.757
79,Oneil Cruz,PIT,L,SS,SS,138,584,523,80.9,24.4,70.0,20.0,131.7,76.1,25.9,5.3,241.4,158.4,48.9,4.8,3.7,5.1,7.0,0.252,0.317,0.461,0.779
80,J.D. Martinez,LAD,R,DH,DH,142,579,518,71.6,22.0,81.2,0.8,133.1,76.7,33.3,1.0,234.6,145.1,48.6,4.6,4.6,1.4,0.3,0.256,0.322,0.453,0.775
81,Nick Castellanos,PHI,R,OF,OF,144,578,531,67.6,19.5,77.5,5.3,138.8,86.0,32.3,1.0,231.8,131.2,36.1,5.6,4.5,1.5,2.3,0.261,0.312,0.436,0.749
82,Josh Bell,CLE,S,1B,1B,142,576,500,72.6,21.3,79.1,0.8,130.2,78.8,28.1,2.0,226.1,102.0,67.7,4.7,4.0,1.0,0.4,0.261,0.352,0.452,0.804
83,Ramon Laureano,OAK,R,OF,OF,141,573,511,66.0,19.3,63.3,18.1,117.7,68.7,28.6,1.2,206.6,149.8,40.1,13.1,4.1,3.3,6.5,0.230,0.298,0.404,0.702
84,Ozzie Albies,ATL,S,2B,2B,141,571,523,76.6,20.2,74.0,16.0,136.1,81.0,32.2,2.7,234.3,101.8,38.0,4.7,4.0,2.4,5.4,0.260,0.313,0.448,0.761
85,Jorge Polanco,MIN,S,2B,2B,140,570,505,73.1,19.9,70.8,8.2,129.0,80.6,27.4,1.1,218.2,111.6,55.7,4.6,4.3,1.3,3.7,0.255,0.332,0.432,0.764
86,Kris Bryant,COL,R,OF,OF,134,567,495,81.1,20.2,71.2,5.9,135.8,86.3,27.4,1.8,227.4,115.9,54.9,7.5,4.1,3.3,2.4,0.274,0.350,0.459,0.808
87,Alec Bohm,PHI,R,3B,1B/3B,147,566,518,64.2,14.2,64.9,4.6,139.6,97.9,25.3,2.1,211.9,111.5,37.1,4.5,4.2,2.8,1.9,0.269,0.320,0.410,0.730
88,Anthony Rizzo,NYY,L,1B,1B,137,565,486,77.7,26.5,78.6,7.9,116.6,66.2,22.7,1.2,221.1,101.0,56.7,17.0,4.3,1.2,3.4,0.240,0.337,0.455,0.792
89,Jazz Chisholm Jr.,MIA,L,2B,2B,137,564,507,75.5,24.5,69.1,29.4,125.0,76.0,19.8,4.8,227.8,143.0,44.6,5.8,4.1,2.0,11.3,0.247,0.311,0.449,0.760
90,Jean Segura,MIA,R,2B,2B,134,563,510,70.2,10.8,51.6,14.6,138.6,104.0,22.0,1.9,196.8,86.2,37.6,7.9,4.0,3.6,5.5,0.272,0.327,0.386,0.713
91,Yandy Diaz,TB,R,3B,1B/3B,135,563,480,78.0,12.4,57.8,4.6,131.8,90.1,28.4,0.8,199.2,76.9,71.1,4.9,3.7,4.4,1.8,0.275,0.369,0.415,0.784
92,Max Muncy,LAD,L,2B/3B,2B/3B,137,560,465,74.6,24.6,75.8,2.3,107.3,57.0,24.6,1.2,208.0,128.3,80.4,6.9,4.0,1.3,0.9,0.231,0.347,0.447,0.795
93,Dylan Carlson,STL,S,OF,OF,137,556,486,72.4,13.9,59.3,6.7,122.3,74.9,30.5,2.9,200.5,108.4,52.7,7.8,4.1,4.0,2.4,0.251,0.329,0.412,0.740
94,Eloy Jimenez,CHW,R,OF,OF,137,555,505,74.7,29.1,91.7,0.7,137.8,78.6,29.4,0.7,256.0,126.1,41.0,4.4,3.9,0.9,0.3,0.273,0.330,0.507,0.836
95,Brandon Lowe,TB,L,2B,2B,137,555,489,74.2,24.8,74.3,4.4,117.4,66.7,23.6,2.2,219.9,136.9,53.5,7.4,3.8,1.7,1.7,0.240,0.321,0.449,0.770
96,CJ Abrams,WSH,L,SS,2B/SS,145,554,515,60.7,9.2,52.8,17.3,133.6,90.4,31.2,2.8,198.1,95.8,21.5,9.3,4.0,3.6,7.0,0.259,0.297,0.385,0.681
97,Thairo Estrada,SF,R,2B/SS,2B/SS/ OF,142,553,500,65.2,15.3,58.4,20.1,131.2,93.3,20.3,2.2,201.9,93.7,35.8,10.1,3.7,4.3,6.6,0.262,0.320,0.404,0.724
98,J.P. Crawford,SEA,L,SS,SS,151,551,481,64.3,7.5,50.2,5.0,118.9,79.6,29.9,1.9,175.2,82.3,55.1,6.8,4.0,3.3,2.2,0.248,0.328,0.364,0.692
99,Luis Robert Jr.,CHW,R,OF,OF,133,551,508,73.5,22.2,79.7,14.6,144.2,85.6,35.5,0.9,248.0,110.0,30.8,5.9,4.2,1.3,5.2,0.284,0.329,0.488,0.817
100,Adley Rutschman,BAL,S,C,C,135,548,465,73.5,16.5,62.2,4.2,117.4,69.3,30.4,1.2,199.7,96.6,67.5,6.1,3.9,3.3,1.8,0.253,0.349,0.429,0.777
101,Lane Thomas,WSH,R,OF,OF,137,547,485,70.0,17.6,55.5,11.3,115.0,67.6,27.5,2.2,199.7,132.3,48.4,4.3,3.6,4.7,4.2,0.237,0.307,0.412,0.719
102,Yoan Moncada,CHW,S,3B,3B,140,545,480,64.2,16.4,64.0,3.5,116.0,69.9,28.3,1.4,196.2,140.4,53.1,5.6,4.3,1.9,1.4,0.241,0.320,0.408,0.729
103,Brendan Rodgers,COL,R,2B,2B,141,545,494,67.5,16.2,69.7,1.1,141.1,95.8,26.1,3.0,221.8,97.4,37.7,5.7,3.9,2.1,0.4,0.286,0.338,0.449,0.787
104,Austin Hays,BAL,R,OF,OF,141,543,495,62.3,17.8,67.6,5.0,123.2,77.5,25.9,2.0,206.5,108.3,32.0,8.1,4.2,3.4,2.4,0.249,0.301,0.417,0.718
105,Rowdy Tellez,MIL,L,1B,1B,135,542,480,72.0,29.2,82.9,2.5,117.9,63.2,24.5,0.9,232.0,109.6,52.9,5.6,4.1,1.2,1.1,0.246,0.325,0.483,0.809
106,Gleyber Torres,NYY,R,2B,2B,135,542,486,70.0,21.0,69.9,14.0,126.8,81.8,23.0,1.0,214.7,112.3,45.1,3.9,3.7,3.6,5.0,0.261,0.324,0.442,0.766
107,Giancarlo Stanton,NYY,R,OF,OF,132,541,476,74.5,32.5,87.7,0.9,116.8,66.3,17.3,0.8,233.1,154.8,56.9,3.4,3.7,1.1,0.4,0.245,0.327,0.490,0.817
108,Luis Arraez,MIA,L,1B/2B,1B/2B,134,540,482,65.6,6.1,48.7,6.0,142.1,110.2,23.3,2.6,188.7,45.1,45.8,3.9,3.5,4.7,2.4,0.295,0.355,0.392,0.747
109,J.T. Realmuto,PHI,R,C,C,136,537,482,65.7,18.9,72.7,15.5,126.2,79.3,24.5,3.5,214.4,119.2,41.3,9.5,3.8,1.2,5.0,0.262,0.330,0.445,0.775
110,Jose Miranda,MIN,R,1B/3B,1B/3B,137,535,489,64.2,17.8,68.2,2.3,127.4,78.4,30.7,0.6,212.6,92.6,32.6,8.0,4.2,1.7,1.1,0.261,0.314,0.435,0.748
111,Justin Turner,BOS,R,3B,3B,133,534,472,63.7,14.0,65.9,2.7,123.5,82.0,26.8,0.7,193.5,93.4,48.1,8.0,3.8,1.1,1.1,0.261,0.336,0.410,0.747
112,Lourdes Gurriel Jr.,ARI,R,OF,OF,133,533,489,62.1,14.0,64.1,4.9,136.6,93.6,27.3,1.6,209.2,96.7,33.6,4.7,3.8,2.2,2.3,0.279,0.328,0.428,0.756
113,Mitch Haniger,SF,R,OF,OF,130,531,474,66.2,21.4,67.7,1.4,119.1,77.8,18.1,1.8,205.1,123.9,46.4,6.5,4.0,1.4,0.6,0.252,0.324,0.433,0.757
114,Chris Taylor,LAD,R,2B/OF,2B/OF,140,528,463,59.9,13.0,55.9,10.5,106.5,62.4,28.5,2.6,179.3,159.6,49.9,6.5,3.9,3.0,3.4,0.230,0.309,0.387,0.696
115,Andrew Benintendi,CHW,L,OF,OF,132,527,468,67.6,13.8,56.7,9.5,122.8,82.0,24.9,2.1,193.3,90.9,47.8,3.8,3.8,2.9,3.7,0.263,0.332,0.413,0.745
116,Will Smith,LAD,R,C,C,127,522,451,71.8,24.0,78.2,1.9,117.9,64.8,27.0,2.1,221.2,92.8,54.2,10.2,3.9,0.9,0.8,0.262,0.349,0.491,0.840
117,MJ Melendez,KC,L,C/OF,C/OF,130,520,447,71.1,19.7,57.5,5.4,105.4,61.5,21.5,2.6,191.2,118.3,59.4,2.7,3.4,4.4,2.1,0.235,0.322,0.427,0.750
118,Oscar Gonzalez,CLE,R,OF,OF,134,519,487,60.9,18.7,71.7,2.6,133.9,85.4,28.3,1.5,221.3,101.0,22.2,4.1,3.8,2.5,1.1,0.275,0.309,0.455,0.763
119,Salvador Perez,KC,R,C,C,130,519,484,63.5,25.6,76.8,1.0,120.5,74.2,19.6,1.0,219.0,124.9,21.8,7.8,3.9,0.7,0.4,0.249,0.290,0.453,0.742
120,Tyler O’Neill,STL,R,OF,OF,130,518,461,66.3,23.2,70.9,16.3,113.2,68.9,19.6,1.5,205.2,145.6,42.8,7.9,3.7,1.8,5.8,0.245,0.316,0.445,0.761
121,Alejandro Kirk,TOR,R,C,C,127,517,448,71.2,19.0,77.7,0.7,126.6,77.0,29.9,0.6,214.6,58.3,57.2,5.1,3.6,1.1,0.3,0.283,0.365,0.480,0.845
122,Tyler Stephenson,CIN,R,C,C,129,516,464,59.4,14.4,61.8,2.1,122.5,76.3,30.9,0.8,198.5,115.7,42.7,6.9,3.7,1.2,0.9,0.264,0.333,0.428,0.761
123,Jonathan Schoop,DET,R,2B,2B,134,515,478,54.6,15.3,59.1,3.4,116.0,77.6,21.8,1.2,186.3,104.2,25.4,5.5,3.6,1.6,1.4,0.243,0.285,0.390,0.675
124,Austin Meadows,DET,L,OF,OF,128,513,451,64.7,17.9,57.4,5.5,109.0,68.7,19.0,3.4,188.4,97.6,47.6,5.8,3.4,3.9,2.0,0.242,0.316,0.418,0.735
125,Mark Canha,NYM,R,OF,OF,133,512,436,60.7,13.6,54.0,5.4,105.5,71.7,19.0,1.3,167.9,103.4,53.2,17.4,3.7,3.0,1.9,0.242,0.344,0.385,0.729
126,Jorge Soler,MIA,R,OF,OF,129,512,448,60.9,22.1,67.3,2.1,102.7,60.2,19.7,0.7,190.2,137.1,53.0,5.5,3.6,1.9,0.9,0.229,0.314,0.425,0.740
127,Hunter Renfroe,LAA,R,OF,OF,132,512,462,65.8,27.1,79.5,2.2,111.3,59.7,23.5,0.9,218.0,120.0,39.9,4.0,4.0,1.7,0.9,0.241,0.303,0.471,0.774
128,Byron Buxton,MIN,R,OF,OF,122,511,460,75.7,28.1,70.1,11.0,112.2,54.2,26.9,2.9,229.3,141.6,36.3,7.7,3.3,4.4,3.1,0.244,0.305,0.498,0.803
129,Gavin Lux,LAD,L,2B/OF,2B/OF,134,511,450,61.3,10.7,54.3,7.6,117.1,76.9,24.7,4.7,183.4,99.7,49.9,3.2,3.7,2.6,2.9,0.260,0.333,0.408,0.741
130,Masataka Yoshida,BOS,L,OF,OF,130,511,437,76.7,16.6,60.4,4.2,128.3,85.1,25.2,1.3,206.0,51.2,58.7,6.3,3.2,4.9,1.5,0.294,0.378,0.471,0.849
131,Mike Yastrzemski,SF,L,OF,OF,126,509,446,62.2,17.1,55.8,4.7,100.8,58.7,22.9,2.1,179.2,126.1,50.8,6.2,3.7,3.1,1.9,0.226,0.311,0.401,0.712
132,Avisail Garcia,MIA,R,OF,OF,130,508,463,54.3,15.7,60.8,6.3,115.8,81.3,18.0,0.8,182.4,130.7,31.2,7.7,4.0,1.4,2.7,0.250,0.304,0.394,0.699
133,Josh Naylor,CLE,L,1B,1B/OF,132,505,455,62.1,19.3,69.0,5.7,119.2,69.3,30.0,0.7,208.3,82.6,40.5,5.7,3.5,1.7,2.4,0.262,0.328,0.458,0.786
134,Brendan Donovan,STL,L,2B/3B/ OF,1B/2B/ SS/3B/OF,134,505,434,64.2,7.6,48.0,5.0,114.8,81.1,25.0,1.2,165.0,81.9,54.9,9.4,4.0,2.1,2.3,0.265,0.355,0.380,0.735
135,Daulton Varsho,TOR,L,C/OF,C/OF,130,503,450,68.1,23.8,72.1,14.3,107.8,56.6,25.6,1.7,208.2,119.0,40.4,5.2,3.9,2.3,5.0,0.240,0.305,0.462,0.767
136,Cody Bellinger,CHC,L,OF,OF,127,500,445,56.0,18.2,61.3,13.3,101.2,61.4,18.5,3.0,180.3,123.2,45.3,3.1,3.7,2.9,4.0,0.227,0.300,0.404,0.704
137,Harrison Bader,NYY,R,OF,OF,129,500,450,59.6,14.3,55.6,19.6,110.2,72.8,20.1,3.0,179.2,108.6,36.1,7.1,3.5,2.3,6.4,0.245,0.307,0.398,0.705
138,Randal Grichuk,COL,R,OF,OF,127,495,458,61.8,20.4,68.3,3.3,120.2,76.4,21.0,2.4,207.1,108.9,25.2,4.4,3.7,2.3,1.4,0.262,0.302,0.452,0.754
139,Wil Myers,CIN,R,1B/OF,1B/OF,129,493,443,56.6,17.5,62.0,6.2,109.8,60.4,30.7,1.1,195.2,138.5,43.8,3.0,3.9,1.8,2.3,0.248,0.317,0.441,0.758
140,Manuel Margot,TB,R,OF,OF,127,492,446,56.2,10.0,50.9,13.2,111.9,75.7,23.9,2.3,170.2,87.2,37.5,3.5,3.4,2.1,5.0,0.251,0.310,0.382,0.692
141,Josh Rojas,ARI,L,2B/3B,2B/3B,125,492,431,56.0,9.1,45.9,17.0,107.6,76.4,20.3,1.8,158.8,105.2,52.5,2.5,3.8,2.3,5.7,0.250,0.330,0.369,0.699
142,Charlie Blackmon,COL,L,OF,OF,120,491,444,63.6,13.8,56.5,3.5,119.1,83.0,18.5,3.9,186.7,89.7,33.4,6.7,3.8,1.7,1.5,0.269,0.324,0.420,0.745
143,Jeimer Candelario,WSH,S,3B,3B,127,490,437,55.1,14.2,57.4,1.4,105.6,62.3,27.6,1.6,178.9,112.6,42.2,5.0,3.5,1.8,0.6,0.242,0.311,0.409,0.720
144,Willson Contreras,STL,R,C,C,125,489,421,62.9,18.5,62.4,5.4,103.9,63.1,21.0,1.3,182.9,113.9,45.3,15.6,3.5,3.0,2.4,0.247,0.337,0.435,0.772
145,Anthony Rendon,LAA,R,3B,3B,122,486,422,60.0,15.1,63.8,2.8,106.7,64.4,26.2,1.1,180.3,86.4,54.9,5.5,3.4,0.7,1.2,0.253,0.344,0.428,0.772
146,Carlos Santana,PIT,S,1B,1B,123,486,416,57.1,16.7,57.6,1.2,94.3,58.9,18.1,0.5,163.7,82.5,64.6,3.6,3.4,1.8,0.5,0.227,0.334,0.394,0.728
147,Luis Garcia,WSH,L,2B/SS,2B/SS,130,485,452,55.9,12.8,54.6,5.5,119.5,76.8,26.9,3.0,190.9,93.6,24.1,3.0,3.6,2.7,2.5,0.265,0.302,0.423,0.725
148,Ha-Seong Kim,SD,R,SS/3B,SS/3B,122,485,433,62.7,12.7,48.8,11.1,105.4,67.9,23.0,1.8,170.0,86.3,41.2,5.4,3.3,3.9,3.2,0.243,0.313,0.393,0.706
149,Michael Conforto,SF,L,OF,OF,125,484,417,57.5,15.4,56.3,3.1,103.1,66.2,20.3,1.2,172.1,104.2,54.7,8.6,3.9,1.4,1.4,0.248,0.344,0.413,0.757
150,Fernando Tatis Jr.,SD,R,SS/OF,SS/OF,112,484,424,79.2,28.1,76.2,19.4,120.0,63.4,27.0,1.5,234.3,109.1,51.2,4.8,3.4,2.7,6.3,0.283,0.364,0.552,0.916
151,Triston Casas,BOS,L,1B,1B,130,483,411,59.7,17.0,60.1,3.3,99.1,58.3,21.8,1.9,175.7,110.6,60.0,4.5,3.5,2.7,1.4,0.241,0.339,0.427,0.766
152,Christopher Morel,CHC,R,2B/OF,2B/SS/ 3B/OF,130,481,430,56.9,16.7,53.9,12.9,101.0,62.2,18.7,3.3,176.4,135.8,39.3,4.2,3.8,3.9,5.3,0.235,0.300,0.410,0.711
153,Enrique Hernandez,BOS,R,OF,2B/OF,124,479,426,58.1,13.0,51.2,2.3,100.7,63.1,23.5,1.2,165.4,91.0,39.4,5.8,3.3,3.5,0.9,0.236,0.305,0.388,0.693
154,Garrett Cooper,MIA,R,1B,1B,122,478,423,53.9,13.2,55.9,1.1,108.3,72.8,20.8,1.5,171.8,121.4,43.7,7.2,3.3,1.1,0.5,0.256,0.333,0.407,0.739
155,Jesse Winker,MIL,L,OF,OF,122,477,405,60.7,16.2,56.6,0.9,100.5,61.8,21.9,0.7,172.3,88.8,61.7,6.3,3.7,1.9,0.4,0.248,0.353,0.426,0.779
156,Tony Kemp,OAK,L,2B/OF,2B/OF,128,477,418,56.3,7.1,37.9,9.8,100.7,68.1,23.7,1.8,149.3,63.0,44.2,6.9,3.1,4.2,3.1,0.241,0.318,0.357,0.675
157,Josh Jung,TEX,R,3B,3B,131,477,438,52.0,16.8,57.5,5.0,103.5,64.4,20.5,1.8,177.9,133.6,28.7,5.3,3.3,1.8,2.0,0.236,0.288,0.406,0.694
158,Sean Murphy,ATL,R,C,C,124,476,419,59.7,17.1,63.2,1.1,103.1,61.1,23.5,1.4,180.7,102.8,45.1,8.0,3.7,1.5,0.5,0.246,0.328,0.431,0.759
159,Michael Brantley,HOU,L,OF,OF,116,475,424,62.8,9.9,49.9,2.7,117.8,86.3,19.6,2.1,171.2,59.9,39.2,4.4,3.4,3.0,1.0,0.277,0.340,0.404,0.743
160,Trent Grisham,SD,L,OF,OF,131,472,409,59.5,15.4,52.8,10.9,90.6,53.0,20.3,1.9,160.9,120.7,51.6,5.8,3.6,3.7,3.3,0.222,0.313,0.393,0.706
161,Bryan De La Cruz,MIA,R,OF,OF,130,471,431,51.8,13.9,54.1,4.8,111.9,75.8,21.2,1.1,177.0,113.1,29.0,3.4,3.7,3.3,2.1,0.260,0.306,0.411,0.717
162,Spencer Torkelson,DET,R,1B,1B,130,468,406,53.2,16.1,53.9,2.2,94.5,58.0,19.2,1.2,164.4,111.1,47.9,5.8,3.7,3.4,1.0,0.233,0.316,0.405,0.721
163,Whit Merrifield,TOR,R,2B/OF,2B/OF,130,466,427,57.8,9.8,52.1,19.0,111.9,71.8,29.4,0.9,172.5,75.0,27.5,2.9,3.4,3.9,5.0,0.262,0.305,0.403,0.709
164,Leody Taveras,TEX,S,OF,OF,135,466,423,50.9,10.7,47.9,16.3,101.5,66.8,21.7,2.4,160.0,112.4,33.5,3.5,3.7,3.5,5.9,0.240,0.297,0.379,0.676
165,Joey Meneses,WSH,R,1B/OF,1B/OF,121,465,428,55.3,18.3,62.9,1.4,111.1,67.7,23.8,1.2,192.5,107.2,28.8,3.3,3.5,0.8,0.6,0.259,0.308,0.450,0.758
166,Seth Brown,OAK,L,1B/OF,1B/OF,121,463,416,54.5,18.6,56.2,8.0,93.6,49.3,23.7,2.0,177.0,124.5,37.7,3.3,3.5,1.1,3.0,0.224,0.291,0.425,0.716
167,Luis Rengifo,LAA,S,2B/3B,2B/SS/ 3B,130,460,423,55.7,14.0,55.1,8.4,107.6,69.9,20.9,2.7,176.0,79.1,26.9,4.2,3.5,3.1,3.1,0.255,0.301,0.416,0.718
168,Brandon Drury,LAA,R,1B/2B/ 3B,1B/2B/ 3B,123,459,420,54.5,17.2,60.1,3.0,103.3,62.0,22.6,1.4,180.4,100.9,29.1,5.2,3.2,2.0,1.3,0.246,0.299,0.429,0.729
169,Brandon Crawford,SF,L,SS,SS,126,458,408,49.7,11.7,48.4,4.2,99.1,67.7,17.7,2.0,155.8,95.2,39.7,6.1,3.4,2.2,1.8,0.243,0.317,0.382,0.699
170,Joc Pederson,SF,L,OF,OF,120,454,402,55.1,19.3,58.8,3.6,95.6,57.1,16.9,2.3,175.1,107.1,41.4,7.0,3.1,1.4,1.8,0.238,0.318,0.436,0.753
171,Kolten Wong,SEA,L,2B,2B,124,454,403,53.3,10.1,46.0,14.3,97.9,62.6,23.3,1.9,155.2,81.4,35.5,9.0,3.5,2.2,4.9,0.243,0.314,0.385,0.699
172,Joey Wendle,MIA,L,2B/SS/ 3B,2B/SS/ 3B,125,454,419,45.3,6.6,44.6,12.1,107.4,76.5,22.2,2.1,153.4,80.5,21.9,7.0,3.3,2.5,4.3,0.256,0.300,0.366,0.667
173,Miguel Vargas,LAD,R,1B,1B,122,451,399,54.5,12.4,54.3,8.6,106.4,66.3,26.2,1.4,172.9,80.2,38.3,4.7,3.5,3.6,2.7,0.267,0.331,0.433,0.764
174,Eduardo Escobar,NYM,S,3B,3B,119,449,408,49.7,15.3,54.2,1.5,95.8,58.9,19.1,2.5,165.8,100.8,32.5,2.9,3.5,2.7,0.7,0.235,0.292,0.407,0.699
175,Keibert Ruiz,WSH,S,C,C,117,449,406,52.2,13.4,56.3,4.7,106.7,67.4,25.4,0.6,173.3,52.9,33.5,5.0,3.2,1.1,2.0,0.263,0.323,0.427,0.750
176,DJ LeMahieu,NYY,R,1B/2B/ 3B,1B/2B/ 3B,111,449,394,61.0,10.3,44.6,4.7,108.9,80.2,17.7,0.8,159.1,61.9,45.0,3.5,2.9,3.9,1.8,0.277,0.351,0.404,0.754
177,Joey Gallo,MIN,L,OF,OF,121,448,375,53.8,20.9,54.5,3.9,71.0,35.6,12.8,1.7,149.8,159.6,65.1,4.6,3.2,1.7,1.5,0.190,0.314,0.400,0.714
178,Brandon Marsh,PHI,L,OF,OF,130,448,405,50.1,9.4,44.2,12.1,94.9,63.0,19.0,3.5,149.0,141.4,33.9,3.7,3.4,3.2,3.9,0.234,0.295,0.369,0.664
179,TJ Friedl,CIN,L,OF,OF,115,446,395,56.3,12.5,43.7,11.9,97.4,63.8,16.5,4.6,160.7,83.6,38.6,7.3,2.9,4.1,4.1,0.246,0.321,0.406,0.728
180,Max Kepler,MIN,L,OF,OF,118,445,390,52.9,15.6,56.1,5.1,91.8,54.1,20.5,1.7,162.4,77.1,47.4,5.0,3.1,1.1,2.2,0.236,0.324,0.416,0.740
181,Ji-Man Choi,PIT,L,1B,1B,118,445,381,50.5,13.0,51.0,0.6,88.7,52.3,22.8,0.5,151.5,117.0,58.8,3.7,3.1,1.0,0.3,0.233,0.339,0.397,0.737
182,Nick Gordon,MIN,L,2B/OF,2B/SS/ OF,122,445,409,47.4,9.1,48.1,11.5,102.3,67.6,22.9,2.7,157.9,102.9,23.2,6.9,3.4,3.1,3.7,0.250,0.298,0.386,0.684
183,Shea Langeliers,OAK,R,C,C,122,444,402,46.1,15.4,51.2,2.3,90.3,53.1,20.5,1.3,159.6,119.3,32.0,3.5,3.1,1.7,1.0,0.224,0.284,0.397,0.680
184,Spencer Steer,CIN,R,3B,1B/3B,122,441,393,50.9,15.3,51.4,3.3,94.2,51.9,25.8,1.2,168.3,100.5,37.8,6.1,3.2,2.4,1.4,0.239,0.313,0.428,0.741
185,Ezequiel Tovar,COL,R,SS,SS,122,440,404,57.5,13.2,52.3,11.2,111.6,76.3,19.8,2.3,175.6,80.6,24.1,4.6,3.4,3.6,3.6,0.276,0.319,0.435,0.754
186,Jake Fraley,CIN,L,OF,OF,117,439,381,53.5,16.2,49.3,9.8,92.0,56.2,18.6,1.0,161.3,110.3,49.4,4.9,3.0,1.9,3.6,0.242,0.334,0.423,0.757
187,William Contreras,MIL,R,C,C,113,434,388,52.6,19.2,59.9,1.7,96.5,59.0,17.1,1.2,173.6,112.0,39.2,3.4,3.0,1.1,0.8,0.248,0.321,0.448,0.769
188,Bryson Stott,PHI,L,2B/SS,2B/SS,127,434,389,50.3,10.7,46.7,10.2,96.7,64.2,19.8,2.0,152.4,86.9,36.7,2.7,3.4,3.3,4.1,0.249,0.314,0.392,0.706
189,Trey Mancini,CHC,R,1B/OF,1B/OF,114,432,383,48.9,13.7,50.9,0.7,94.7,62.0,17.9,1.0,155.7,100.1,38.3,6.0,3.0,1.7,0.3,0.247,0.322,0.406,0.728
190,Wilmer Flores,SF,R,1B/2B/ 3B,1B/2B/ 3B,113,431,384,49.4,13.5,49.4,1.0,95.1,64.6,15.9,1.1,153.9,70.3,37.5,5.2,3.1,1.7,0.4,0.248,0.320,0.400,0.720
191,Tyrone Taylor,MIL,R,OF,OF,123,430,391,50.2,15.9,51.4,5.8,91.1,54.3,18.5,2.3,162.0,102.5,27.1,6.8,3.4,3.2,2.2,0.233,0.290,0.415,0.705
192,Aledmys Diaz,OAK,R,2B/OF,1B/2B/ SS/3B/OF,116,429,392,45.4,12.6,49.7,2.3,95.9,60.2,22.5,0.7,157.5,73.6,25.8,5.6,3.2,2.2,1.0,0.245,0.297,0.402,0.699
193,Lars Nootbaar,STL,L,OF,OF,115,429,367,58.5,15.8,50.8,6.3,89.0,54.4,16.7,2.1,157.3,91.3,52.0,3.5,3.2,2.5,2.6,0.242,0.337,0.428,0.765
194,Andrew McCutchen,PIT,R,OF,OF,112,429,376,49.0,12.4,47.5,6.7,91.1,60.0,18.2,0.6,147.6,88.9,46.6,3.3,3.3,1.5,2.8,0.242,0.329,0.392,0.721
195,Adam Frazier,BAL,L,2B/OF,2B/OF,121,428,386,46.2,5.1,40.1,8.7,100.1,70.9,21.4,2.7,142.2,52.3,30.6,4.8,3.1,3.3,3.6,0.260,0.316,0.369,0.685
196,Joey Votto,CIN,L,1B,1B,106,427,370,50.0,15.4,50.8,0.9,85.3,51.5,17.2,1.2,151.1,109.6,50.8,5.4,3.2,0.6,0.4,0.231,0.331,0.408,0.740
197,Isaac Paredes,TB,R,1B/2B/ 3B,1B/2B/ 3B,114,425,368,52.6,16.6,55.2,1.6,88.0,51.5,18.7,1.2,158.7,72.1,48.3,4.2,3.2,2.2,0.7,0.239,0.330,0.431,0.762
198,Drew Waters,KC,S,OF,OF,122,422,376,47.4,10.0,43.2,11.4,89.5,57.9,18.2,3.4,144.5,123.3,34.3,3.4,3.3,3.4,3.4,0.238,0.301,0.384,0.685
199,Yonathan Daza,COL,R,OF,OF,110,421,384,49.9,4.8,39.9,3.6,110.0,84.2,18.8,2.2,147.5,70.1,26.4,3.7,2.8,3.5,1.5,0.287,0.333,0.384,0.717
200,Jarred Kelenic,SEA,L,OF,OF,118,421,376,49.8,15.4,50.1,10.5,82.3,43.5,22.0,1.3,153.2,107.8,34.6,3.9,3.2,3.2,3.7,0.219,0.287,0.408,0.695
201,Dominic Smith,WSH,L,1B,1B,113,419,374,46.3,11.1,48.5,2.4,92.8,55.0,25.5,1.1,153.9,88.7,31.4,6.9,3.3,2.8,1.0,0.248,0.313,0.411,0.724
202,Cal Raleigh,SEA,S,C,C,114,417,376,49.6,19.6,57.4,2.3,81.4,38.7,22.2,0.8,164.2,113.7,32.2,3.8,3.0,1.9,0.9,0.217,0.281,0.437,0.718
203,Kyle Isbel,KC,L,OF,OF,122,417,377,45.8,9.3,42.1,14.1,88.4,58.5,16.9,3.7,140.7,102.0,28.5,5.1,2.9,1.9,5.6,0.234,0.293,0.373,0.666
204,Harold Ramirez,TB,R,1B/OF,1B/OF,113,415,385,46.0,8.9,49.3,4.7,105.4,71.4,24.4,0.7,158.0,71.5,20.0,6.2,3.3,1.3,2.1,0.274,0.317,0.411,0.727
205,Josh Donaldson,NYY,R,3B,3B,109,415,360,48.2,14.6,51.2,1.9,82.2,50.4,16.8,0.4,143.7,106.5,44.8,4.8,3.2,1.3,0.9,0.228,0.318,0.399,0.717
206,Myles Straw,CLE,R,OF,OF,122,414,367,46.7,2.2,32.6,18.9,93.6,71.2,18.5,1.6,122.1,69.0,39.4,2.1,3.1,3.4,4.1,0.255,0.326,0.333,0.659
207,Marcell Ozuna,ATL,R,OF,OF,112,413,371,51.3,17.3,55.6,2.2,90.8,57.5,15.5,0.5,159.2,95.0,34.0,2.5,3.2,2.6,0.9,0.245,0.309,0.429,0.738
208,Akil Baddoo,DET,L,OF,OF,120,413,361,43.9,8.5,38.2,18.4,82.6,57.4,12.9,3.8,128.7,101.2,41.0,2.6,3.1,3.3,6.1,0.229,0.306,0.356,0.662
209,Ramon Urias,BAL,R,2B/3B,2B/3B,118,412,369,46.6,11.5,44.7,2.1,89.1,58.9,17.6,1.1,143.6,96.5,31.9,5.4,2.9,1.7,0.9,0.242,0.307,0.390,0.697
210,Jose Siri,TB,R,OF,OF,122,412,376,49.6,14.0,47.7,16.5,86.5,51.6,18.4,2.5,151.9,131.5,25.3,4.6,3.2,3.2,4.6,0.230,0.282,0.403,0.685
211,Vaughn Grissom,ATL,R,2B,2B,124,411,370,53.6,9.3,46.2,10.9,100.8,71.9,18.3,1.3,149.7,70.5,28.7,7.1,3.2,3.2,3.6,0.272,0.332,0.405,0.736
212,Edward Olivares,KC,R,OF,OF,111,409,371,47.4,11.4,45.9,7.8,95.8,65.9,17.0,1.5,150.0,79.8,27.0,5.0,3.3,1.4,3.4,0.258,0.312,0.404,0.716
213,Rodolfo Castro,PIT,S,2B/3B,2B/SS/ 3B,110,407,368,45.2,14.0,48.4,6.4,85.5,51.7,17.0,2.8,150.1,101.4,30.0,4.5,3.2,2.9,2.8,0.233,0.295,0.408,0.703
214,Nick Allen,OAK,R,2B/SS,2B/SS,127,407,368,39.9,5.4,33.8,7.3,84.8,58.2,20.5,0.7,122.8,77.3,28.9,3.2,3.2,3.3,2.9,0.231,0.287,0.334,0.621
215,Hunter Dozier,KC,R,1B/3B/ OF,1B/3B/ OF,113,406,364,42.9,10.7,43.9,4.9,83.7,53.7,16.7,2.6,137.9,106.5,31.9,4.0,3.0,1.9,2.2,0.230,0.295,0.379,0.673
216,Jared Walsh,LAA,L,1B,1B,109,406,367,49.2,17.1,55.1,2.5,87.7,49.1,20.1,1.4,161.9,110.8,31.0,3.8,3.0,1.7,1.1,0.239,0.301,0.441,0.743
217,Garrett Mitchell,MIL,L,OF,OF,115,406,363,45.5,9.2,39.1,13.7,85.9,57.3,18.0,1.4,134.1,119.0,35.1,4.2,3.0,2.3,4.8,0.237,0.308,0.369,0.678
218,David Villar,SF,R,3B,1B/3B,115,404,354,46.1,14.1,44.9,2.0,80.5,50.9,14.3,1.3,139.5,117.4,37.7,8.1,2.9,1.9,0.9,0.227,0.313,0.393,0.706
219,Esteury Ruiz,OAK,R,OF,OF,120,402,355,44.7,7.8,36.0,28.9,83.9,54.2,20.2,1.6,130.7,85.9,30.9,8.6,3.1,3.2,8.2,0.236,0.307,0.368,0.675
220,Jonah Heim,TEX,S,C,C,110,401,362,43.6,13.0,47.3,2.8,83.6,51.1,18.5,0.9,142.9,76.6,32.4,3.0,3.2,1.4,1.2,0.231,0.297,0.396,0.693
221,Chas McCormick,HOU,R,OF,OF,114,399,348,48.2,11.7,44.2,5.4,80.3,53.0,14.2,1.4,132.3,108.0,40.9,3.5,3.1,3.0,2.2,0.230,0.312,0.380,0.692
222,Victor Robles,WSH,R,OF,OF,121,398,359,42.7,7.5,35.9,14.7,80.7,52.6,18.8,1.8,125.6,100.6,23.9,9.0,3.1,3.2,4.6,0.225,0.285,0.350,0.636
223,Kerry Carpenter,DET,L,OF,OF,110,397,361,43.6,14.8,49.6,3.8,87.6,56.4,14.8,1.5,149.9,91.1,25.3,5.2,3.2,1.2,1.9,0.242,0.298,0.415,0.712
224,Michael Massey,KC,L,2B,2B,115,392,357,43.4,9.4,41.0,5.1,87.5,57.7,19.4,1.0,137.2,86.7,21.7,5.6,3.1,3.0,2.1,0.245,0.293,0.384,0.677
225,Jesus Aguilar,OAK,R,1B,1B,104,383,345,41.0,13.8,46.2,0.8,79.7,49.1,16.4,0.4,138.2,83.7,29.7,3.3,2.7,0.8,0.4,0.231,0.295,0.400,0.695
226,Elvis Andrus,FA,R,SS,SS,106,382,350,43.2,7.6,38.5,11.3,88.3,61.8,18.3,0.6,130.8,60.9,23.5,3.3,2.8,2.5,3.4,0.253,0.302,0.373,0.675
227,Adam Duvall,BOS,R,OF,OF,106,381,347,43.7,17.6,50.2,2.5,73.7,40.6,14.2,1.2,143.2,117.2,24.9,4.0,2.7,1.5,1.1,0.212,0.269,0.412,0.682
228,Eddie Rosario,ATL,L,OF,OF,108,380,351,44.4,12.0,46.5,5.9,84.1,53.6,17.1,1.4,139.9,77.7,23.0,2.0,2.8,2.0,2.1,0.240,0.287,0.399,0.686
229,Santiago Espinal,TOR,R,2B,2B/3B,105,375,337,44.6,6.4,40.2,6.7,87.9,57.6,23.4,0.5,131.5,53.9,28.3,2.6,2.9,2.5,2.9,0.260,0.317,0.390,0.707
230,Oscar Colas,CHW,L,OF,OF,106,375,345,44.2,13.7,46.9,2.8,86.3,55.0,16.5,1.2,146.2,90.3,21.5,3.8,2.8,2.4,1.1,0.250,0.297,0.424,0.721
231,Jesus Sanchez,MIA,L,OF,OF,105,373,335,42.9,14.1,45.5,2.2,80.8,51.5,12.6,2.6,140.7,94.0,29.1,4.2,2.7,1.4,0.9,0.241,0.306,0.420,0.727
232,Danny Jansen,TOR,R,C,C,108,372,328,52.7,18.7,54.5,2.3,79.4,40.3,19.9,0.5,156.3,72.9,33.7,4.5,2.9,2.7,0.9,0.242,0.316,0.477,0.793
233,Jace Peterson,OAK,L,3B,3B/OF,102,370,323,38.8,7.0,33.1,10.4,73.0,46.4,18.2,1.4,114.9,90.8,38.3,3.4,2.9,1.6,3.3,0.226,0.310,0.356,0.666
234,Oswaldo Cabrera,NYY,S,OF,SS/OF,100,369,334,41.8,12.4,45.8,9.1,78.1,46.6,17.4,1.8,136.2,90.7,27.2,2.7,2.7,1.6,3.8,0.234,0.293,0.408,0.701
235,Trayce Thompson,LAD,R,OF,OF,107,369,325,46.5,17.3,48.0,4.5,71.2,36.7,16.1,1.0,141.2,122.9,34.6,3.8,2.7,2.1,1.7,0.219,0.297,0.435,0.732
236,Eric Hosmer,CHC,L,1B,1B,103,368,332,42.1,9.9,41.0,2.0,89.4,63.9,15.0,0.5,135.3,62.2,29.6,3.0,2.9,1.1,0.9,0.270,0.332,0.408,0.739
237,Brice Turang,MIL,L,SS,SS,112,367,327,40.9,6.1,33.7,10.7,78.6,55.2,16.1,1.2,115.5,75.3,33.1,1.9,2.8,3.0,3.1,0.241,0.309,0.353,0.662
238,Alex Kirilloff,MIN,L,OF,1B/OF,100,365,331,42.7,11.8,45.1,1.8,85.9,55.1,18.1,0.9,141.3,78.9,25.1,4.8,2.7,1.9,0.8,0.260,0.317,0.427,0.744
239,LaMonte Wade Jr.,SF,L,1B/OF,1B/OF,98,363,313,44.4,10.8,35.4,3.5,69.7,45.1,12.3,1.4,117.4,78.4,40.1,5.2,2.8,2.8,1.4,0.223,0.317,0.375,0.692
240,Brandon Belt,TOR,L,1B,1B,100,362,309,46.4,15.6,47.6,2.2,68.5,37.0,14.9,1.0,132.2,98.4,42.0,5.2,2.6,1.8,0.9,0.221,0.319,0.428,0.747
241,Kevin Kiermaier,TOR,L,OF,OF,105,362,328,41.6,8.7,39.9,9.9,76.4,46.0,19.8,1.8,125.9,93.7,24.2,3.7,2.8,2.7,3.1,0.233,0.288,0.384,0.672
242,Evan Longoria,ARI,R,3B,3B,103,361,324,40.8,12.6,41.6,1.2,76.5,49.2,14.1,0.6,129.6,93.9,30.8,2.8,2.7,1.2,0.5,0.236,0.305,0.400,0.705
243,Jack Suwinski,PIT,L,OF,OF,101,357,313,42.2,14.8,43.4,4.6,70.4,39.3,15.5,0.7,131.9,103.0,37.0,3.7,2.6,1.9,2.0,0.225,0.312,0.421,0.733
244,Martin Maldonado,HOU,R,C,C,109,357,318,41.9,11.8,38.6,1.9,63.2,38.4,12.4,0.6,112.3,105.8,28.3,4.7,2.8,2.9,0.6,0.199,0.270,0.353,0.623
245,Juan Yepez,STL,R,OF,1B/OF,98,355,320,43.9,15.4,48.6,1.0,78.2,46.1,16.2,0.4,141.5,77.8,26.1,3.5,2.8,2.5,0.5,0.244,0.303,0.442,0.746
246,J.D. Davis,SF,R,3B,1B/3B,96,354,307,39.8,10.6,38.9,1.9,73.5,50.0,11.9,1.0,119.1,107.5,37.6,6.1,2.7,1.6,0.8,0.240,0.331,0.388,0.719
247,Nick Senzel,CIN,R,OF,OF,98,351,317,39.3,7.6,35.5,9.5,82.8,53.1,21.3,0.7,128.3,62.1,26.2,3.4,2.7,2.6,3.6,0.262,0.321,0.405,0.726
248,Josh H. Smith,TEX,L,3B/OF,3B/OF,100,350,304,37.6,5.7,31.7,8.7,71.4,48.3,16.1,1.4,107.3,74.3,34.0,6.5,2.7,2.8,3.0,0.234,0.320,0.352,0.672
249,JJ Bleday,OAK,L,OF,OF,101,347,299,34.7,9.4,33.6,3.3,59.4,33.5,15.6,1.0,105.2,95.6,39.7,3.2,2.6,1.8,1.4,0.199,0.295,0.352,0.647
250,Adalberto Mondesi,BOS,S,SS,SS,96,346,320,38.7,9.6,36.7,24.3,72.4,45.0,16.0,1.8,120.8,99.5,18.4,2.8,2.5,1.7,6.0,0.226,0.271,0.378,0.649
251,Brian Anderson,MIL,R,3B/OF,3B/OF,96,345,305,37.2,9.9,37.4,2.1,69.9,44.9,14.3,0.9,115.5,94.4,31.9,5.4,2.6,1.3,0.8,0.229,0.311,0.379,0.690
252,Nick Maton,DET,L,OF,2B/OF,104,344,301,35.0,6.7,30.4,2.9,65.0,44.3,12.0,2.0,101.1,88.4,33.2,3.9,2.5,2.0,1.2,0.215,0.297,0.335,0.632
253,Christian Vazquez,MIN,R,C,C/1B,104,343,315,38.4,7.2,35.1,4.1,78.7,53.9,17.1,0.5,118.3,59.9,20.8,2.5,2.7,2.5,1.8,0.250,0.298,0.375,0.673
254,Corey Dickerson,WSH,L,OF,OF,95,342,316,37.7,8.1,38.2,2.6,81.2,51.5,20.1,1.6,128.8,63.2,18.9,3.1,2.7,1.2,1.2,0.257,0.302,0.408,0.710
255,Jonathan Aranda,TB,L,2B,2B,95,337,301,38.6,8.3,35.8,1.8,73.4,49.1,14.9,1.0,115.2,79.2,26.6,5.2,2.4,2.0,0.7,0.244,0.312,0.383,0.695
256,Aaron Hicks,NYY,S,OF,OF,95,336,286,39.7,9.2,34.4,6.4,63.0,40.9,11.4,1.5,105.0,78.4,42.6,3.4,2.5,1.9,2.3,0.221,0.325,0.367,0.692
257,Joey Bart,SF,R,C,C,103,335,301,36.1,9.7,33.3,3.2,65.6,45.3,9.7,0.9,106.1,111.1,24.1,4.8,2.6,2.7,1.1,0.217,0.282,0.352,0.635
258,Nolan Gorman,STL,L,2B,2B,94,334,303,40.2,13.6,42.7,2.0,70.9,42.7,14.1,0.5,126.8,95.8,23.8,2.7,2.5,1.6,0.8,0.234,0.292,0.419,0.711
259,Tommy Pham,NYM,R,OF,OF,86,332,291,39.6,8.8,33.0,6.5,67.6,46.5,11.4,0.9,107.3,87.0,34.0,3.2,2.4,1.7,2.0,0.232,0.316,0.369,0.685
260,Jacob Stallings,MIA,R,C,C,99,331,295,33.4,5.4,28.5,1.5,67.0,48.7,12.2,0.7,96.7,72.2,27.6,3.3,2.5,2.3,0.6,0.227,0.295,0.328,0.624
261,Elias Diaz,COL,R,C,C,98,330,298,39.7,10.2,39.0,1.2,75.8,51.0,13.1,1.4,122.4,64.2,22.5,2.6,2.6,2.4,0.5,0.254,0.306,0.410,0.716
262,Nick Ahmed,ARI,R,SS,SS,102,328,298,35.9,6.5,31.4,6.3,69.5,46.3,15.3,1.4,107.1,70.9,23.0,2.3,2.5,2.5,2.1,0.234,0.289,0.360,0.649
263,Kyle Stowers,BAL,L,OF,OF,97,327,291,37.7,11.0,38.1,2.1,67.3,38.9,16.1,1.3,119.1,96.2,27.0,4.0,2.4,1.8,0.9,0.231,0.300,0.409,0.709
264,Nicky Lopez,KC,L,2B/SS/ 3B,2B/SS/ 3B,101,326,294,35.7,2.0,26.4,10.7,74.2,57.3,12.2,2.7,97.8,46.2,23.7,3.0,2.5,2.5,3.2,0.252,0.309,0.333,0.642
265,Mitch Garver,TEX,R,DH,C,88,325,285,36.9,12.6,39.9,2.5,63.3,38.3,11.8,0.6,114.1,88.4,33.2,3.7,2.4,1.2,1.1,0.222,0.308,0.400,0.708
266,Jordan Walker,STL,R,3B,3B,88,325,294,36.4,8.0,36.1,5.7,72.9,48.2,15.4,1.3,115.0,79.6,22.3,3.6,2.4,2.0,2.3,0.248,0.304,0.391,0.695
267,Austin Hedges,PIT,R,C,C,99,324,293,32.6,8.7,30.6,3.0,58.1,39.2,9.6,0.7,95.2,78.1,22.1,3.9,2.5,2.6,1.0,0.198,0.260,0.325,0.585
268,Miguel Cabrera,DET,R,DH,DH,91,324,295,31.1,6.9,32.8,0.7,70.5,53.0,10.3,0.4,102.4,77.8,22.4,2.9,2.3,0.6,0.3,0.239,0.296,0.347,0.643
269,Matt Carpenter,SD,L,DH,OF,89,321,275,38.5,11.6,38.5,2.2,59.9,32.9,14.4,1.0,111.1,86.1,37.3,5.7,2.4,1.8,0.8,0.218,0.321,0.404,0.725
270,Daniel Vogelbach,NYM,L,DH,DH,91,319,265,39.0,12.0,36.9,0.7,58.6,35.2,10.7,0.6,106.5,78.4,49.0,2.0,2.2,1.3,0.3,0.220,0.344,0.402,0.746
271,Jurickson Profar,FA,S,OF,OF,86,316,276,39.7,7.9,31.8,4.5,66.6,42.8,14.9,1.0,107.1,50.4,32.6,3.2,2.2,2.2,1.4,0.241,0.323,0.388,0.711
272,Robbie Grossman,FA,S,OF,OF,85,315,269,38.1,6.8,28.0,6.7,59.4,39.4,12.3,0.8,93.7,79.9,37.6,4.1,2.2,2.1,2.2,0.220,0.320,0.348,0.668
273,Travis d’Arnaud,ATL,R,C,C,91,315,288,38.6,10.9,39.9,0.7,72.3,46.4,14.3,0.7,120.8,69.7,19.8,4.7,2.4,1.2,0.3,0.252,0.307,0.420,0.727
274,Dylan Moore,SEA,R,SS/OF,2B/SS/ OF,97,313,269,35.5,8.2,30.9,20.1,54.3,30.9,13.7,1.4,95.6,89.2,32.2,6.9,2.4,2.0,7.0,0.202,0.298,0.355,0.653
275,Gio Urshela,LAA,R,3B,3B,92,311,285,36.3,7.7,35.0,0.9,73.9,49.9,15.0,1.4,114.7,60.9,20.3,2.2,2.3,1.3,0.4,0.260,0.310,0.403,0.713
276,Austin Nola,SD,R,C,C,91,311,276,36.4,5.7,31.4,1.9,69.4,47.3,15.9,0.5,103.3,49.3,26.5,4.9,2.5,2.3,0.8,0.251,0.324,0.374,0.698
277,Yasmani Grandal,CHW,S,C,C,90,309,256,37.8,11.0,34.7,1.0,57.1,35.0,10.8,0.4,101.6,67.6,45.7,2.5,2.3,1.5,0.4,0.223,0.341,0.396,0.737
278,Jose Trevino,NYY,R,C,C,94,309,288,34.1,8.0,33.4,2.9,68.3,46.5,12.9,0.9,107.0,57.4,13.9,2.2,2.4,2.4,1.0,0.237,0.273,0.371,0.645
279,Nelson Cruz,SD,R,DH,DH,85,308,275,35.6,10.3,37.5,1.9,65.3,42.6,12.1,0.4,109.0,74.1,27.9,3.4,2.2,0.9,0.8,0.238,0.313,0.396,0.710
280,Eric Haase,DET,R,C,C/OF,87,305,277,33.1,12.2,37.4,1.2,62.2,37.8,11.4,0.8,111.9,87.0,21.9,2.2,2.2,1.2,0.5,0.225,0.283,0.404,0.687
281,Alek Thomas,ARI,L,OF,OF,87,303,275,35.5,7.2,32.5,5.5,73.7,51.3,13.1,2.1,112.5,55.1,21.0,3.1,2.2,1.8,2.5,0.268,0.323,0.410,0.733
282,David Peralta,LAD,L,OF,OF,86,300,269,34.6,8.3,34.9,1.8,67.0,40.7,16.8,1.3,111.1,65.5,23.6,2.5,2.3,1.7,0.8,0.249,0.310,0.414,0.724
283,Gary Sanchez,FA,R,C,C,86,298,263,35.3,13.0,37.1,1.3,54.9,30.4,11.2,0.4,105.9,83.4,27.6,4.0,2.2,1.4,0.5,0.209,0.290,0.403,0.693
284,Mauricio Dubon,HOU,R,SS/OF,SS/OF,88,298,273,34.1,7.2,32.3,4.8,67.3,46.8,12.6,0.7,103.0,48.0,17.4,2.6,2.2,1.9,2.1,0.246,0.293,0.377,0.670
285,Kyle Lewis,ARI,R,DH,DH,83,296,261,33.5,10.5,34.9,2.2,61.5,39.9,10.2,0.8,104.9,78.3,29.5,2.3,2.1,1.0,0.9,0.236,0.316,0.402,0.717
286,Mike Zunino,CLE,R,C,C,90,294,265,34.7,14.3,37.2,1.1,52.7,27.5,10.1,0.8,107.4,98.8,20.5,4.0,2.3,2.3,0.5,0.199,0.263,0.406,0.669
287,Bryce Harper,PHI,L,DH,OF,65,293,247,43.5,13.7,42.4,8.0,67.4,36.8,16.2,0.7,126.1,62.0,40.3,2.7,2.2,0.5,2.7,0.273,0.378,0.510,0.888
288,Reese McGuire,BOS,L,C,C,93,293,268,32.8,5.1,28.5,2.3,63.6,42.6,14.8,1.0,95.8,60.6,17.1,3.3,2.3,2.3,0.8,0.238,0.286,0.358,0.644
289,Josh Lowe,TB,L,OF,OF,87,293,260,33.0,7.6,30.3,7.7,58.2,35.9,13.3,1.4,97.1,93.5,27.3,2.1,2.1,1.5,2.4,0.223,0.299,0.373,0.672
290,David Fletcher,LAA,R,2B/SS,2B/SS,88,291,268,33.3,2.3,25.2,4.9,69.8,52.2,14.1,1.2,93.1,28.6,16.0,2.0,2.0,2.5,1.5,0.260,0.303,0.348,0.650
291,Gabriel Moreno,ARI,R,C,C,85,291,263,32.8,5.9,30.5,3.0,72.2,52.1,13.4,0.8,104.8,50.2,20.0,3.3,2.2,1.8,1.2,0.274,0.329,0.398,0.727
292,Gavin Sheets,CHW,L,OF,1B/OF,87,290,261,34.9,11.6,36.9,0.7,63.4,38.1,13.4,0.3,112.2,62.2,21.9,2.4,2.3,1.9,0.3,0.243,0.303,0.430,0.732
293,Logan O’Hoppe,LAA,R,C,C,86,290,254,36.8,9.5,33.1,2.3,60.8,38.9,11.6,0.8,102.5,56.6,27.5,3.9,2.4,2.3,1.0,0.240,0.319,0.404,0.723
294,Omar Narvaez,NYM,L,C,C,90,289,255,32.6,5.8,27.1,1.2,58.8,41.3,11.1,0.6,88.4,58.6,27.0,3.5,2.2,2.0,0.5,0.231,0.309,0.347,0.656
295,Orlando Arcia,ATL,R,2B,2B/OF,87,287,258,35.5,8.8,33.7,2.1,63.9,42.9,11.7,0.5,102.9,54.6,23.4,2.2,2.2,2.0,0.8,0.248,0.311,0.400,0.711
296,Emmanuel Rivera,ARI,R,3B,3B,85,286,260,31.9,8.6,32.1,2.3,63.7,41.3,12.0,1.8,104.9,65.1,19.3,2.9,2.1,1.6,1.0,0.245,0.301,0.404,0.704
297,Carson Kelly,ARI,R,C,C,85,285,250,32.5,8.3,30.2,1.4,58.2,38.0,11.3,0.5,95.7,56.8,27.0,3.5,2.2,2.0,0.6,0.233,0.312,0.382,0.694
298,Bubba Thompson,TEX,R,OF,OF,92,285,264,29.8,5.3,26.7,18.0,62.1,43.9,11.1,1.7,92.6,77.0,13.8,2.9,2.2,2.1,4.7,0.235,0.277,0.351,0.628
299,Matt Vierling,DET,R,OF,3B/OF,85,283,256,30.7,6.0,28.8,7.5,65.6,45.6,12.0,2.0,99.6,57.2,19.7,2.9,2.1,2.0,2.7,0.256,0.312,0.390,0.701
300,AJ Pollock,SEA,R,OF,OF,84,283,258,33.0,9.4,33.7,2.8,62.8,37.8,15.0,0.6,107.0,58.2,17.6,2.5,2.2,1.9,1.0,0.243,0.293,0.415,0.708
301,Adam Engel,SD,R,OF,OF,84,282,258,29.2,5.3,27.3,11.4,58.4,38.3,14.0,0.8,89.8,74.5,16.1,4.6,2.1,1.6,4.0,0.227,0.281,0.348,0.629
302,Christian Arroyo,BOS,R,2B,1B/2B/ SS/3B/OF,83,281,257,33.4,7.5,32.2,4.0,67.9,45.2,14.2,1.0,106.6,54.4,15.5,4.3,2.2,2.1,1.6,0.265,0.312,0.415,0.727
303,Michael A. Taylor,MIN,R,OF,OF,85,279,254,30.6,6.1,27.4,4.3,59.4,40.2,11.8,1.3,92.1,73.4,19.9,2.4,2.1,1.7,1.6,0.234,0.292,0.363,0.655
304,Kyle Farmer,MIN,R,SS/3B,SS/3B,86,277,254,31.1,5.9,28.8,2.4,63.7,43.0,14.0,0.8,97.0,48.4,14.4,6.5,2.1,1.2,1.1,0.251,0.305,0.382,0.687
305,Kevin Newman,CIN,R,2B/SS,2B/SS,86,276,255,29.8,3.9,26.1,5.0,68.0,46.6,16.4,1.0,98.2,35.0,15.1,1.9,2.1,2.1,1.9,0.266,0.308,0.385,0.693
306,Alex Call,WSH,R,OF,OF,80,276,240,32.4,7.6,28.5,4.9,56.5,34.7,13.2,1.0,94.6,56.6,28.4,4.2,2.0,1.6,2.1,0.236,0.322,0.394,0.716
307,Miguel Rojas,LAD,R,SS,SS,85,275,252,32.2,5.2,28.7,5.9,65.8,45.3,14.4,0.9,97.5,36.9,16.3,3.0,2.0,1.9,2.1,0.262,0.309,0.388,0.697
308,Christian Bethancourt,TB,R,C/1B,C/1B,83,274,254,31.0,9.3,32.5,3.2,61.2,38.5,13.0,0.5,103.0,65.0,14.3,2.1,2.2,1.9,1.3,0.241,0.283,0.406,0.689
309,Tucker Barnhart,CHC,L,C,C,87,274,244,28.2,4.1,22.6,1.2,54.4,40.1,9.8,0.5,77.2,65.6,22.4,3.1,2.1,2.1,0.5,0.223,0.292,0.316,0.608
310,Trevor Story,BOS,R,2B,2B,64,274,244,32.9,9.6,35.1,9.5,58.1,34.3,13.2,0.9,102.0,74.3,23.2,2.9,2.0,0.9,2.7,0.237,0.307,0.417,0.725
311,Keston Hiura,MIL,R,1B,1B/2B,78,274,242,30.8,11.2,33.4,4.5,52.6,30.0,10.6,0.8,98.3,99.3,22.7,5.9,2.0,1.3,1.8,0.217,0.297,0.406,0.703
312,Elly De La Cruz,CIN,S,SS,SS,74,274,254,30.0,9.0,32.0,9.4,63.1,37.8,14.6,1.8,108.2,82.1,14.4,1.9,2.1,1.7,3.6,0.248,0.290,0.425,0.716
313,Jon Berti,MIA,R,2B/3B,2B/3B/ OF,81,270,235,30.9,3.8,22.8,21.7,57.5,42.1,10.1,1.4,82.1,60.8,27.7,3.0,1.9,2.1,5.6,0.244,0.326,0.349,0.675
314,Jorge Mateo,BAL,R,SS,SS,87,269,248,28.4,5.5,26.4,17.9,56.1,36.3,11.9,2.3,89.1,72.1,13.2,3.0,2.1,1.9,5.5,0.225,0.269,0.359,0.628
315,Francisco Mejia,TB,S,C,C,80,267,247,28.9,7.0,29.7,0.9,58.2,36.6,13.8,0.8,94.6,54.8,12.4,3.7,2.0,1.6,0.4,0.235,0.278,0.383,0.661
316,Max Stassi,LAA,R,C,C,81,263,234,29.7,7.8,27.6,0.6,49.2,31.1,9.6,0.8,83.7,77.2,23.4,3.3,2.0,1.3,0.3,0.211,0.288,0.358,0.646
317,Luis Campusano,SD,R,C,C,79,262,238,31.1,7.5,29.6,1.0,57.2,36.9,12.1,0.7,93.2,53.3,18.6,2.8,2.0,1.8,0.4,0.241,0.300,0.392,0.692
318,Stone Garrett,WSH,R,OF,OF,81,260,241,29.7,10.6,32.8,5.6,56.8,31.9,13.4,0.8,103.8,71.3,12.9,2.0,1.9,1.5,2.1,0.235,0.276,0.430,0.706
319,Anthony Volpe,NYY,R,SS,SS,70,260,231,30.7,6.9,28.1,9.4,53.2,33.1,12.0,1.2,88.3,56.5,21.8,3.6,2.0,1.6,3.4,0.230,0.302,0.382,0.684
320,Oswald Peraza,NYY,R,SS,SS,78,259,235,29.5,7.4,29.5,9.5,58.6,40.5,10.2,0.5,92.0,58.6,16.6,3.1,2.1,2.1,3.5,0.249,0.302,0.391,0.693
321,Yan Gomes,CHC,R,C,C,78,256,237,28.2,7.5,28.7,1.5,59.3,40.5,10.6,0.7,93.9,48.0,13.0,3.1,1.9,1.3,0.6,0.251,0.294,0.396,0.691
322,Jake Meyers,HOU,R,OF,OF,77,255,229,29.4,6.3,27.3,3.6,54.4,35.7,11.1,1.3,87.0,67.2,18.8,3.0,2.0,1.7,1.4,0.238,0.299,0.380,0.679
323,Ji Hwan Bae,PIT,L,OF,OF,80,253,227,29.8,3.6,23.8,9.7,59.9,41.0,13.3,2.0,87.9,46.5,20.5,2.6,1.9,1.8,3.4,0.264,0.328,0.387,0.715
324,James Outman,LAD,L,OF,OF,80,253,225,31.1,8.9,29.8,3.3,50.3,27.9,12.3,1.2,91.8,79.7,20.6,3.3,1.9,1.7,1.2,0.224,0.294,0.408,0.702
325,Lenyn Sosa,CHW,R,2B,2B,75,251,233,28.4,6.9,28.5,2.0,58.8,38.0,13.4,0.6,93.9,47.1,11.9,2.2,1.9,1.8,0.8,0.252,0.291,0.403,0.694
326,Ezequiel Duran,TEX,R,3B,2B/3B,80,250,231,27.4,6.8,27.1,5.5,55.4,35.3,12.4,0.9,90.0,58.8,13.6,1.9,1.9,1.6,2.3,0.239,0.283,0.389,0.673
327,Austin Slater,SF,R,OF,OF,71,247,214,31.0,5.9,22.7,9.7,53.1,37.1,8.8,1.3,82.2,65.5,27.0,3.5,1.7,1.7,2.6,0.248,0.339,0.385,0.724
328,Brad Miller,TEX,L,3B/OF,3B/OF,76,245,217,28.6,8.9,27.3,3.4,48.2,29.4,9.1,0.8,85.6,70.3,23.5,1.8,1.8,1.5,1.3,0.222,0.299,0.394,0.693
329,Victor Caratini,MIL,S,C,C,73,244,215,26.9,6.7,25.5,1.1,49.7,32.8,9.8,0.4,80.3,55.2,22.7,4.1,1.9,1.8,0.4,0.232,0.313,0.375,0.687
330,Nick Pratto,KC,L,1B,1B/OF,70,243,209,27.4,8.5,27.8,2.3,44.3,25.3,9.0,1.5,81.9,76.4,26.6,3.2,1.8,1.1,0.9,0.212,0.306,0.392,0.698
331,Ben Gamel,FA,L,OF,OF,70,242,211,27.7,5.0,24.3,3.2,50.5,33.6,10.8,1.2,78.4,60.7,26.3,2.2,1.7,1.1,1.4,0.239,0.326,0.371,0.697
332,Chad Pinder,CIN,R,OF,OF,70,239,222,26.5,8.2,28.4,1.4,53.3,30.5,14.3,0.4,92.9,68.7,12.7,1.6,1.8,1.1,0.6,0.240,0.284,0.419,0.702
333,Will Brennan,CLE,L,OF,OF,73,238,216,27.7,4.2,24.4,4.4,57.6,38.0,14.3,1.1,86.7,35.6,16.4,2.4,1.8,1.5,1.7,0.267,0.322,0.402,0.723
334,Rougned Odor,FA,L,2B,2B,72,237,213,26.0,7.9,26.5,2.4,45.0,26.7,9.2,1.1,80.1,58.7,16.9,4.2,1.8,1.3,1.1,0.211,0.278,0.376,0.654
335,Isiah Kiner-Falefa,NYY,R,SS,SS,75,237,217,26.5,2.8,22.2,8.9,58.1,44.8,9.8,0.6,77.5,32.5,13.9,2.9,1.7,1.7,2.9,0.268,0.316,0.358,0.673
336,Kole Calhoun,FA,L,OF,OF,70,233,209,25.1,7.9,25.4,2.1,43.4,26.4,8.4,0.6,76.8,68.6,18.2,3.1,1.7,1.1,0.8,0.207,0.277,0.367,0.644
337,Patrick Wisdom,CHC,R,3B,1B/3B/ OF,71,233,206,26.7,10.5,28.1,3.7,42.2,23.6,7.9,0.2,82.0,81.9,21.9,3.2,1.7,0.8,1.5,0.205,0.289,0.399,0.688
338,Trevor Larnach,MIN,L,OF,OF,70,232,205,25.4,6.7,24.9,1.0,45.9,28.6,10.3,0.4,77.2,72.9,21.5,3.3,1.7,1.0,0.4,0.224,0.305,0.377,0.682
339,Nolan Jones,COL,L,OF,OF,69,232,203,28.3,7.3,27.3,2.6,51.7,34.1,9.4,0.8,84.9,62.9,23.5,1.9,1.7,1.2,1.0,0.255,0.332,0.419,0.751
340,Cal Mitchell,PIT,L,OF,OF,61,229,210,26.2,6.4,26.4,3.3,55.3,35.2,12.9,0.7,88.8,41.9,14.9,2.3,1.7,1.3,1.4,0.263,0.317,0.424,0.741
341,Nelson Velazquez,CHC,R,OF,OF,73,229,206,25.3,7.5,25.0,5.6,46.1,28.7,8.5,1.4,80.0,71.6,17.5,2.1,1.7,1.4,2.2,0.224,0.287,0.388,0.675
342,Bo Naylor,CLE,L,C,C,72,228,199,26.9,6.8,24.7,3.9,44.0,25.5,10.8,0.8,77.0,62.7,23.8,2.6,1.8,1.5,1.5,0.221,0.308,0.388,0.696
343,Jordan Groshans,MIA,R,3B,3B,73,227,202,23.9,2.9,19.8,0.9,51.1,38.5,9.3,0.4,69.9,42.1,20.4,1.6,1.8,1.6,0.4,0.253,0.322,0.346,0.668
344,Nate Eaton,KC,R,OF,3B/OF,73,227,205,24.0,4.0,21.4,8.6,48.3,34.1,8.2,2.1,72.7,53.9,15.1,2.9,1.7,1.4,2.9,0.235,0.293,0.355,0.647
345,Donovan Solano,FA,R,1B,1B/2B/ 3B,68,227,208,24.1,3.5,23.0,0.8,55.1,40.0,11.3,0.4,77.5,43.7,13.6,3.4,1.7,1.0,0.3,0.266,0.317,0.374,0.691
346,Cavan Biggio,TOR,L,1B/2B,1B/2B/ OF,70,226,190,28.5,6.2,24.7,2.8,41.8,23.4,11.6,0.5,73.0,58.4,29.7,2.5,1.7,1.5,0.8,0.220,0.327,0.384,0.711
347,Romy Gonzalez,CHW,R,2B,2B,73,225,206,25.3,6.6,24.7,5.2,46.7,28.2,11.3,0.6,79.1,69.7,13.9,1.9,1.7,1.8,1.7,0.227,0.278,0.385,0.663
348,Taylor Walls,TB,S,2B/SS/ 3B,2B/SS/ 3B,71,224,195,23.8,4.2,20.3,5.8,40.7,26.1,9.5,0.9,64.6,58.2,24.6,1.7,1.7,1.4,2.3,0.208,0.299,0.331,0.629
349,Nick Fortes,MIA,R,C,C,72,223,200,26.5,6.7,24.5,3.7,48.6,33.1,8.0,0.8,78.5,40.7,16.3,3.7,1.7,1.1,1.5,0.243,0.308,0.392,0.700
350,Ryan Noda,OAK,L,1B,1B,73,222,190,24.2,6.8,21.9,3.1,38.9,22.2,9.6,0.4,69.7,71.2,25.4,3.5,1.7,1.4,1.2,0.205,0.305,0.367,0.672
351,Jorge Alfaro,BOS,R,C,C,70,221,205,24.0,5.9,23.9,2.5,49.6,33.7,9.5,0.5,77.9,70.8,9.6,3.0,1.6,1.2,0.9,0.242,0.282,0.380,0.661
352,Darick Hall,PHI,L,DH,DH,65,219,197,26.7,10.0,28.9,1.3,45.0,24.0,10.6,0.5,86.4,56.7,17.4,2.7,1.5,0.8,0.5,0.228,0.297,0.438,0.735
353,Cristian Pache,OAK,R,OF,OF,72,218,199,22.1,4.9,20.6,3.0,44.8,28.4,10.4,1.1,72.3,55.2,13.4,1.5,1.7,1.6,1.3,0.225,0.275,0.363,0.638
354,Ryan Jeffers,MIN,R,C,C,70,218,194,25.4,7.5,24.4,1.0,42.1,25.0,8.9,0.7,75.0,60.4,18.8,1.9,1.7,1.5,0.4,0.216,0.289,0.386,0.675
355,Connor Joe,PIT,R,1B/OF,1B/OF,69,217,186,25.6,4.7,20.4,3.0,43.8,29.6,8.5,1.1,68.5,46.5,26.2,2.9,1.5,1.8,1.1,0.236,0.336,0.369,0.705
356,Elehuris Montero,COL,R,3B,1B/3B,65,215,194,26.9,8.5,28.7,1.2,50.8,32.1,9.2,1.0,87.5,51.9,14.3,2.8,1.6,1.2,0.5,0.262,0.316,0.451,0.767
357,Edmundo Sosa,PHI,R,SS/3B,SS/3B,68,214,197,23.3,4.4,22.0,4.9,47.9,32.7,8.7,2.0,73.9,48.6,9.2,5.5,1.6,1.4,2.0,0.244,0.292,0.376,0.668
358,Luis Guillorme,NYM,L,2B/3B,2B/3B,65,212,184,23.7,2.1,18.5,1.3,48.2,36.3,9.1,0.7,65.0,31.1,23.0,1.7,1.6,1.4,0.5,0.261,0.345,0.352,0.698
359,Tyler Naquin,FA,L,OF,OF,63,209,191,24.3,6.1,24.0,2.9,46.2,28.8,9.8,1.5,77.3,52.8,13.0,2.3,1.5,1.1,1.2,0.242,0.294,0.404,0.698
360,Royce Lewis,MIN,R,SS,SS,55,209,189,26.6,6.9,25.7,5.5,49.1,28.8,12.5,0.8,84.0,42.3,14.6,2.3,1.6,1.4,2.0,0.259,0.316,0.444,0.760
361,Jose Iglesias,FA,R,SS,SS,64,207,194,21.8,2.6,20.3,1.9,52.4,38.0,11.4,0.4,72.4,28.7,8.1,2.8,1.5,1.2,0.8,0.271,0.306,0.374,0.680
362,Manny Pina,OAK,R,C,C,68,206,183,22.9,6.4,21.6,1.5,40.8,25.4,8.4,0.6,69.4,40.2,15.9,3.6,1.6,1.2,0.6,0.223,0.293,0.379,0.672
363,Tomas Nido,NYM,R,C,C,68,206,191,21.0,3.8,18.8,1.2,42.9,30.3,8.4,0.5,63.6,50.9,9.9,2.0,1.6,1.5,0.4,0.225,0.267,0.333,0.600
364,Matt Mervis,CHC,L,1B,1B,58,204,185,23.6,7.7,25.2,0.9,45.5,28.4,8.8,0.7,78.8,43.9,14.3,2.3,1.5,1.3,0.4,0.247,0.305,0.427,0.731
365,Stuart Fairchild,CIN,R,OF,OF,65,202,180,23.3,6.8,22.7,3.2,41.8,23.4,10.5,1.1,74.9,58.4,16.3,3.8,1.5,1.0,1.3,0.233,0.307,0.417,0.723
366,Brian Serven,COL,R,C,C,65,201,180,24.4,7.0,24.1,1.2,42.6,27.4,7.2,1.0,72.8,43.6,13.9,2.7,1.5,1.5,0.4,0.237,0.295,0.404,0.700
367,Jackie Bradley Jr.,FA,L,OF,OF,65,198,179,20.6,4.2,18.8,3.0,38.4,24.7,8.7,0.7,61.1,48.0,14.3,2.2,1.5,1.4,1.1,0.215,0.277,0.342,0.619
368,Edwin Rios,FA,L,DH,DH,62,198,178,22.8,7.4,23.6,1.3,38.7,22.6,8.3,0.4,70.0,63.6,14.6,2.9,1.5,1.1,0.6,0.218,0.283,0.393,0.677
369,Cesar Hernandez,DET,S,2B,2B/3B/ OF,58,195,175,21.7,2.6,15.2,2.8,42.7,32.2,6.7,1.1,59.5,37.9,14.6,2.0,1.3,1.5,0.9,0.243,0.304,0.339,0.643
370,Michael Toglia,COL,S,1B,1B,56,191,171,22.9,7.2,23.5,1.9,40.5,25.3,7.2,0.8,71.1,55.5,16.1,1.4,1.4,0.9,0.8,0.237,0.303,0.416,0.719
371,Yuli Gurriel,FA,R,1B,1B,57,189,173,20.3,3.6,20.4,1.6,44.0,30.1,10.2,0.2,65.4,24.9,12.4,1.8,1.4,0.7,0.7,0.254,0.308,0.379,0.686
372,Sean Bouchard,COL,R,OF,OF,60,188,164,24.8,6.7,23.4,2.6,42.2,25.6,8.5,1.4,73.7,47.6,18.8,1.9,1.4,1.1,1.1,0.257,0.335,0.448,0.783
373,Tom Murphy,SEA,R,C,C,63,186,163,22.1,6.8,21.4,1.0,35.0,20.1,7.7,0.4,63.9,55.4,18.2,1.7,1.4,1.2,0.4,0.214,0.295,0.392,0.686
374,Luke Voit,FA,R,1B,1B,56,185,163,21.6,7.4,23.2,0.6,36.9,22.5,6.8,0.2,66.3,55.5,17.7,2.5,1.4,0.5,0.3,0.226,0.309,0.407,0.716
375,Austin Barnes,LAD,R,C,C,61,183,159,22.7,5.3,19.8,2.3,36.8,23.3,7.8,0.3,61.3,38.8,17.7,2.4,1.4,1.3,0.8,0.231,0.312,0.386,0.698
376,James McCann,BAL,R,C,C,62,183,166,20.0,4.3,18.2,2.0,38.4,27.1,6.6,0.4,58.8,47.6,11.8,2.4,1.4,1.2,0.8,0.232,0.287,0.354,0.642
377,Roberto Perez,SF,R,C,C,61,182,161,19.5,5.0,17.2,1.3,32.9,22.7,4.7,0.5,53.7,58.0,17.1,1.9,1.4,1.3,0.5,0.205,0.286,0.334,0.620
378,Geraldo Perdomo,ARI,S,SS,SS/3B,60,182,159,18.9,2.4,15.2,3.8,36.2,27.1,5.5,1.2,51.5,37.0,18.4,2.0,1.4,1.4,1.4,0.228,0.312,0.324,0.636
379,Kyle Higashioka,NYY,R,C,C,59,181,166,22.0,7.8,23.1,1.1,37.7,22.8,6.7,0.4,68.6,42.4,10.6,1.3,1.4,1.4,0.4,0.227,0.274,0.413,0.687
380,Bobby Dalbec,BOS,R,1B/3B,1B/3B,58,181,162,21.7,8.0,23.4,1.4,36.2,20.8,6.4,1.1,68.8,59.3,13.8,2.2,1.4,1.2,0.6,0.223,0.288,0.424,0.712
381,Josh Harrison,PHI,R,2B/3B,2B/3B,58,181,165,19.6,3.2,18.1,2.0,41.8,29.6,8.2,0.7,60.9,29.5,9.7,4.2,1.4,1.2,0.8,0.254,0.308,0.370,0.678
382,Mike Brosseau,MIL,R,3B,3B,55,178,158,19.3,5.1,18.9,1.7,35.1,22.5,7.0,0.5,58.5,51.2,14.9,3.3,1.4,0.9,0.7,0.222,0.299,0.370,0.670
383,Seby Zavala,CHW,R,C,C,61,177,158,18.9,4.7,17.2,0.7,30.7,17.5,8.2,0.2,53.4,63.9,15.0,1.7,1.4,1.3,0.3,0.194,0.268,0.339,0.607
384,Tommy La Stella,SEA,L,DH,DH,55,175,158,20.7,3.6,16.9,0.8,37.8,25.0,8.9,0.3,58.1,25.7,13.0,1.6,1.2,1.3,0.3,0.240,0.299,0.368,0.666
385,Paul DeJong,STL,R,SS,SS,57,174,154,20.2,6.0,19.5,2.0,32.7,19.8,6.6,0.3,57.8,47.4,14.6,2.4,1.3,1.0,0.8,0.211,0.286,0.375,0.660
386,Jose Barrero,CIN,R,SS,SS,57,174,160,16.9,4.4,16.7,3.3,33.7,20.1,8.6,0.5,56.7,58.4,9.5,2.1,1.4,1.3,1.4,0.211,0.261,0.354,0.614
387,Riley Adams,WSH,R,C,C,59,173,152,19.2,5.2,17.9,1.0,32.2,18.6,8.0,0.4,56.8,54.2,15.3,3.2,1.3,1.2,0.4,0.212,0.294,0.374,0.668
388,Donny Sands,DET,R,C,C,58,171,152,18.2,3.7,16.1,0.9,35.2,24.4,6.7,0.4,53.7,34.0,15.0,1.4,1.3,1.0,0.4,0.232,0.302,0.354,0.656
389,Robinson Chirinos,FA,R,C,C,57,170,151,17.6,4.0,15.8,1.2,30.0,19.2,6.4,0.4,49.2,52.6,14.1,2.6,1.3,1.2,0.5,0.199,0.274,0.326,0.600
390,Dalton Guthrie,PHI,R,3B,3B,58,170,155,18.2,3.3,16.4,3.9,36.3,24.5,8.0,0.5,55.2,39.5,9.9,2.4,1.3,1.2,1.5,0.234,0.285,0.355,0.640
391,Jake Alu,WSH,L,3B,3B,58,170,155,18.8,3.7,17.6,2.4,39.2,24.5,10.5,0.5,61.9,34.8,10.4,1.6,1.3,1.1,0.9,0.252,0.301,0.398,0.699
392,Ildemaro Vargas,WSH,S,3B,SS/3B,58,169,156,17.6,2.8,16.2,2.0,38.1,25.5,9.0,0.9,57.3,23.6,9.3,1.2,1.3,1.1,0.7,0.245,0.288,0.367,0.655
393,Will Benson,CIN,L,OF,OF,52,168,143,18.9,5.5,17.5,3.0,30.9,18.2,6.3,0.9,55.4,49.8,21.0,2.0,1.3,1.1,1.1,0.215,0.321,0.387,0.708
394,Curt Casali,CIN,R,C,C,56,164,142,18.3,4.7,16.0,0.9,29.5,17.4,7.1,0.3,51.3,48.9,17.3,2.3,1.3,1.2,0.4,0.208,0.300,0.361,0.661
395,Darin Ruf,NYM,R,1B/OF,1B/OF,50,155,134,17.2,5.1,17.0,1.0,29.5,18.9,5.2,0.3,50.6,43.8,16.8,1.9,1.1,0.7,0.4,0.220,0.313,0.376,0.689
396,Harold Castro,COL,L,1B/3B,1B/2B/ SS/3B,51,154,145,16.8,2.4,16.0,0.6,41.1,32.0,6.1,0.6,55.5,28.4,6.6,1.0,1.1,0.7,0.3,0.284,0.315,0.384,0.699
397,Nick Solak,CIN,R,OF,OF,50,153,137,17.2,4.3,16.7,2.9,35.0,22.3,8.0,0.3,56.6,32.6,11.6,2.7,1.1,0.8,1.1,0.256,0.322,0.413,0.735
398,Tyler Freeman,CLE,R,3B,SS/3B,51,152,138,16.9,2.0,14.7,1.7,37.5,27.3,7.8,0.5,52.2,19.5,8.6,3.8,1.1,0.9,0.7,0.273,0.328,0.380,0.708
399,Kevin Smith,OAK,R,3B,SS/3B,48,152,138,15.0,4.0,14.6,2.4,29.3,17.4,7.3,0.6,49.7,44.0,9.8,1.4,1.2,1.0,0.9,0.212,0.267,0.360,0.626
400,Jarren Duran,BOS,L,OF,OF,44,152,138,18.6,3.2,15.1,5.1,33.4,21.4,7.1,1.8,53.6,41.1,9.7,1.9,1.1,1.3,1.6,0.242,0.297,0.389,0.685
401,Jose Azocar,SD,R,OF,OF,51,149,138,16.0,2.1,14.4,4.9,33.9,23.6,7.0,1.2,49.6,34.2,8.1,1.2,1.1,1.0,1.9,0.245,0.289,0.359,0.648
402,Brandon Dixon,SD,R,1B/OF,1B/OF,51,149,136,18.4,5.5,18.4,2.2,31.9,18.5,7.4,0.5,56.9,41.2,10.0,1.5,1.1,0.9,0.8,0.235,0.291,0.419,0.710
403,Korey Lee,HOU,R,C,C,51,149,136,17.0,4.5,16.4,2.1,29.5,18.3,6.3,0.4,50.0,41.0,9.0,1.3,1.1,1.1,0.7,0.217,0.268,0.368,0.636
404,Jordan Luplow,ATL,R,OF,OF,50,147,127,18.5,5.8,18.4,2.6,28.1,16.1,5.9,0.3,52.0,37.5,16.2,1.6,1.1,0.9,1.1,0.221,0.313,0.409,0.722
405,Rob Refsnyder,BOS,R,OF,OF,49,146,128,17.0,3.6,15.5,1.2,32.0,21.2,6.9,0.2,50.2,38.0,13.2,2.2,1.1,0.9,0.5,0.250,0.325,0.391,0.716
406,Andrew Knizner,STL,R,C,C,51,146,129,16.4,2.8,13.6,0.8,28.3,19.8,5.5,0.3,42.7,31.1,12.5,2.2,1.1,1.0,0.3,0.220,0.295,0.332,0.627
407,Leury Garcia,CHW,S,2B,2B/SS/ 3B/OF,50,144,134,15.0,1.9,13.3,1.5,33.2,24.2,6.6,0.5,46.5,29.8,7.2,1.5,1.1,0.9,0.5,0.248,0.290,0.348,0.638
408,Sam Haggerty,SEA,S,OF,OF,50,144,128,15.6,2.6,13.4,6.7,28.6,18.0,7.4,0.5,45.0,36.9,11.6,1.8,1.1,1.0,1.9,0.223,0.292,0.352,0.644
409,Matt Duffy,KC,R,3B,1B/2B/ 3B,48,143,129,14.5,1.8,13.1,1.3,33.0,25.7,5.2,0.3,44.2,28.8,10.1,1.8,1.1,0.7,0.5,0.256,0.315,0.343,0.658
410,Garrett Stubbs,PHI,L,C,C,51,142,124,16.3,3.0,13.4,2.2,26.7,17.6,5.5,0.6,42.5,33.9,15.0,1.3,1.1,1.0,0.8,0.216,0.303,0.344,0.647
411,Luke Maile,CIN,R,C,C,50,141,125,14.8,2.7,12.5,0.7,27.0,16.3,7.8,0.2,43.2,39.2,12.7,1.9,1.1,1.1,0.3,0.217,0.295,0.347,0.643
412,Endy Rodriguez,PIT,L,C,C,43,140,126,17.1,3.9,15.9,0.8,32.4,19.3,8.6,0.5,53.8,28.4,10.6,1.3,1.0,0.9,0.3,0.257,0.317,0.426,0.743
413,Carter Kieboom,WSH,R,3B,3B,45,139,120,15.6,3.3,13.5,1.0,28.2,18.5,6.0,0.4,44.9,29.3,14.5,2.5,1.0,0.7,0.4,0.236,0.327,0.375,0.701
414,Jake Burger,CHW,R,3B,3B,40,138,126,16.7,5.3,17.3,0.5,30.1,17.8,6.3,0.7,53.8,38.3,9.0,1.7,1.0,0.8,0.2,0.239,0.295,0.427,0.722
415,Vidal Brujan,TB,S,2B/OF,2B/OF,41,137,124,15.1,2.6,13.2,7.8,28.8,19.4,6.2,0.6,44.1,27.0,10.5,1.2,1.0,0.9,2.8,0.233,0.295,0.357,0.652
416,Conner Capel,OAK,L,OF,OF,43,133,119,14.1,3.3,13.1,3.0,27.6,17.4,6.2,0.8,45.2,28.5,11.3,1.1,1.0,0.7,1.3,0.232,0.301,0.380,0.680
417,Gabriel Arias,CLE,R,DH,3B,39,132,120,14.8,3.4,14.2,1.3,29.4,19.5,5.9,0.6,46.8,32.0,8.9,1.4,1.0,0.7,0.5,0.246,0.303,0.391,0.694
418,Sal Frelick,MIL,L,OF,OF,38,131,118,15.0,2.3,13.3,2.6,31.5,21.9,6.5,0.8,46.5,19.5,9.5,1.5,1.0,0.8,1.0,0.266,0.325,0.393,0.718
419,Francisco Alvarez,NYM,R,C,C,39,130,113,15.3,4.8,15.0,0.6,25.4,15.7,4.7,0.2,45.0,35.1,13.8,1.5,0.9,0.8,0.3,0.224,0.313,0.397,0.709
420,Isan Diaz,SF,L,2B/3B,2B/3B,36,123,109,13.4,3.4,12.2,1.3,23.1,14.6,4.5,0.5,38.8,33.4,11.8,1.1,0.9,0.8,0.6,0.212,0.293,0.357,0.651
421,Tyler Nevin,DET,R,3B,1B/3B,41,121,107,12.8,3.1,12.1,0.6,24.3,16.3,4.6,0.3,39.0,28.1,10.8,1.6,0.9,0.7,0.3,0.228,0.303,0.365,0.668
422,Connor Wong,BOS,R,C,C,39,119,109,14.6,3.9,14.1,1.6,26.9,16.8,6.0,0.3,45.0,30.9,6.8,1.0,0.9,0.8,0.6,0.247,0.292,0.412,0.704
423,Franmil Reyes,FA,R,DH,OF,37,115,104,13.8,5.3,15.3,0.8,24.4,14.7,4.1,0.4,45.1,35.4,9.1,0.8,0.8,0.3,0.4,0.235,0.299,0.433,0.731
424,Taylor Trammell,SEA,L,OF,OF,40,114,100,13.1,3.4,12.0,2.7,21.1,12.1,5.4,0.2,37.0,31.9,11.1,1.2,0.9,0.7,1.1,0.211,0.292,0.370,0.662
425,Zach McKinstry,CHC,L,2B/3B,2B/SS/ 3B,34,113,101,12.5,2.5,11.3,2.1,24.4,16.5,4.3,1.1,38.4,25.7,9.3,1.2,0.8,0.8,0.8,0.241,0.309,0.380,0.689
426,Brett Baty,NYM,L,3B,3B,33,113,101,13.2,3.5,12.7,0.7,25.1,16.3,5.1,0.2,40.9,29.4,9.4,1.4,0.9,0.8,0.3,0.249,0.318,0.406,0.724
427,Charlie Culberson,TB,R,3B,2B/3B/ OF,34,111,102,11.4,2.0,10.6,2.5,23.5,15.6,5.4,0.4,35.8,28.4,5.6,1.0,0.8,0.7,1.0,0.229,0.272,0.349,0.621
428,Mickey Moniak,LAA,L,OF,OF,34,104,95,11.9,3.3,11.8,1.6,20.9,12.3,4.6,0.7,36.8,29.5,6.2,1.0,0.8,0.7,0.6,0.220,0.271,0.388,0.659
429,Ryan Kreidler,DET,R,SS,SS/3B,35,104,92,10.8,2.3,9.5,2.1,19.9,13.3,4.0,0.4,31.5,29.6,8.8,1.4,0.8,0.7,0.8,0.216,0.289,0.340,0.629
430,Hanser Alberto,CHW,R,2B,2B/3B,34,103,97,10.7,1.5,10.5,1.1,24.5,16.7,5.8,0.5,35.9,14.6,2.9,1.1,0.8,0.6,0.5,0.252,0.277,0.369,0.646
431,Tyler Heineman,PIT,S,C,C,37,99,89,10.2,1.3,8.5,1.1,20.8,14.5,4.7,0.2,29.9,16.2,6.4,1.5,0.8,0.7,0.4,0.232,0.290,0.334,0.625
432,Raimel Tapia,BOS,L,OF,OF,31,96,89,11.0,1.5,9.6,2.8,23.6,16.2,5.2,0.6,34.5,16.8,5.3,0.5,0.7,0.7,0.9,0.266,0.307,0.389,0.696
433,Jake Rogers,DET,R,C,C,33,96,84,10.8,3.3,10.1,1.6,17.2,10.3,3.2,0.5,31.2,29.0,8.5,1.0,0.7,0.7,0.6,0.205,0.280,0.370,0.650
434,David Hensley,HOU,R,3B,3B,31,94,82,10.6,1.4,8.8,1.6,19.2,12.7,4.6,0.4,29.0,24.2,9.5,0.7,0.7,0.6,0.7,0.233,0.313,0.352,0.665
435,Gilberto Celestino,MIN,R,OF,OF,31,93,83,10.3,1.6,8.9,1.2,20.3,13.6,4.8,0.3,30.3,20.3,8.1,0.8,0.7,0.6,0.5,0.246,0.315,0.367,0.682
436,Nomar Mazara,BAL,L,OF,OF,27,89,81,9.7,2.4,9.9,0.3,19.1,12.1,4.4,0.2,30.9,21.5,6.3,0.9,0.7,0.4,0.1,0.237,0.295,0.384,0.679
437,Abraham Toro,MIL,S,2B/3B,2B/3B,26,89,79,10.1,2.7,10.1,1.2,18.9,11.6,4.2,0.3,32.0,15.3,7.2,1.2,0.7,0.5,0.5,0.238,0.308,0.404,0.712
438,Matt Wallner,MIN,L,OF,OF,28,87,76,10.1,2.8,9.3,0.8,16.4,9.6,3.7,0.3,29.1,29.9,8.7,1.1,0.7,0.6,0.3,0.217,0.304,0.385,0.689
439,Luke Raley,TB,L,DH,OF,27,86,76,9.8,2.8,9.4,1.0,16.8,10.9,2.8,0.3,28.7,26.7,6.0,2.3,0.6,0.5,0.4,0.220,0.293,0.376,0.670
440,Joey Ortiz,BAL,R,SS,SS,28,86,78,9.6,1.8,8.8,0.8,19.5,13.4,3.9,0.4,29.6,15.2,5.6,0.7,0.6,0.5,0.3,0.249,0.302,0.378,0.680
441,Robinson Cano,FA,L,2B,2B,26,85,79,8.7,1.7,8.5,0.4,19.0,13.1,3.9,0.3,28.7,18.4,4.0,0.7,0.6,0.5,0.2,0.240,0.278,0.361,0.640
442,Victor Reyes,CHW,S,OF,OF,29,85,78,9.2,1.6,8.6,1.5,19.5,13.3,4.2,0.4,29.4,19.4,4.2,0.9,0.6,0.6,0.5,0.248,0.290,0.375,0.665
443,Sam Hilliard,ATL,L,OF,OF,26,85,75,9.9,2.7,9.4,1.7,15.6,9.1,3.3,0.4,28.0,27.5,7.8,0.7,0.6,0.5,0.6,0.207,0.284,0.371,0.655
444,Michael Siani,CIN,L,OF,OF,26,85,77,8.7,1.7,7.9,3.3,17.4,12.1,3.0,0.6,26.8,18.2,6.6,0.8,0.6,0.6,1.2,0.227,0.291,0.350,0.641
445,Miguel Sano,FA,R,1B,1B,25,84,74,10.1,4.0,10.6,0.6,15.6,8.4,3.2,0.1,31.0,28.6,8.6,0.6,0.6,0.4,0.3,0.211,0.296,0.420,0.716
446,Andy Ibanez,DET,R,3B,1B/3B,26,84,76,8.8,1.8,8.4,0.9,18.5,12.7,3.8,0.3,28.2,14.1,5.6,0.7,0.6,0.5,0.4,0.243,0.297,0.370,0.667
447,Nick Madrigal,CHC,R,2B,2B,26,84,76,9.4,0.6,7.1,1.3,21.1,16.4,3.6,0.5,27.4,9.7,5.2,1.1,0.6,0.7,0.5,0.276,0.326,0.358,0.685
448,Jonathan Villar,FA,S,2B/3B,2B/3B,26,83,75,9.0,1.9,8.4,3.1,18.0,12.7,3.1,0.4,27.6,20.6,6.2,0.5,0.6,0.5,0.8,0.240,0.298,0.367,0.665
449,Kevin Pillar,ATL,R,OF,OF,25,83,77,9.4,2.3,9.6,1.0,18.1,11.7,3.5,0.5,29.6,17.5,4.0,1.2,0.6,0.5,0.4,0.235,0.280,0.386,0.666
450,Didi Gregorius,FA,L,SS,SS,25,83,76,8.8,2.1,8.9,0.6,18.0,11.9,3.3,0.7,28.9,13.0,4.7,1.1,0.6,0.4,0.2,0.235,0.285,0.380,0.665
451,Ryan McKenna,BAL,R,OF,OF,27,83,74,8.5,1.7,7.6,1.3,15.7,10.6,3.2,0.2,24.5,27.1,7.3,0.8,0.6,0.4,0.5,0.213,0.287,0.333,0.620
452,Odubel Herrera,FA,L,OF,OF,26,82,75,9.5,2.1,9.1,1.6,19.1,12.7,3.9,0.3,30.0,15.3,4.9,0.8,0.6,0.6,0.6,0.254,0.301,0.399,0.700
453,Pavin Smith,ARI,L,OF,1B/OF,24,82,73,8.7,2.2,8.8,0.4,17.5,12.2,2.9,0.3,27.5,17.3,7.3,0.7,0.6,0.4,0.2,0.241,0.313,0.380,0.692
454,Mark Mathias,TEX,R,2B,2B,26,82,73,8.8,2.0,8.1,1.8,16.3,10.7,3.3,0.3,26.3,22.2,7.3,0.9,0.6,0.5,0.7,0.225,0.300,0.362,0.663
455,Tucupita Marcano,PIT,L,OF,2B/OF,26,82,73,8.7,1.1,7.2,1.6,17.4,12.2,3.6,0.5,25.4,15.7,7.6,0.5,0.6,0.6,0.7,0.237,0.310,0.346,0.655
456,Canaan Smith-Njigba,PIT,L,OF,OF,26,82,72,9.4,1.5,7.9,1.7,17.4,11.2,4.2,0.4,27.0,20.5,9.4,0.8,0.6,0.5,0.6,0.242,0.334,0.378,0.712
457,Dee Strange-Gordon,FA,L,DH,SS/OF,26,82,77,8.3,0.8,7.2,2.2,19.2,14.8,3.2,0.5,25.6,13.2,3.5,0.8,0.6,0.5,0.7,0.250,0.286,0.334,0.620
458,Brett Phillips,LAA,L,OF,OF,26,81,71,9.0,2.5,8.2,2.8,13.3,7.7,2.7,0.4,24.2,29.8,8.4,0.9,0.6,0.6,0.8,0.187,0.277,0.341,0.618
459,Yu Chang,FA,R,2B,1B/2B/SS,26,81,73,8.7,2.1,8.2,0.6,16.3,10.4,3.5,0.3,26.7,22.5,5.9,1.0,0.6,0.5,0.2,0.224,0.287,0.366,0.652
460,Mike Moustakas,FA,L,1B/3B,1B/3B,25,81,73,8.7,2.5,8.6,0.5,15.3,9.2,3.4,0.1,26.5,19.7,6.5,1.2,0.6,0.3,0.2,0.211,0.283,0.366,0.649
461,Justin Upton,FA,R,DH,OF,26,81,72,8.8,2.8,8.6,0.7,14.8,9.3,2.6,0.1,26.1,25.3,7.2,1.0,0.6,0.4,0.3,0.206,0.284,0.363,0.647
462,Rene Pinto,TB,R,C,C,26,81,75,8.8,2.3,8.7,0.5,16.1,9.6,4.0,0.2,27.6,25.2,4.2,0.7,0.6,0.6,0.2,0.216,0.260,0.370,0.631
463,Yoshi Tsutsugo,TEX,L,1B,1B,25,81,71,9.3,2.6,8.7,0.3,15.4,9.4,3.3,0.2,26.9,21.7,8.9,0.5,0.6,0.4,0.1,0.218,0.307,0.381,0.688
464,Tyler Soderstrom,OAK,L,1B,1B,26,81,75,8.8,2.6,8.8,0.3,17.1,10.4,3.9,0.3,29.3,22.2,4.3,0.7,0.6,0.5,0.1,0.229,0.273,0.391,0.665
465,Rafael Ortega,NYY,L,OF,OF,26,80,70,9.5,2.1,8.4,2.8,16.2,10.4,3.4,0.2,26.3,17.1,8.0,0.7,0.5,0.6,1.0,0.231,0.312,0.378,0.689
466,Travis Jankowski,TEX,L,DH,OF,25,80,69,8.5,0.7,6.3,2.7,16.1,12.1,3.0,0.3,21.9,17.5,9.4,0.7,0.6,0.5,0.9,0.234,0.329,0.319,0.648
467,Kevin Plawecki,PIT,R,C,C,26,80,73,8.9,1.4,7.6,0.4,18.0,12.7,3.6,0.2,26.3,13.8,5.7,1.0,0.6,0.6,0.2,0.247,0.307,0.362,0.669
468,Jason Heyward,LAD,L,OF,OF,25,80,70,9.1,2.0,8.3,0.9,16.2,10.4,3.6,0.3,26.3,16.5,6.9,1.0,0.6,0.4,0.3,0.231,0.302,0.373,0.676
469,Luis Gonzalez,SF,L,OF,OF,25,80,71,8.7,1.6,7.3,2.1,16.4,11.3,3.2,0.4,25.1,18.7,7.5,0.9,0.6,0.5,0.8,0.233,0.311,0.356,0.668
470,Danny Mendick,NYM,R,SS,SS,25,79,71,8.5,1.5,7.2,1.1,15.8,11.3,2.7,0.3,23.6,18.2,6.2,0.8,0.6,0.6,0.4,0.222,0.288,0.331,0.620
471,Jackson Frazier,TEX,R,OF,OF,25,78,68,8.1,1.9,7.2,0.9,13.8,8.8,2.9,0.2,22.9,24.8,7.4,1.1,0.6,0.5,0.3,0.202,0.286,0.334,0.620
472,Alcides Escobar,FA,R,SS,SS,26,78,72,7.9,0.9,6.7,0.8,17.0,12.3,3.4,0.5,24.0,16.0,3.7,1.1,0.6,0.6,0.3,0.236,0.279,0.333,0.613
473,Andrelton Simmons,FA,R,DH,2B/SS,25,77,70,7.8,0.8,6.4,1.4,16.4,12.6,2.9,0.2,22.0,12.4,4.9,0.7,0.6,0.6,0.4,0.234,0.285,0.314,0.599
474,Derek Hill,WSH,R,OF,OF,24,74,68,7.8,1.6,6.9,1.8,15.3,10.3,2.9,0.5,24.1,21.5,4.6,0.6,0.6,0.6,0.6,0.226,0.276,0.354,0.630
475,Alan Trejo,COL,R,SS,2B/SS,23,73,68,8.6,2.3,8.8,0.9,17.2,11.0,3.6,0.3,28.3,16.4,3.1,0.7,0.6,0.5,0.4,0.255,0.290,0.419,0.709
476,Samad Taylor,KC,R,2B,2B,23,71,63,7.9,1.7,7.1,2.8,14.8,10.0,2.7,0.4,23.3,17.1,5.7,0.8,0.5,0.4,1.0,0.234,0.299,0.367,0.667
477,Cooper Hummel,SEA,S,OF,C/OF,22,70,60,7.7,1.7,6.9,1.1,12.6,7.5,3.0,0.3,21.5,19.9,8.4,0.7,0.5,0.5,0.5,0.211,0.311,0.360,0.671
478,Johan Camargo,KC,S,SS,2B/SS/ 3B,22,68,61,7.5,1.4,6.7,0.2,14.5,10.0,2.9,0.2,22.2,13.6,5.3,0.5,0.5,0.5,0.1,0.238,0.299,0.364,0.662
479,Jordan Westburg,BAL,R,SS,SS,21,61,55,7.3,1.6,6.5,0.7,13.0,8.3,2.8,0.2,21.1,15.1,5.0,0.7,0.5,0.4,0.3,0.237,0.304,0.386,0.690
480,Jose Fermin,STL,R,SS,SS,19,59,52,6.3,0.9,5.3,0.9,11.7,8.4,2.3,0.1,16.9,9.2,4.9,0.9,0.4,0.4,0.4,0.224,0.297,0.324,0.622
481,Ronny Mauricio,NYM,S,SS,SS,19,59,56,6.4,1.6,6.4,1.2,13.3,8.9,2.6,0.2,21.2,13.7,2.3,0.5,0.4,0.4,0.6,0.240,0.273,0.381,0.653
482,Matt Reynolds,CIN,R,2B,1B/2B/ SS/3B/OF,18,58,51,5.8,0.9,5.1,0.8,11.9,7.5,3.4,0.2,18.3,15.9,5.7,0.4,0.4,0.4,0.3,0.233,0.311,0.358,0.670
483,Mike Ford,SEA,L,1B,1B,19,58,51,6.2,1.8,6.0,0.2,10.0,5.8,2.3,0.1,17.8,15.3,5.9,0.6,0.4,0.3,0.1,0.196,0.284,0.350,0.634
484,Marwin Gonzalez,FA,S,DH,1B/SS/ 3B/OF,19,57,52,6.0,1.3,5.6,0.7,11.4,7.8,2.2,0.1,17.8,14.3,3.6,0.9,0.4,0.4,0.3,0.221,0.280,0.345,0.625
485,Miguel Andujar,PIT,R,OF,OF,18,57,53,6.1,1.7,6.8,0.7,13.8,9.3,2.7,0.2,21.9,9.2,2.8,0.4,0.4,0.3,0.3,0.258,0.297,0.409,0.706
486,Magneuris Sierra,LAA,L,OF,OF,19,57,53,5.8,0.8,5.2,2.4,12.2,8.9,2.1,0.5,17.6,12.5,3.3,0.5,0.4,0.4,0.8,0.232,0.281,0.335,0.616
487,Evan White,SEA,R,1B,1B,18,57,52,6.4,2.1,6.9,0.4,11.0,6.4,2.4,0.1,20.1,17.3,4.1,0.6,0.4,0.3,0.2,0.214,0.275,0.390,0.665
488,Alejo Lopez,CIN,S,2B,2B,19,57,51,6.0,0.7,5.1,0.8,13.7,9.9,2.9,0.2,19.1,7.7,4.3,0.6,0.4,0.4,0.3,0.267,0.326,0.371,0.697
489,Ford Proctor,SF,L,SS,SS,19,57,50,5.7,1.0,4.6,0.4,10.2,7.2,1.8,0.2,15.2,17.0,6.1,0.5,0.4,0.4,0.2,0.206,0.296,0.307,0.603
490,Alex Dickerson,FA,L,OF,OF,18,56,51,6.4,1.8,6.3,0.2,11.6,7.3,2.3,0.2,19.7,13.3,3.8,0.7,0.4,0.3,0.1,0.229,0.289,0.389,0.678
491,Lewis Brinson,FA,R,OF,OF,19,56,52,5.9,1.7,6.0,0.6,11.6,7.3,2.4,0.2,19.4,16.1,3.1,0.4,0.4,0.3,0.2,0.223,0.270,0.373,0.643
492,Colin Moran,CIN,L,1B,1B/3B,18,56,50,6.0,1.8,5.9,0.2,11.6,7.6,2.1,0.1,19.3,14.8,4.6,0.4,0.4,0.2,0.1,0.230,0.297,0.383,0.680
493,Sandy Leon,TEX,S,C,C,19,56,50,5.4,1.0,4.6,0.3,9.5,6.5,1.9,0.1,14.7,15.2,4.9,0.6,0.4,0.4,0.1,0.191,0.268,0.294,0.562
494,Aristides Aquino,FA,R,OF,OF,18,56,50,6.2,2.1,6.3,0.8,10.1,5.9,2.0,0.1,18.6,19.1,4.5,0.6,0.4,0.3,0.3,0.201,0.271,0.370,0.641
495,Sheldon Neuse,FA,R,2B/3B,1B/2B/ 3B,19,56,51,6.0,1.1,5.5,0.9,12.2,8.7,2.0,0.3,18.3,14.5,3.5,0.5,0.4,0.3,0.3,0.238,0.289,0.357,0.647
496,Alec Burleson,STL,L,OF,OF,18,56,51,6.7,1.8,6.8,0.4,13.4,9.0,2.6,0.1,21.5,9.5,3.3,0.4,0.4,0.3,0.1,0.262,0.308,0.420,0.727
497,Bligh Madris,HOU,L,OF,1B/OF,18,56,50,6.4,1.3,5.9,0.6,11.6,7.8,2.2,0.3,18.4,13.6,4.5,0.4,0.4,0.3,0.3,0.230,0.294,0.365,0.659
498,Luis Torrens,CHC,R,C,C,18,55,50,5.9,1.5,5.9,0.2,11.5,7.6,2.2,0.2,18.7,14.0,4.3,0.4,0.4,0.3,0.1,0.233,0.296,0.378,0.674
499,Willie Calhoun,NYY,L,DH,DH,18,55,49,6.4,1.7,6.3,0.3,11.5,7.2,2.4,0.2,19.4,8.6,4.5,0.6,0.4,0.4,0.1,0.236,0.303,0.399,0.702
500,Michael Chavis,WSH,R,1B,1B/2B/ 3B,18,55,51,6.0,2.1,6.5,0.4,11.8,7.2,2.3,0.2,20.8,16.0,2.8,0.6,0.4,0.2,0.2,0.233,0.279,0.410,0.689
501,Joey Wiemer,MIL,R,OF,OF,18,55,50,6.2,1.7,5.9,1.2,11.3,7.0,2.5,0.2,19.0,15.4,4.2,0.5,0.4,0.3,0.5,0.225,0.287,0.380,0.667
502,Kurt Suzuki,FA,R,C,C,18,55,49,6.1,1.3,5.4,0.3,11.0,7.5,2.1,0.1,17.3,11.1,3.7,1.1,0.4,0.3,0.1,0.223,0.288,0.350,0.638
503,Aramis Garcia,FA,R,C,C,18,54,50,5.7,1.3,5.4,0.5,10.8,7.3,2.0,0.1,17.2,15.2,2.8,0.7,0.4,0.4,0.2,0.218,0.267,0.346,0.613
504,Stephen Vogt,FA,L,DH,C/1B,18,54,48,5.6,1.5,5.5,0.3,9.9,6.2,2.0,0.3,17.0,13.7,4.5,0.5,0.4,0.3,0.1,0.205,0.275,0.351,0.627
505,Jake Lamb,LAA,L,DH,OF,18,53,47,6.2,1.8,5.9,0.3,9.8,5.7,2.1,0.1,17.6,16.1,5.3,0.7,0.4,0.3,0.1,0.209,0.295,0.376,0.671
506,Andrew Velazquez,LAA,S,SS,SS,18,53,49,5.6,1.2,5.1,2.6,10.3,6.6,2.4,0.2,16.5,17.0,3.3,0.4,0.4,0.4,0.7,0.210,0.263,0.338,0.602
507,Peyton Burdick,MIA,R,OF,OF,18,53,46,5.8,1.5,5.2,0.7,9.7,6.1,1.8,0.3,16.6,16.6,5.0,0.7,0.4,0.4,0.3,0.209,0.292,0.358,0.650
508,Chris Owings,PIT,R,DH,2B/SS,18,52,47,5.2,0.9,4.4,0.9,9.8,6.8,2.0,0.3,14.9,14.4,4.2,0.5,0.4,0.4,0.3,0.209,0.277,0.317,0.593
509,Jed Lowrie,FA,S,DH,DH,17,52,47,5.5,1.1,5.1,0.2,10.8,7.4,2.3,0.1,16.6,11.4,4.0,0.4,0.4,0.2,0.1,0.230,0.293,0.353,0.646
510,Garrett Hampson,MIA,R,SS/OF,2B/SS/ 3B/OF,18,52,47,5.2,0.8,4.4,2.3,10.4,7.4,1.8,0.4,15.4,13.9,3.8,0.4,0.4,0.4,0.7,0.222,0.280,0.327,0.608
511,Tim Locastro,NYM,R,OF,OF,17,52,47,5.3,0.9,4.7,2.4,10.5,7.2,2.1,0.3,15.7,11.7,2.9,1.3,0.4,0.3,0.7,0.222,0.283,0.334,0.617
512,Jake Marisnick,CHW,R,OF,OF,17,51,47,5.4,1.4,5.3,1.2,10.2,6.0,2.6,0.2,17.3,15.8,2.6,0.8,0.4,0.3,0.4,0.218,0.267,0.370,0.637
513,Matt Beaty,KC,L,DH,OF,17,51,46,5.6,1.0,4.9,0.4,10.6,7.4,1.8,0.4,16.2,10.8,3.4,1.3,0.4,0.3,0.2,0.231,0.297,0.353,0.650
514,David Bote,CHC,R,2B,2B/3B,17,51,46,5.6,1.5,5.3,0.5,10.4,6.8,1.9,0.2,17.2,13.7,3.9,0.7,0.4,0.3,0.2,0.229,0.296,0.376,0.672
515,Jonathan Davis,DET,R,OF,OF,18,51,44,5.1,0.7,4.1,1.8,9.4,6.7,1.8,0.2,13.8,13.0,4.9,0.8,0.4,0.4,0.5,0.214,0.300,0.313,0.613
516,Sam Huff,TEX,R,C,C,18,51,47,6.0,2.1,6.0,0.2,10.4,6.5,1.7,0.1,18.4,16.6,3.5,0.4,0.4,0.3,0.1,0.222,0.280,0.395,0.675
517,Eli White,ATL,R,OF,OF,17,50,44,5.4,1.1,4.7,2.3,9.4,6.4,1.8,0.2,14.7,15.4,4.0,0.6,0.4,0.3,0.8,0.212,0.282,0.333,0.615
518,Carlos Perez,CHW,R,C,C,17,50,46,5.8,1.5,5.7,0.3,10.7,6.6,2.5,0.1,17.8,6.1,2.8,0.5,0.4,0.3,0.1,0.234,0.283,0.390,0.673
519,Colton Cowser,BAL,L,OF,OF,17,50,43,5.7,1.3,5.0,0.5,9.9,6.2,2.3,0.1,16.2,14.8,4.9,0.8,0.4,0.3,0.2,0.230,0.314,0.376,0.689
520,Charles Leblanc,MIA,R,2B,2B/3B,15,47,42,4.8,1.1,4.5,0.6,9.4,6.4,1.8,0.1,14.8,14.8,3.5,0.4,0.3,0.2,0.3,0.222,0.285,0.349,0.633
521,David Hamilton,BOS,L,SS,SS,15,47,42,5.0,0.7,4.4,2.7,9.6,6.4,2.0,0.5,14.6,10.8,3.5,0.4,0.4,0.3,0.9,0.226,0.286,0.343,0.629
522,Mark Vientos,NYM,R,3B,3B,15,47,42,5.6,2.0,5.8,0.2,9.8,6.0,1.7,0.1,17.6,14.0,3.7,0.4,0.4,0.3,0.1,0.232,0.295,0.418,0.713
523,Jordan Diaz,OAK,R,2B,2B,15,47,44,4.9,1.0,4.8,0.1,11.3,7.5,2.8,0.1,17.2,7.8,2.0,0.4,0.4,0.3,0.1,0.255,0.288,0.386,0.675
524,Yolbert Sanchez,CHW,R,SS,SS,15,47,43,4.8,0.5,4.2,0.6,11.0,8.2,2.2,0.1,14.8,7.6,2.5,0.4,0.4,0.3,0.3,0.254,0.296,0.343,0.639
525,Nathan Lukes,TOR,L,OF,OF,15,46,41,5.2,0.7,4.6,0.7,9.8,6.2,2.8,0.1,15.0,9.0,3.1,0.5,0.3,0.3,0.3,0.237,0.294,0.363,0.658
526,Zack Collins,CLE,L,DH,C/1B,15,46,39,5.1,1.3,4.5,0.4,7.7,4.3,2.1,0.1,13.8,14.0,5.6,0.4,0.3,0.3,0.2,0.198,0.301,0.354,0.655
527,Austin Wynns,SF,R,C,C,16,46,41,5.0,0.9,4.2,0.3,9.5,7.2,1.3,0.1,13.8,9.8,3.9,0.6,0.4,0.3,0.1,0.233,0.306,0.337,0.643
528,J.J. Matijevic,HOU,L,DH,1B,15,46,41,5.5,1.7,5.5,0.7,9.1,5.5,1.7,0.2,16.4,13.9,3.7,0.4,0.3,0.3,0.2,0.222,0.289,0.400,0.688
529,Ryan O’Hearn,BAL,L,DH,1B/OF,15,46,41,5.2,1.7,5.6,0.2,9.3,5.5,1.9,0.2,16.8,12.0,3.4,0.5,0.3,0.2,0.1,0.227,0.291,0.410,0.701
530,Alfonso Rivas,SD,L,1B,1B,15,46,41,5.0,0.8,4.2,0.6,9.2,6.4,1.8,0.2,13.8,13.2,4.4,0.6,0.3,0.3,0.2,0.226,0.307,0.337,0.644
531,Estevan Florial,NYY,L,OF,OF,15,46,41,5.1,1.2,4.8,1.8,8.8,5.3,2.2,0.1,14.9,14.4,3.9,0.4,0.3,0.3,0.7,0.217,0.288,0.366,0.654
532,Eguy Rosario,SD,R,3B,3B,15,46,42,5.3,1.1,4.9,1.2,9.9,6.1,2.6,0.1,16.0,10.1,3.5,0.5,0.3,0.2,0.5,0.237,0.301,0.382,0.683
533,Braden Shewmake,ATL,L,SS,SS,15,46,42,5.1,0.9,4.7,0.6,9.9,6.5,2.2,0.2,15.3,9.4,2.5,0.4,0.3,0.3,0.2,0.235,0.281,0.364,0.645
534,George Valera,CLE,L,OF,OF,15,46,40,5.4,1.4,5.0,0.3,9.1,5.5,2.0,0.1,15.7,12.3,4.6,0.4,0.3,0.3,0.1,0.226,0.309,0.391,0.700
535,Terrin Vavra,BAL,L,DH,2B/OF,15,46,40,4.9,0.6,4.1,0.5,9.6,6.5,2.3,0.2,14.0,9.8,4.6,0.6,0.3,0.3,0.2,0.241,0.324,0.354,0.678
536,Richie Palacios,CLE,L,OF,OF,15,46,40,5.0,0.6,4.1,1.1,9.8,6.4,2.5,0.3,14.6,9.2,4.1,0.5,0.4,0.3,0.4,0.242,0.317,0.363,0.680
537,Addison Barger,TOR,L,SS,SS,15,46,42,5.7,1.6,5.8,0.4,10.1,5.8,2.6,0.1,17.7,12.2,2.8,0.5,0.3,0.3,0.2,0.241,0.291,0.422,0.714
538,Spencer Horwitz,TOR,L,OF,OF,15,46,40,5.6,1.1,4.9,0.4,9.4,5.6,2.7,0.1,15.4,9.9,4.8,0.4,0.3,0.3,0.2,0.237,0.319,0.387,0.706
539,Micah Pries,CLE,L,OF,OF,15,46,42,5.2,1.3,5.0,0.8,9.8,5.9,2.4,0.2,16.4,11.6,2.9,0.6,0.3,0.3,0.3,0.236,0.291,0.394,0.685
540,Pedro Leon,HOU,R,OF,OF,15,46,40,5.0,1.0,4.3,1.9,7.9,4.8,1.8,0.1,13.1,15.0,4.4,0.8,0.3,0.3,0.8,0.197,0.286,0.328,0.614
541,Dixon Machado,HOU,R,SS,SS,15,45,40,4.8,0.5,3.9,0.5,9.2,6.7,1.9,0.1,12.9,7.5,3.7,0.5,0.3,0.3,0.2,0.231,0.299,0.323,0.623
542,Bradley Zimmer,LAD,L,OF,OF,15,45,40,4.6,0.9,4.0,1.6,8.0,5.2,1.8,0.1,12.7,15.7,3.3,1.3,0.3,0.3,0.5,0.202,0.279,0.321,0.600
543,Yairo Munoz,ARI,R,DH,2B,15,45,43,5.0,0.8,4.7,1.0,11.6,8.5,2.0,0.3,16.6,7.6,1.6,0.3,0.3,0.3,0.4,0.273,0.301,0.390,0.691
544,Lewin Diaz,BAL,L,1B,1B,15,45,41,5.2,1.9,5.5,0.2,8.8,4.8,2.0,0.1,16.6,11.1,2.7,0.5,0.3,0.2,0.1,0.216,0.269,0.408,0.677
545,Willi Castro,MIN,S,OF,2B/SS/ OF,15,45,41,4.9,1.0,4.7,1.2,10.2,6.8,2.2,0.2,15.8,10.1,2.2,0.7,0.3,0.3,0.5,0.247,0.292,0.382,0.674
546,Yonny Hernandez,LAD,S,3B,2B/3B,15,45,39,4.7,0.2,3.4,2.6,8.8,6.6,1.7,0.3,11.7,8.5,4.8,0.7,0.3,0.3,0.9,0.227,0.318,0.304,0.622
547,Dermis Garcia,OAK,R,1B,1B,15,45,41,4.7,1.7,5.0,0.3,8.2,4.5,1.8,0.1,15.3,16.2,3.5,0.4,0.3,0.2,0.1,0.200,0.266,0.375,0.641
548,Blake Perkins,MIL,S,OF,OF,15,45,40,4.8,1.1,4.3,0.9,8.3,5.2,1.7,0.2,13.7,12.9,4.4,0.5,0.3,0.3,0.3,0.207,0.290,0.343,0.633
549,Patrick Mazeika,LAD,L,DH,C,15,45,40,5.0,1.2,4.8,0.2,9.1,5.7,2.2,0.1,15.0,7.5,2.9,0.7,0.3,0.3,0.1,0.226,0.285,0.370,0.655
550,Kody Clemens,PHI,L,DH,1B/2B/ 3B/OF,15,45,41,5.1,1.6,5.3,0.4,9.1,5.4,1.8,0.4,16.4,11.7,3.0,0.3,0.3,0.3,0.2,0.221,0.274,0.397,0.670
551,Enmanuel Valdez,BOS,L,2b,2b,15,45,41,5.3,1.3,5.1,0.4,9.5,5.7,2.4,0.1,16.2,10.4,3.2,0.4,0.3,0.3,0.2,0.235,0.292,0.398,0.690
552,Dominic Fletcher,ARI,L,OF,OF,15,45,41,4.8,0.8,4.4,0.5,10.2,7.2,1.7,0.4,15.2,10.3,2.8,0.4,0.3,0.3,0.2,0.246,0.297,0.368,0.664
553,Jo Adell,LAA,R,OF,OF,15,45,42,5.2,1.7,5.6,0.7,9.4,5.3,2.1,0.2,17.1,14.5,2.7,0.5,0.3,0.2,0.3,0.226,0.277,0.412,0.689
554,Seth Beer,ARI,L,DH,1B,15,45,40,5.0,1.2,4.6,0.1,9.2,6.2,1.6,0.1,14.7,10.1,3.7,1.4,0.3,0.2,0.1,0.232,0.315,0.370,0.685
555,Edouard Julien,MIN,L,2B,2B,15,45,38,5.2,1.0,4.3,0.8,8.8,5.8,1.9,0.2,14.0,13.4,5.4,0.5,0.3,0.3,0.3,0.230,0.329,0.364,0.694
556,Jerar Encarnacion,MIA,R,DH,OF,15,45,41,4.8,1.4,4.8,0.5,9.4,6.3,1.6,0.1,15.3,14.4,2.9,0.3,0.3,0.3,0.2,0.229,0.281,0.375,0.656
557,Ryan Vilade,PIT,R,OF,OF,15,45,41,4.6,0.6,3.8,0.8,9.4,6.8,1.8,0.2,13.3,8.4,3.8,0.4,0.3,0.3,0.3,0.231,0.300,0.328,0.627
558,Jared Triolo,PIT,R,SS,SS,15,45,41,4.9,0.7,4.2,0.9,10.2,7.2,2.1,0.2,14.7,9.0,3.8,0.3,0.3,0.3,0.4,0.249,0.315,0.361,0.677
559,Miles Mastrobuoni,CHC,L,2b,2b,15,45,40,4.7,0.6,4.1,0.8,10.3,7.6,1.8,0.2,14.6,9.2,3.8,0.2,0.3,0.2,0.3,0.256,0.320,0.360,0.681
560,Livan Soto,LAA,L,SS,SS,15,45,41,4.8,0.6,4.0,0.7,9.4,6.7,1.9,0.2,13.4,9.8,3.5,0.4,0.3,0.3,0.3,0.231,0.293,0.329,0.623
561,Otto Lopez,TOR,R,SS,SS,15,45,40,5.2,0.4,4.4,0.9,10.4,7.1,2.5,0.3,14.8,8.1,3.2,0.5,0.3,0.3,0.4,0.257,0.316,0.369,0.686
562,Yainer Diaz,HOU,R,C,C,15,45,42,5.7,1.5,5.7,0.2,10.8,7.0,2.1,0.2,17.7,8.5,2.2,0.4,0.3,0.3,0.1,0.258,0.297,0.424,0.720
563,Jacob Amaya,MIA,R,SS,SS,15,45,40,4.6,0.8,3.9,0.3,8.8,6.2,1.6,0.2,13.2,10.1,4.2,0.3,0.3,0.3,0.1,0.222,0.297,0.332,0.630
564,Ceddanne Rafaela,BOS,R,OF,OF,15,45,42,5.0,1.1,5.0,1.0,10.2,6.6,2.2,0.3,16.5,9.9,1.8,0.4,0.3,0.3,0.4,0.243,0.278,0.393,0.671
565,Travis Swaggerty,PIT,L,OF,OF,15,45,40,4.8,0.8,4.2,1.0,9.0,6.1,1.7,0.4,14.1,11.9,4.1,0.4,0.3,0.3,0.4,0.225,0.299,0.352,0.650
566,Zack Gelof,OAK,R,3B,3B,15,45,41,4.6,1.1,4.3,0.5,9.2,6.0,2.0,0.2,14.6,13.0,3.1,0.3,0.3,0.3,0.2,0.222,0.276,0.354,0.631
567,Owen Miller,MIL,R,1B/2B,1B/2B,15,45,41,4.6,0.8,4.3,0.3,10.0,6.8,2.2,0.1,14.9,10.1,3.0,0.5,0.3,0.2,0.1,0.242,0.299,0.362,0.661
568,Jonah Bride,OAK,R,2B,2B/3B,15,45,39,4.9,0.7,3.8,0.2,9.2,6.2,2.2,0.1,13.7,8.8,4.5,0.8,0.3,0.3,0.1,0.234,0.319,0.348,0.668
569,Michael Busch,LAD,L,2B,2B,15,45,40,5.4,1.4,5.0,0.3,8.9,5.0,2.5,0.1,15.6,12.8,3.7,0.5,0.3,0.3,0.1,0.224,0.293,0.391,0.684
570,Brenton Doyle,COL,R,OF,OF,15,45,42,5.3,1.5,5.4,0.9,10.7,7.2,1.7,0.3,17.3,12.9,2.0,0.3,0.3,0.3,0.3,0.252,0.286,0.409,0.695
571,Brett Wisely,SF,L,2B,2B,15,45,41,4.7,0.9,4.2,1.2,9.5,6.5,1.8,0.3,14.4,10.2,3.5,0.4,0.3,0.3,0.5,0.233,0.297,0.355,0.652
572,Billy Hamilton,CHW,S,OF,OF,15,44,40,3.8,0.4,3.2,4.1,7.6,5.3,1.6,0.2,10.9,14.1,2.8,0.4,0.3,0.2,1.1,0.190,0.247,0.273,0.520
573,Jake Cave,PHI,L,OF,OF,15,44,40,5.0,1.2,4.8,0.5,9.1,5.7,1.8,0.4,15.4,13.0,3.2,0.6,0.3,0.3,0.2,0.229,0.293,0.386,0.678
574,Pedro Severino,SD,R,C,C,15,44,40,4.9,1.0,4.3,0.2,8.7,5.8,1.9,0.1,13.7,11.2,3.4,0.4,0.3,0.2,0.1,0.219,0.284,0.343,0.627
575,Niko Goodrum,BOS,S,DH,2B,15,44,39,4.5,0.8,4.0,1.2,8.1,5.2,1.9,0.2,12.9,14.5,4.0,0.4,0.3,0.3,0.4,0.208,0.283,0.330,0.613
576,Steven Duggar,LAD,L,OF,OF,15,44,39,4.5,0.8,4.0,1.3,8.1,5.1,2.0,0.3,13.1,15.0,3.5,0.4,0.3,0.3,0.5,0.207,0.275,0.334,0.608
577,Anthony Bemboom,BAL,L,DH,C,15,44,39,4.5,1.0,4.1,0.3,7.9,5.2,1.7,0.1,12.8,11.3,3.5,0.5,0.3,0.3,0.1,0.204,0.274,0.329,0.603
578,Cole Tucker,COL,S,DH,2B/OF,15,44,40,4.6,0.7,4.0,0.9,9.1,6.5,1.6,0.3,13.3,11.4,3.3,0.3,0.3,0.3,0.3,0.228,0.288,0.334,0.622
579,Hoy Park,ATL,L,DH,2B,15,44,38,5.1,0.8,4.1,0.8,8.2,5.6,1.7,0.1,12.6,11.5,4.9,0.4,0.3,0.3,0.3,0.218,0.310,0.335,0.645
580,Brent Rooker,OAK,R,OF,OF,15,44,38,4.9,1.7,4.8,0.3,8.1,4.3,2.0,0.1,15.2,13.9,3.9,0.8,0.3,0.2,0.1,0.212,0.295,0.400,0.694
581,Ivan Herrera,STL,R,C,C,15,44,38,5.1,0.9,4.2,0.5,8.7,6.1,1.6,0.1,13.2,9.8,4.2,0.5,0.3,0.3,0.2,0.227,0.307,0.347,0.654
582,Rylan Bannon,HOU,R,3B,3B,15,44,38,4.9,1.1,4.3,0.5,7.9,4.9,1.8,0.1,13.2,11.9,4.3,0.5,0.3,0.3,0.2,0.206,0.290,0.344,0.634
583,Matthew Batten,SD,R,2B,2B,15,44,40,4.6,0.6,3.8,1.1,8.9,6.4,1.8,0.1,12.6,11.2,3.7,0.3,0.3,0.3,0.4,0.224,0.293,0.318,0.611
584,Liover Peguero,PIT,R,SS,SS,15,44,41,4.4,0.6,3.9,1.1,9.9,7.2,1.9,0.2,14.1,9.2,2.3,0.3,0.3,0.3,0.4,0.242,0.284,0.344,0.628
585,Nick Loftin,KC,R,SS,SS,15,44,40,4.6,0.8,4.1,0.9,9.4,6.7,1.8,0.1,13.9,8.1,2.9,0.5,0.3,0.3,0.4,0.234,0.289,0.344,0.632
586,David Fry,CLE,R,C,C,15,44,39,4.9,1.1,4.6,0.2,8.8,5.4,2.1,0.2,14.7,10.4,3.1,0.6,0.3,0.3,0.1,0.224,0.286,0.373,0.659
587,Michael Stefanic,LAA,R,2B,2B,15,44,39,5.1,0.6,4.1,0.4,9.9,7.3,1.9,0.1,13.9,6.2,4.0,0.7,0.3,0.3,0.2,0.255,0.331,0.357,0.688
588,Mike Tauchman,CHC,L,OF,OF,15,43,37,4.7,0.9,3.9,0.9,8.2,5.5,1.6,0.2,12.9,11.7,4.4,0.5,0.3,0.3,0.3,0.220,0.306,0.345,0.650
589,Tyler Wade,OAK,L,2B,2B/SS/ 3B/OF,15,43,38,4.1,0.5,3.3,2.4,8.4,5.7,2.1,0.1,12.2,9.6,3.6,0.4,0.3,0.3,0.8,0.223,0.293,0.323,0.616
590,Chad Wallach,LAA,R,C,C,15,43,39,4.5,1.0,3.9,0.2,7.4,4.8,1.6,0.1,12.0,13.4,3.5,0.5,0.3,0.3,0.1,0.192,0.264,0.311,0.575
591,Max Schrock,SD,L,OF,2B/OF,14,43,39,4.6,0.7,4.0,0.4,9.1,6.3,2.0,0.2,13.5,8.0,2.7,0.4,0.3,0.3,0.1,0.231,0.284,0.341,0.625
592,Jose Herrera,ARI,S,C,C,15,43,38,4.5,0.6,3.6,0.3,8.3,6.2,1.3,0.2,11.8,10.1,4.2,0.4,0.3,0.3,0.1,0.219,0.298,0.311,0.608
593,Simon Muzziotti,PHI,L,OF,OF,15,43,39,4.7,0.7,4.1,0.9,9.2,6.4,1.7,0.3,13.7,9.3,3.1,0.4,0.3,0.3,0.3,0.234,0.295,0.351,0.646
594,Ben Rortvedt,NYY,L,C,C,15,43,38,4.7,1.2,4.3,0.2,7.7,4.7,1.7,0.1,13.2,12.9,3.2,0.5,0.3,0.3,0.1,0.202,0.267,0.346,0.614
595,Payton Henry,MIL,R,DH,C,15,43,39,4.4,0.9,3.8,0.3,8.1,5.5,1.6,0.1,12.6,13.3,3.1,0.7,0.3,0.3,0.1,0.209,0.276,0.324,0.600
596,Heliot Ramos,SF,R,OF,OF,15,43,39,4.5,1.0,4.1,0.6,9.2,6.5,1.6,0.2,14.0,11.1,3.0,0.4,0.3,0.2,0.3,0.236,0.294,0.358,0.652
597,Maikel Garcia,KC,R,SS,SS,15,43,39,4.6,0.5,3.9,1.3,9.7,7.1,2.0,0.1,13.6,8.6,3.0,0.3,0.3,0.3,0.5,0.246,0.299,0.344,0.643
598,Davis Wendzel,TEX,R,SS,SS,15,43,39,4.3,1.1,4.0,0.3,7.8,5.2,1.5,0.1,12.7,11.9,3.1,0.5,0.3,0.3,0.1,0.198,0.262,0.323,0.584
599,Willie MacIver,COL,R,C,C,15,43,39,4.8,1.1,4.4,0.7,8.7,5.9,1.6,0.1,13.9,11.7,2.8,0.5,0.3,0.3,0.3,0.222,0.278,0.353,0.631
600,Tony Wolters,MIN,L,C,C,15,42,37,3.9,0.4,3.0,0.3,7.4,5.4,1.5,0.1,10.3,11.7,3.4,0.6,0.3,0.3,0.1,0.198,0.271,0.275,0.546
601,Cam Gallagher,CLE,R,DH,C,14,42,38,4.2,0.7,3.7,0.3,8.0,5.4,1.9,0.1,12.2,9.8,3.1,0.3,0.3,0.3,0.1,0.214,0.276,0.324,0.599
602,Roman Quinn,CLE,S,OF,OF,14,42,37,4.5,0.7,3.6,1.7,7.7,5.1,1.6,0.3,12.1,13.6,3.5,0.6,0.3,0.3,0.5,0.210,0.287,0.329,0.616
603,Michael Hermosillo,NYY,R,DH,OF,14,42,37,4.8,1.2,4.4,0.8,7.9,5.0,1.5,0.2,13.5,13.2,3.6,0.9,0.3,0.3,0.3,0.212,0.293,0.361,0.655
604,Matt Thaiss,LAA,L,C,C/1B,15,42,37,5.1,1.2,4.5,0.4,7.9,4.9,1.7,0.1,13.5,10.1,4.7,0.4,0.3,0.2,0.1,0.217,0.309,0.369,0.679
605,Austin Allen,MIA,L,C,C,15,42,39,4.6,1.2,4.4,0.2,8.5,5.6,1.6,0.1,14.1,11.2,2.4,0.5,0.3,0.2,0.1,0.222,0.272,0.366,0.639
606,Rafael Marchan,PHI,S,C,C,15,42,38,4.5,0.6,3.8,0.2,8.8,6.1,1.9,0.1,12.6,6.5,3.0,0.6,0.3,0.3,0.1,0.229,0.293,0.332,0.624
607,Freddy Fermin,KC,R,C,C,15,42,38,4.7,1.0,4.1,0.2,8.5,5.9,1.6,0.1,13.3,8.9,3.4,0.3,0.3,0.3,0.1,0.225,0.289,0.349,0.638
608,Blake Sabol,SF,L,C,C,15,42,38,4.8,1.0,4.2,0.4,8.9,5.9,1.8,0.3,14.2,11.3,3.5,0.3,0.3,0.3,0.2,0.237,0.304,0.375,0.679
609,Colton Welker,SF,R,3b,3b,15,42,38,4.5,1.0,4.1,0.4,8.9,6.2,1.5,0.2,13.8,10.3,3.3,0.5,0.3,0.3,0.2,0.236,0.302,0.366,0.668
610,Jeter Downs,WSH,R,2B,2B,15,42,38,4.4,1.3,4.2,1.1,7.3,4.3,1.6,0.1,13.0,13.2,3.2,0.6,0.3,0.3,0.4,0.194,0.263,0.346,0.609
611,Ehire Adrianza,ATL,S,DH,2B/3B,15,42,38,4.8,0.6,3.9,0.4,8.7,6.0,1.9,0.2,12.7,9.2,3.6,0.5,0.3,0.3,0.2,0.230,0.300,0.336,0.636
612,Chadwick Tromp,ATL,R,C,C,15,41,38,4.6,1.1,4.5,0.2,8.5,5.7,1.6,0.1,13.8,9.8,2.1,0.3,0.3,0.3,0.1,0.222,0.264,0.357,0.621
613,Kyle McCann,OAK,L,C,C,15,41,36,3.8,1.0,3.4,0.2,6.5,3.8,1.7,0.1,11.1,15.0,3.1,0.5,0.3,0.3,0.1,0.179,0.249,0.306,0.555
614,Israel Pineda,WSH,R,C,C,15,41,38,4.4,1.1,4.2,0.3,8.2,5.2,1.8,0.1,13.7,10.6,2.4,0.3,0.3,0.3,0.1,0.218,0.268,0.362,0.630
615,Buddy Kennedy,ARI,R,2B,2B,13,38,34,3.9,0.7,3.5,0.5,8.2,5.9,1.4,0.3,12.1,8.6,3.5,0.4,0.3,0.2,0.2,0.242,0.316,0.358,0.674
616,Dustin Harris,TEX,L,OF,OF,13,37,33,4.2,1.1,4.1,0.8,8.0,5.1,1.7,0.1,13.3,8.2,2.6,0.4,0.3,0.2,0.3,0.243,0.302,0.402,0.704
617,Yadiel Hernandez,WSH,L,OF,OF,13,36,33,4.0,1.1,4.1,0.3,8.2,5.4,1.7,0.1,13.3,8.4,2.4,0.3,0.3,0.2,0.1,0.250,0.303,0.405,0.708
618,Kyle Garlick,MIN,R,OF,OF,12,35,32,4.1,1.4,4.3,0.2,7.2,4.0,1.6,0.1,13.3,10.5,2.2,0.4,0.3,0.2,0.1,0.226,0.281,0.419,0.701
619,David Dahl,SD,L,OF,OF,11,32,29,3.5,0.8,3.4,0.2,6.8,4.3,1.7,0.1,11.0,8.1,2.0,0.2,0.2,0.2,0.1,0.234,0.285,0.377,0.662
620,Abraham Almonte,NYM,S,OF,OF,11,32,27,3.7,0.9,3.2,0.4,5.9,3.7,1.3,0.1,9.9,8.3,3.9,0.3,0.2,0.2,0.2,0.218,0.319,0.365,0.685
621,Luis Liberato,SD,L,OF,OF,11,32,29,3.6,0.9,3.4,0.3,6.1,3.6,1.5,0.1,10.4,8.9,2.6,0.2,0.2,0.2,0.1,0.211,0.280,0.360,0.640
622,Joe Perez,HOU,R,3B,3B,11,32,29,3.5,0.7,3.3,0.2,6.8,4.4,1.6,0.1,10.7,8.4,2.0,0.2,0.2,0.2,0.1,0.235,0.285,0.369,0.654
623,Jonny Deluca,LAD,R,OF,OF,11,32,29,3.9,1.3,4.0,0.5,6.7,3.8,1.5,0.1,12.3,6.5,2.2,0.3,0.2,0.2,0.2,0.236,0.292,0.431,0.723
624,Brayan Rocchio,CLE,S,SS,SS,11,32,29,3.6,0.7,3.3,0.6,7.1,4.7,1.7,0.1,11.1,6.3,2.1,0.4,0.2,0.2,0.2,0.242,0.299,0.376,0.675
625,Jose Tena,CLE,L,SS,SS,11,32,30,3.3,0.6,3.1,0.3,7.1,4.7,1.7,0.1,10.8,7.6,1.3,0.2,0.2,0.2,0.1,0.241,0.275,0.366,0.641
626,Leo Jimenez,TOR,R,SS,SS,11,32,28,3.2,0.4,2.6,0.3,5.6,3.8,1.2,0.1,8.1,7.3,2.3,0.6,0.2,0.2,0.1,0.198,0.268,0.290,0.558
627,Jorge Barrosa,ARI,S,OF,OF,11,32,29,3.4,0.6,3.0,0.8,6.9,4.9,1.3,0.1,10.2,6.4,2.5,0.3,0.2,0.2,0.3,0.240,0.302,0.352,0.654
628,Osleivis Basabe,TB,R,SS,SS,11,32,29,3.4,0.3,2.9,0.5,7.5,5.2,1.8,0.1,10.4,5.0,1.8,0.3,0.2,0.2,0.2,0.254,0.300,0.354,0.654
629,Curtis Mead,TB,R,3B,3B,11,32,29,3.7,0.8,3.5,0.3,7.1,4.3,1.9,0.1,11.5,6.9,2.3,0.4,0.2,0.2,0.1,0.246,0.305,0.400,0.705
630,Jhonkensy Noel,CLE,R,3B,3B,11,32,29,3.7,1.2,3.8,0.2,6.6,3.9,1.4,0.1,11.8,8.9,2.1,0.4,0.2,0.2,0.1,0.223,0.278,0.399,0.678
631,Andy Pages,LAD,R,OF,OF,11,32,28,3.8,1.2,3.8,0.2,6.1,3.3,1.5,0.1,11.5,8.8,2.5,0.5,0.2,0.2,0.1,0.217,0.286,0.407,0.693
632,Vinny Capra,TOR,R,SS,SS,11,32,29,3.8,0.7,3.5,0.3,6.8,4.2,1.7,0.1,11.0,7.3,2.7,0.3,0.2,0.2,0.1,0.235,0.303,0.380,0.683
633,Orelvis Martinez,TOR,R,SS,SS,11,32,29,3.8,1.3,4.0,0.3,6.0,3.1,1.5,0.0,11.6,8.8,1.8,0.4,0.2,0.2,0.1,0.208,0.261,0.403,0.663
634,Angel Martinez,CLE,S,SS,SS,11,32,29,3.5,0.6,3.1,0.4,6.7,4.4,1.7,0.1,10.4,6.8,2.5,0.3,0.2,0.2,0.2,0.231,0.295,0.355,0.650
635,Jonatan Clase,SEA,L,OF,OF,11,32,29,2.8,0.5,2.4,0.9,5.0,3.5,1.0,0.1,7.7,10.4,2.0,0.3,0.2,0.2,0.3,0.176,0.235,0.269,0.504
636,Juan Brito,CLE,S,2B,2B,11,32,29,3.0,0.4,2.5,0.4,5.8,4.2,1.2,0.1,8.3,6.6,2.5,0.3,0.2,0.2,0.2,0.201,0.269,0.286,0.555
637,Andrew Knapp,SF,S,DH,C,11,31,28,3.0,0.6,2.6,0.2,5.6,3.9,1.1,0.1,8.6,9.0,2.5,0.4,0.2,0.2,0.1,0.202,0.273,0.310,0.583
638,Josh Lester,BAL,L,3b,3b,11,31,28,3.5,1.2,3.6,0.2,6.1,3.3,1.5,0.1,11.2,8.0,1.9,0.3,0.2,0.2,0.1,0.217,0.270,0.401,0.671
639,Josh Palacios,PIT,L,OF,OF,11,31,28,3.4,0.6,3.0,0.9,6.9,4.7,1.5,0.1,10.4,6.6,2.6,0.5,0.2,0.2,0.4,0.246,0.317,0.372,0.688
640,Sergio Alcantara,CHC,S,3B,2B/SS/ 3B,11,31,28,3.2,0.6,2.8,0.4,6.3,4.5,1.0,0.2,9.4,7.8,2.8,0.3,0.2,0.2,0.2,0.226,0.299,0.339,0.637
641,Diego Castillo,ARI,R,2B/SS/ OF,2B/SS/ OF,11,31,28,3.3,0.9,3.3,0.3,6.8,4.5,1.3,0.1,10.8,6.9,2.1,0.3,0.2,0.1,0.1,0.238,0.296,0.380,0.676
642,Moises Gomez,STL,R,OF,OF,11,31,28,3.8,1.3,3.9,0.3,6.2,3.6,1.2,0.1,11.6,10.8,2.2,0.3,0.2,0.2,0.1,0.219,0.278,0.409,0.687
643,P.J. Higgins,ARI,R,C/1B,C/1B,11,31,27,3.2,0.5,2.7,0.1,6.2,4.3,1.2,0.1,9.2,7.8,2.9,0.4,0.2,0.2,0.1,0.224,0.302,0.335,0.637
644,Khalil Lee,NYM,L,OF,OF,11,31,26,3.3,0.7,2.8,0.6,5.3,3.3,1.3,0.1,8.8,10.9,3.1,0.7,0.2,0.2,0.2,0.202,0.299,0.335,0.634
645,Xavier Edwards,MIA,S,SS,SS,11,31,28,3.0,0.3,2.4,0.6,6.7,5.1,1.2,0.1,8.9,5.8,2.4,0.2,0.2,0.2,0.2,0.239,0.299,0.318,0.617
646,Greg Jones,TB,S,SS,SS,11,31,28,2.9,0.5,2.6,1.2,5.7,3.9,1.2,0.1,8.6,10.8,1.8,0.4,0.2,0.2,0.4,0.202,0.258,0.305,0.563
647,Everson Pereira,NYY,R,OF,OF,11,31,29,3.6,0.9,3.5,0.5,6.6,4.3,1.2,0.2,11.0,9.1,2.1,0.3,0.2,0.2,0.2,0.232,0.288,0.386,0.673
648,Diego Hernandez,KC,L,OF,OF,11,31,28,3.1,0.4,2.8,1.0,6.9,5.0,1.3,0.1,9.7,6.7,1.7,0.3,0.2,0.2,0.4,0.245,0.290,0.347,0.637
649,Johan Rojas,PHI,R,OF,OF,11,31,29,3.2,0.5,2.9,1.3,6.5,4.6,1.3,0.2,9.7,6.3,1.8,0.3,0.2,0.2,0.5,0.228,0.275,0.340,0.615
650,Jose Rodriguez,CHW,R,SS,SS,11,31,29,3.3,0.6,3.1,1.0,7.0,4.7,1.7,0.2,10.7,4.9,1.6,0.2,0.2,0.2,0.4,0.246,0.286,0.374,0.660
651,Alberto Rodriguez,SEA,L,OF,OF,11,31,28,2.9,0.5,2.6,0.2,5.6,3.8,1.2,0.1,8.5,8.9,1.9,0.3,0.2,0.2,0.1,0.201,0.256,0.304,0.560
652,Connor Norby,BAL,R,2B,2B,11,31,28,3.6,1.0,3.5,0.4,6.7,4.4,1.2,0.1,11.0,6.8,2.2,0.3,0.2,0.2,0.2,0.241,0.299,0.396,0.695
653,Diego Cartaya,LAD,R,C,C,11,31,27,3.3,0.9,3.1,0.1,5.2,3.2,1.0,0.0,9.1,9.5,2.4,0.4,0.2,0.2,0.1,0.190,0.262,0.333,0.594
654,Marco Luciano,SF,R,SS,SS,11,31,28,2.9,0.7,2.7,0.2,5.8,4.3,0.8,0.1,8.8,7.8,1.9,0.3,0.2,0.2,0.1,0.205,0.259,0.309,0.568
655,Noelvi Marte,CIN,R,SS,SS,11,31,28,3.2,0.8,3.0,0.5,6.3,4.1,1.4,0.0,10.1,7.5,2.3,0.3,0.2,0.2,0.2,0.223,0.286,0.359,0.646
656,Luis Matos,SF,R,OF,OF,11,31,29,2.9,0.6,2.7,0.4,6.2,4.6,0.9,0.1,9.1,5.8,1.5,0.3,0.2,0.2,0.1,0.215,0.257,0.316,0.573
657,Warming Bernabel,COL,R,3B,3B,11,31,29,3.4,0.7,3.3,0.6,7.1,5.1,1.1,0.1,10.6,5.5,1.4,0.3,0.2,0.2,0.2,0.243,0.280,0.364,0.644
658,Luisangel Acuna,TEX,R,SS,SS,11,31,28,3.0,0.5,2.7,1.0,6.2,4.5,1.1,0.1,9.1,7.8,2.2,0.2,0.2,0.2,0.4,0.225,0.283,0.329,0.612
659,Bryan Ramos,CHW,R,3B,3B,11,31,28,3.5,0.9,3.4,0.2,6.4,3.9,1.5,0.1,10.8,6.6,1.9,0.3,0.2,0.2,0.1,0.227,0.280,0.385,0.665
660,Kaden Polcovich,SEA,L,2B,2B,11,31,27,3.0,0.5,2.6,0.4,5.4,3.5,1.3,0.1,8.4,8.4,2.4,0.4,0.2,0.2,0.2,0.198,0.269,0.307,0.576
661,Troy Johnston,MIA,L,OF,OF,11,31,28,3.2,0.6,2.9,0.2,6.4,4.5,1.2,0.1,9.6,7.1,2.4,0.3,0.2,0.2,0.1,0.229,0.294,0.346,0.640
662,Blaine Crim,TEX,R,1B,1B,11,31,28,3.4,0.9,3.3,0.1,6.7,4.6,1.2,0.0,10.7,6.6,1.6,0.4,0.2,0.2,0.1,0.240,0.287,0.381,0.668
663,Wynton Bernard,COL,R,OF,OF,11,30,28,3.7,0.7,3.4,1.1,7.4,5.1,1.3,0.3,11.5,5.7,1.8,0.3,0.2,0.2,0.4,0.268,0.313,0.416,0.729
664,Dom Nunez,COL,L,DH,C,11,30,26,3.3,0.8,2.9,0.2,5.2,3.3,1.0,0.2,8.8,8.5,2.9,0.2,0.2,0.2,0.1,0.198,0.278,0.333,0.611
665,Guillermo Heredia,FA,R,OF,OF,11,30,27,3.2,0.6,2.9,0.2,5.7,3.7,1.3,0.1,9.2,8.1,2.3,0.4,0.2,0.2,0.1,0.213,0.282,0.341,0.623
666,Mitch Moreland,FA,L,DH,1B,11,30,27,3.4,1.1,3.5,0.2,6.2,3.8,1.2,0.1,10.8,7.2,2.1,0.3,0.2,0.1,0.1,0.226,0.286,0.394,0.680
667,Vimael Machin,OAK,L,3B,3B,11,30,26,3.1,0.4,2.5,0.2,6.2,4.2,1.5,0.1,9.1,5.6,2.8,0.3,0.2,0.2,0.1,0.235,0.310,0.346,0.656
668,Michael Perez,NYM,L,C,C,11,30,26,3.2,0.9,2.9,0.2,5.2,3.3,1.0,0.1,8.8,8.3,2.5,0.3,0.2,0.2,0.1,0.195,0.269,0.335,0.604
669,Esteban Quiroz,CHC,L,SS,SS,11,30,26,3.3,0.6,2.7,0.3,5.8,3.9,1.1,0.1,8.9,7.3,3.3,0.5,0.2,0.2,0.1,0.222,0.317,0.343,0.660
670,Franchy Cordero,BAL,L,1B/OF,1B/OF,11,30,26,3.4,0.9,3.3,0.5,6.0,3.5,1.5,0.1,10.4,9.5,2.6,0.2,0.2,0.2,0.2,0.227,0.298,0.395,0.692
671,Ben DeLuzio,CHC,R,OF,OF,11,30,27,3.0,0.4,2.6,1.0,6.3,4.4,1.1,0.3,9.3,7.7,2.1,0.4,0.2,0.2,0.4,0.232,0.292,0.343,0.635
672,Meibrys Viloria,CLE,L,DH,C,11,30,26,3.2,0.6,2.6,0.2,5.3,3.4,1.3,0.1,8.4,9.4,3.5,0.4,0.2,0.2,0.1,0.204,0.303,0.322,0.625
673,Brendan McKay,TB,L,1B,1B,11,30,27,3.3,1.0,3.2,0.4,5.5,3.5,1.0,0.1,9.6,8.8,2.3,0.3,0.2,0.2,0.2,0.206,0.274,0.358,0.632
674,Andrew Bechtold,MIN,R,3B,3B,11,30,27,3.1,0.7,2.8,0.1,5.5,3.4,1.3,0.0,9.0,9.6,2.5,0.2,0.2,0.2,0.1,0.203,0.272,0.335,0.607
675,Travis Blankenhorn,WSH,L,2b,2b,11,30,27,3.4,0.9,3.2,0.4,6.3,3.7,1.6,0.0,10.7,8.2,2.0,0.3,0.2,0.2,0.1,0.229,0.286,0.391,0.677
676,Brett Sullivan,SD,L,C,C,11,30,27,3.3,0.5,2.9,0.2,6.1,3.9,1.5,0.1,9.4,4.9,2.0,0.3,0.2,0.2,0.1,0.223,0.281,0.345,0.626
677,Jhailyn Ortiz,PHI,R,OF,OF,11,30,27,3.3,1.0,3.2,0.3,5.8,3.6,1.1,0.1,10.0,9.6,2.1,0.4,0.2,0.2,0.1,0.211,0.273,0.367,0.640
678,Hunter Stovall,COL,R,2B,2B,11,30,28,3.3,0.4,3.0,0.5,7.2,5.2,1.4,0.2,10.3,6.2,1.8,0.2,0.2,0.2,0.2,0.260,0.306,0.371,0.677
679,Ronnie Dawson,FA,L,OF,OF,11,30,27,3.2,0.7,2.9,0.5,5.7,3.7,1.3,0.1,9.1,7.9,2.4,0.4,0.2,0.2,0.2,0.214,0.285,0.340,0.625
680,Sean Reynolds,MIA,L,1B,1B,11,30,27,2.9,1.0,2.9,0.4,4.8,3.1,0.6,0.1,8.6,10.0,1.9,0.3,0.2,0.2,0.1,0.174,0.233,0.313,0.545
681,Lawrence Butler,OAK,L,OF,OF,11,30,27,2.7,0.6,2.5,0.5,5.3,3.5,1.2,0.1,8.4,10.0,2.1,0.2,0.2,0.2,0.2,0.195,0.253,0.310,0.563
682,Mark Contreras,MIN,L,DH,OF,11,30,27,3.2,0.9,3.1,0.7,5.6,3.3,1.3,0.1,9.8,9.6,2.0,0.4,0.2,0.2,0.2,0.206,0.268,0.362,0.630
683,Blaze Alexander,ARI,R,SS,SS,11,30,27,3.2,0.7,2.9,0.4,6.2,4.2,1.1,0.1,9.7,8.5,2.0,0.4,0.2,0.2,0.2,0.227,0.286,0.357,0.642
684,Julio Carreras,COL,R,SS,SS,11,30,28,3.3,0.5,3.1,0.5,7.2,4.9,1.6,0.1,10.5,7.1,1.4,0.3,0.2,0.2,0.2,0.255,0.293,0.374,0.667
685,Jonathan Ornelas,TEX,R,SS,SS,11,30,27,2.9,0.4,2.6,0.4,6.5,4.8,1.2,0.1,9.2,6.7,1.5,0.3,0.2,0.2,0.2,0.236,0.279,0.335,0.614
686,Jeremy De La Rosa,WSH,L,OF,OF,11,30,28,2.7,0.5,2.5,0.7,5.6,3.8,1.2,0.1,8.6,9.0,1.7,0.2,0.2,0.2,0.3,0.201,0.250,0.307,0.557
687,Cade Marlowe,SEA,L,OF,OF,11,30,27,3.1,0.8,2.9,0.8,5.5,3.4,1.2,0.1,9.3,9.8,2.0,0.3,0.2,0.2,0.3,0.208,0.268,0.349,0.617
688,Clay Dungan,KC,L,SS,SS,11,30,27,2.9,0.3,2.5,0.6,5.9,4.2,1.2,0.2,8.5,5.9,1.9,0.4,0.2,0.2,0.2,0.221,0.279,0.317,0.596
689,Dustin Garneau,FA,R,C,C,11,30,27,3.2,0.8,2.9,0.2,5.0,3.0,1.1,0.1,8.8,9.1,2.3,0.5,0.2,0.2,0.1,0.188,0.259,0.328,0.588
690,Brett Gardner,FA,L,OF,OF,11,30,26,3.3,0.6,2.8,0.4,5.6,3.7,1.1,0.2,8.9,7.3,3.0,0.3,0.2,0.2,0.1,0.215,0.298,0.340,0.638
691,Stephen Piscotty,SF,R,OF,OF,11,29,27,3.0,0.8,3.0,0.3,5.9,4.1,1.0,0.1,9.6,8.2,1.9,0.3,0.2,0.1,0.1,0.224,0.281,0.361,0.642
692,Austin Romine,CIN,R,C,C,11,29,27,2.9,0.7,2.8,0.2,5.9,3.7,1.4,0.1,9.5,9.1,1.3,0.2,0.2,0.2,0.1,0.216,0.255,0.350,0.605
693,Jack Mayfield,FA,R,DH,2B/3B/ OF,11,29,27,3.0,0.7,2.9,0.4,5.8,3.7,1.2,0.2,9.5,6.5,1.5,0.3,0.2,0.2,0.2,0.216,0.263,0.355,0.618
694,Jason Delay,PIT,R,C,C,11,29,27,2.8,0.5,2.4,0.3,5.6,3.9,1.1,0.1,8.3,7.7,1.6,0.3,0.2,0.2,0.1,0.210,0.259,0.311,0.570
695,Chuckie Robinson,CIN,R,DH,C,11,29,27,3.1,0.8,2.9,0.3,6.0,3.6,1.5,0.1,9.9,7.1,1.7,0.3,0.2,0.2,0.1,0.224,0.276,0.372,0.647
696,Cody Thomas,OAK,L,OF,OF,11,29,26,2.9,0.8,2.8,0.2,5.3,3.0,1.4,0.1,9.4,9.8,2.1,0.3,0.2,0.2,0.1,0.203,0.265,0.357,0.622
697,Tres Barrera,WSH,R,DH,C,11,29,26,2.9,0.6,2.6,0.2,5.5,3.6,1.2,0.1,8.6,7.0,2.3,0.3,0.2,0.2,0.1,0.209,0.278,0.328,0.606
698,Jake Noll,WSH,R,2b,2b,11,29,27,3.0,0.6,2.9,0.2,6.5,4.3,1.5,0.1,10.1,5.9,1.3,0.3,0.2,0.2,0.1,0.238,0.277,0.370,0.647
699,Ernie Clement,OAK,R,DH,2B/3B/ OF,11,29,26,2.7,0.3,2.4,0.2,6.2,4.4,1.4,0.1,8.9,4.5,1.7,0.3,0.2,0.2,0.1,0.234,0.283,0.334,0.617
700,Bryan Lavastida,CLE,R,C,C,11,29,26,3.2,0.6,2.8,0.4,6.0,4.0,1.2,0.2,9.2,6.8,2.2,0.3,0.2,0.2,0.2,0.225,0.289,0.350,0.639
701,Evan Carter,TEX,L,OF,OF,10,28,25,2.9,0.5,2.5,0.6,5.4,3.7,1.1,0.1,8.2,6.3,2.4,0.3,0.2,0.2,0.3,0.218,0.294,0.335,0.629
702,Matt Adams,WSH,L,DH,DH,11,28,26,3.2,1.1,3.3,0.4,5.6,3.2,1.1,0.1,10.3,8.1,1.6,0.3,0.2,0.2,0.1,0.216,0.266,0.398,0.664
703,Justyn-Henry Malloy,DET,R,OF,OF,9,25,22,2.8,0.6,2.4,0.2,5.1,3.5,1.0,0.0,7.9,6.6,2.6,0.2,0.2,0.2,0.1,0.231,0.311,0.357,0.668
704,Parker Meadows,DET,L,OF,OF,9,25,23,2.7,0.6,2.5,0.3,5.2,3.6,0.8,0.2,8.2,5.4,1.8,0.2,0.2,0.2,0.1,0.227,0.284,0.356,0.639
705,Adeiny Hechavarria,ATL,R,2B/3B,2B/3B,9,24,22,2.6,0.4,2.4,0.3,5.3,3.8,1.0,0.1,7.7,4.9,1.4,0.2,0.2,0.2,0.1,0.237,0.285,0.346,0.630
706,Zac Veen,COL,L,OF,OF,9,24,22,2.8,0.6,2.5,0.9,5.3,3.7,0.9,0.1,8.1,6.1,2.0,0.2,0.2,0.1,0.4,0.246,0.309,0.374,0.683
707,Skye Bolt,MIL,S,OF,OF,9,23,21,2.6,0.6,2.4,0.5,4.6,2.9,1.0,0.1,7.6,6.1,1.8,0.3,0.2,0.2,0.2,0.223,0.291,0.368,0.659
708,Zack Short,DET,R,SS,SS,9,23,20,2.3,0.5,2.0,0.3,3.9,2.5,0.9,0.0,6.3,6.8,2.6,0.2,0.2,0.1,0.1,0.195,0.290,0.315,0.605
709,Cal Stevenson,OAK,L,DH,OF,9,23,20,2.4,0.4,1.9,0.5,4.5,3.0,1.0,0.1,6.8,5.6,2.5,0.2,0.2,0.2,0.2,0.224,0.310,0.338,0.649
710,Wenceel Perez,DET,S,SS,SS,9,23,21,2.4,0.4,2.2,0.4,5.2,3.7,0.9,0.2,7.6,4.1,1.5,0.2,0.2,0.1,0.2,0.242,0.294,0.357,0.651
711,Dillon Dingler,DET,R,C,C,9,23,21,2.4,0.5,2.2,0.1,4.5,3.0,0.9,0.1,7.1,7.0,1.6,0.4,0.2,0.1,0.0,0.212,0.273,0.340,0.613
712,Erik Gonzalez,MIA,R,SS,SS,7,17,16,1.5,0.2,1.4,0.2,3.7,2.8,0.7,0.1,5.0,3.9,0.8,0.1,0.1,0.1,0.1,0.235,0.275,0.315,0.590
713,Terrance Gore,NYM,R,OF,OF,7,17,15,1.6,0.2,1.3,1.1,2.9,2.1,0.5,0.1,4.1,5.7,1.5,0.2,0.1,0.1,0.4,0.187,0.265,0.267,0.531
714,Greg Allen,BOS,S,OF,OF,7,17,15,1.8,0.3,1.5,0.8,3.4,2.3,0.7,0.1,5.0,4.6,1.2,0.4,0.1,0.1,0.2,0.225,0.297,0.335,0.632
715,Lucius Fox,WSH,S,SS,SS,7,17,15,1.6,0.2,1.3,0.5,3.1,2.1,0.8,0.1,4.6,4.5,1.4,0.2,0.1,0.1,0.2,0.209,0.278,0.310,0.588
716,Jermaine Palacios,DET,R,DH,2B/SS,7,17,15,1.7,0.4,1.6,0.3,3.4,2.3,0.7,0.0,5.3,4.3,1.0,0.1,0.1,0.1,0.1,0.225,0.274,0.348,0.622
717,Adam Haseley,CHW,L,OF,OF,7,17,15,1.9,0.4,1.8,0.3,3.6,2.4,0.7,0.1,5.7,3.5,1.1,0.2,0.1,0.1,0.1,0.235,0.289,0.374,0.663
718,Michael Papierski,DET,S,C,C,7,17,14,1.7,0.3,1.3,0.1,2.8,2.0,0.5,0.0,4.2,3.8,1.8,0.2,0.1,0.1,0.0,0.197,0.289,0.293,0.582
719,Ronaldo Hernandez,BOS,R,C,C,7,17,16,2.0,0.5,1.9,0.1,3.8,2.4,0.9,0.0,6.2,3.7,0.7,0.2,0.1,0.1,0.0,0.238,0.274,0.391,0.665
720,Luke Williams,LAD,R,DH,2B/3B/ OF,7,17,16,1.8,0.3,1.6,0.9,3.4,2.2,0.8,0.1,5.3,4.8,1.3,0.1,0.1,0.1,0.3,0.218,0.280,0.338,0.618
721,Miguel Amaya,CHC,R,C,C,7,17,15,1.9,0.4,1.7,0.2,3.3,2.1,0.6,0.1,5.3,4.3,1.7,0.2,0.1,0.1,0.1,0.219,0.305,0.355,0.659
722,Mario Feliciano,DET,R,C,C,7,17,15,1.8,0.4,1.7,0.2,3.8,2.6,0.7,0.0,5.8,3.2,0.9,0.2,0.1,0.1,0.1,0.249,0.293,0.380,0.673
723,Yusniel Diaz,LAD,R,OF,OF,7,17,15,1.9,0.4,1.7,0.2,3.3,2.0,0.8,0.0,5.4,5.0,1.4,0.1,0.1,0.1,0.1,0.212,0.278,0.351,0.629
724,Steele Walker,DET,L,OF,OF,7,17,15,1.7,0.4,1.6,0.2,3.4,2.4,0.6,0.1,5.2,3.4,1.1,0.2,0.1,0.1,0.1,0.226,0.280,0.349,0.629
725,Alexander Canario,CHC,R,OF,OF,7,17,16,2.0,0.7,2.0,0.3,3.5,2.1,0.7,0.1,6.4,4.9,1.2,0.1,0.1,0.1,0.1,0.226,0.286,0.410,0.696
726,Jared Young,CHC,L,2B,2B,7,17,15,1.8,0.4,1.7,0.1,3.5,2.4,0.6,0.1,5.7,4.4,1.2,0.2,0.1,0.1,0.1,0.229,0.290,0.368,0.657
727,Mason Martin,PIT,L,1B,1B,7,17,16,1.9,0.6,1.8,0.2,3.2,1.7,0.8,0.1,5.9,5.7,1.2,0.2,0.1,0.1,0.1,0.206,0.269,0.380,0.649
728,Wilyer Abreu,BOS,L,OF,OF,7,17,15,1.9,0.4,1.6,0.4,3.1,2.0,0.8,0.0,5.1,5.2,1.9,0.2,0.1,0.1,0.1,0.214,0.306,0.349,0.655
729,Jorbit Vivas,LAD,L,2B,2B,7,17,16,1.8,0.2,1.5,0.1,3.5,2.5,0.7,0.1,5.1,2.6,1.2,0.3,0.1,0.1,0.0,0.226,0.292,0.325,0.617
730,Eddys Leonard,LAD,R,SS,SS,7,17,16,1.8,0.4,1.7,0.1,3.4,2.3,0.8,0.0,5.4,4.1,1.0,0.3,0.1,0.1,0.0,0.217,0.269,0.339,0.608
731,Stephen Scott,BOS,L,OF,OF,7,17,15,1.9,0.3,1.6,0.2,3.2,2.0,0.8,0.1,5.1,4.0,1.7,0.1,0.1,0.1,0.1,0.216,0.298,0.344,0.642
732,Brennen Davis,CHC,R,OF,OF,7,17,15,1.9,0.5,1.7,0.2,3.3,2.1,0.7,0.0,5.5,5.1,1.5,0.3,0.1,0.1,0.1,0.217,0.297,0.362,0.659
733,Devlin Granberg,BOS,R,OF,OF,7,17,15,1.9,0.3,1.7,0.2,3.8,2.5,0.8,0.1,5.8,3.7,1.1,0.3,0.1,0.1,0.1,0.246,0.304,0.375,0.679
734,Ryan Fitzgerald,BOS,L,SS,SS,7,17,15,1.8,0.3,1.6,0.2,3.2,2.0,0.8,0.1,5.2,4.5,1.2,0.2,0.1,0.1,0.1,0.210,0.272,0.337,0.609
735,Kevin Alcantara,CHC,R,OF,OF,7,17,16,1.6,0.4,1.5,0.2,3.1,2.3,0.4,0.0,4.7,4.9,1.0,0.2,0.1,0.1,0.1,0.197,0.248,0.299,0.547
736,Andre Lipcius,DET,R,2B,2B,7,17,15,1.8,0.2,1.5,0.2,3.5,2.4,0.8,0.1,5.1,3.2,1.6,0.1,0.1,0.1,0.1,0.237,0.313,0.348,0.661
737,Jordan Lawlar,ARI,R,SS,SS,7,17,16,1.8,0.3,1.6,0.4,3.6,2.6,0.7,0.1,5.5,4.6,1.2,0.2,0.1,0.1,0.2,0.235,0.293,0.355,0.648
738,Mark Kolozsvary,BAL,R,C,C,7,16,14,1.6,0.3,1.3,0.1,2.6,1.6,0.6,0.0,4.2,5.3,1.3,0.3,0.1,0.1,0.0,0.183,0.261,0.298,0.559
739,Daz Cameron,BAL,R,DH,OF,7,16,14,1.6,0.4,1.5,0.4,3.1,2.0,0.7,0.1,4.9,4.6,1.1,0.2,0.1,0.1,0.1,0.217,0.279,0.347,0.626
740,Sebastian Rivero,CHW,R,C,C,7,16,15,1.7,0.3,1.5,0.1,3.1,1.9,0.8,0.0,5.1,4.3,0.9,0.2,0.1,0.1,0.1,0.213,0.266,0.345,0.611
741,Jasson Dominguez,NYY,S,OF,OF,7,16,15,1.7,0.4,1.5,0.3,3.0,2.1,0.5,0.1,4.7,4.6,1.2,0.1,0.1,0.1,0.1,0.206,0.269,0.325,0.593
742,Pablo Reyes,OAK,R,3B,3B,7,15,14,1.6,0.3,1.4,0.3,3.2,2.0,0.8,0.0,5.0,2.9,1.1,0.2,0.1,0.1,0.1,0.229,0.288,0.359,0.647
743,Caleb Hamilton,BOS,R,2B,2B,5,10,9,1.1,0.2,0.9,0.1,1.6,1.0,0.3,0.0,2.7,3.3,1.1,0.1,0.1,0.1,0.0,0.182,0.274,0.310,0.583